age,gender,height_cm,weight_kg,bmi,physical_activity,eating_habits,family_history,obesity_level
54,M,174.6,128.0,41.97,Low,Unhealthy,No,Obese Type III
25,F,186.8,53.9,15.45,Moderate,Healthy,No,Underweight
24,M,147.2,56.3,26.0,High,Moderate,Yes,Overweight
31,M,156.8,48.7,19.79,Moderate,Moderate,No,Normal
20,M,189.5,120.3,33.49,High,Unhealthy,No,Obese Type I
33,F,145.5,56.9,26.9,Low,Moderate,Yes,Overweight
36,M,155.1,124.2,51.63,High,Healthy,Yes,Obese Type III
35,M,193.0,74.2,19.93,Moderate,Moderate,No,Normal
33,M,175.7,78.5,25.45,Low,Healthy,No,Overweight
25,F,158.1,69.6,27.85,Moderate,Moderate,Yes,Overweight
50,M,148.3,58.6,26.62,High,Healthy,Yes,Overweight
29,M,146.4,63.7,29.7,Low,Healthy,No,Overweight
28,M,157.2,56.1,22.69,Moderate,Moderate,Yes,Normal
22,M,189.1,51.1,14.29,High,Moderate,No,Underweight
44,F,165.8,70.1,25.51,Low,Healthy,Yes,Overweight
29,M,181.0,48.3,14.75,Moderate,Unhealthy,No,Underweight
34,F,190.9,103.7,28.45,Moderate,Healthy,Yes,Overweight
23,F,165.4,62.3,22.78,Low,Moderate,Yes,Normal
50,F,154.6,53.6,22.43,Moderate,Moderate,No,Normal
22,M,170.9,82.3,28.2,Low,Unhealthy,Yes,Overweight
45,F,190.4,185.8,51.25,Moderate,Moderate,Yes,Obese Type III
31,M,185.2,61.4,17.9,Low,Moderate,No,Underweight
22,F,148.3,40.0,18.19,Low,Healthy,Yes,Underweight
50,F,179.6,67.6,20.95,Moderate,Moderate,Yes,Normal
58,F,173.6,43.7,14.49,Low,Unhealthy,Yes,Underweight
36,F,190.4,125.5,34.63,Low,Healthy,No,Obese Type I
39,F,151.1,65.1,28.51,High,Moderate,No,Overweight
22,F,171.7,92.2,31.29,High,Healthy,No,Obese Type I
19,F,189.0,50.0,14.01,High,Moderate,No,Underweight
47,F,165.5,54.9,20.05,Moderate,Moderate,Yes,Normal
64,M,169.1,42.3,14.79,High,Moderate,Yes,Underweight
56,M,148.5,53.7,24.36,High,Moderate,No,Normal
21,F,158.9,55.4,21.94,Moderate,Unhealthy,No,Normal
50,F,161.2,71.9,27.66,Low,Unhealthy,No,Overweight
30,F,192.3,56.9,15.4,Low,Healthy,No,Underweight
37,M,159.1,39.9,15.74,Moderate,Moderate,Yes,Underweight
24,F,168.0,62.4,22.09,High,Healthy,No,Normal
32,M,178.6,104.0,32.61,Moderate,Unhealthy,No,Obese Type I
40,M,153.1,63.1,26.9,Moderate,Healthy,Yes,Overweight
31,M,169.3,103.4,36.07,Low,Moderate,Yes,Obese Type II
40,M,181.9,111.6,33.71,Low,Moderate,No,Obese Type I
36,M,188.3,93.9,26.46,Moderate,Moderate,No,Overweight
46,F,176.3,79.1,25.46,High,Healthy,No,Overweight
37,F,178.5,46.1,14.49,Low,Moderate,No,Underweight
46,F,151.3,49.7,21.73,High,Moderate,No,Normal
41,F,192.3,133.7,36.15,Low,Unhealthy,Yes,Obese Type II
35,F,151.6,118.3,51.46,Moderate,Moderate,No,Obese Type III
27,M,183.7,169.0,50.05,Moderate,Healthy,No,Obese Type III
58,F,158.2,47.5,18.97,High,Unhealthy,No,Normal
25,F,191.7,101.9,27.74,Low,Moderate,No,Overweight
43,M,181.0,130.6,39.88,Low,Unhealthy,No,Obese Type II
46,F,182.7,89.1,26.69,Low,Healthy,Yes,Overweight
27,M,156.0,45.1,18.53,High,Healthy,No,Normal
34,F,167.2,77.5,27.72,Low,Moderate,No,Overweight
19,M,175.9,115.9,37.47,Low,Unhealthy,No,Obese Type II
23,F,183.5,160.1,47.54,Moderate,Moderate,Yes,Obese Type III
22,F,150.2,80.6,35.73,Moderate,Unhealthy,Yes,Obese Type II
45,M,193.1,142.9,38.31,High,Moderate,No,Obese Type II
58,M,189.5,70.8,19.71,High,Unhealthy,No,Normal
22,M,158.5,101.5,40.39,Moderate,Moderate,Yes,Obese Type III
35,M,186.1,91.9,26.54,High,Unhealthy,No,Overweight
43,M,170.9,99.7,34.11,Moderate,Unhealthy,No,Obese Type I
37,M,168.1,60.0,21.23,Low,Unhealthy,Yes,Normal
58,M,160.7,127.6,49.41,High,Moderate,Yes,Obese Type III
44,M,174.0,112.5,37.15,Moderate,Moderate,Yes,Obese Type II
29,F,181.5,69.6,21.14,Moderate,Unhealthy,Yes,Normal
24,F,165.5,83.7,30.54,Moderate,Moderate,Yes,Obese Type I
20,M,176.5,58.5,18.8,Moderate,Healthy,No,Normal
27,F,180.0,94.1,29.05,Low,Unhealthy,Yes,Overweight
51,F,180.6,55.3,16.97,Moderate,Healthy,Yes,Underweight
42,F,147.6,93.3,42.84,High,Moderate,No,Obese Type III
52,F,188.0,122.9,34.78,Moderate,Unhealthy,No,Obese Type I
33,M,167.9,120.7,42.82,Low,Moderate,Yes,Obese Type III
19,F,158.1,48.6,19.45,High,Moderate,No,Normal
41,M,157.1,82.8,33.56,Low,Moderate,Yes,Obese Type I
27,F,169.2,90.5,31.65,Low,Unhealthy,Yes,Obese Type I
55,F,189.3,79.6,22.22,Low,Healthy,No,Normal
39,F,163.9,76.8,28.57,Low,Moderate,No,Overweight
43,M,182.5,88.8,26.66,Moderate,Moderate,No,Overweight
60,F,149.8,44.6,19.85,Moderate,Unhealthy,No,Normal
56,M,168.8,54.4,19.11,High,Unhealthy,Yes,Normal
44,F,194.6,70.9,18.73,High,Moderate,No,Normal
46,M,183.5,78.4,23.28,High,Moderate,No,Normal
64,F,155.5,55.1,22.78,Moderate,Moderate,No,Normal
55,M,170.1,95.0,32.85,Moderate,Moderate,Yes,Obese Type I
37,M,156.7,98.8,40.26,High,Unhealthy,Yes,Obese Type III
44,F,165.5,95.0,34.7,Moderate,Moderate,No,Obese Type I
58,M,184.0,121.3,35.82,Moderate,Unhealthy,No,Obese Type II
37,F,183.6,66.1,19.6,Moderate,Moderate,Yes,Normal
61,F,156.4,69.7,28.49,Low,Moderate,Yes,Overweight
36,F,191.1,80.2,21.95,Moderate,Moderate,Yes,Normal
37,F,174.6,97.8,32.06,Moderate,Healthy,No,Obese Type I
52,F,164.0,104.3,38.78,Moderate,Healthy,Yes,Obese Type II
64,F,170.1,48.4,16.73,Low,Moderate,Yes,Underweight
19,F,175.3,67.8,22.07,Moderate,Unhealthy,No,Normal
47,F,173.0,151.3,50.55,High,Moderate,Yes,Obese Type III
51,F,169.3,75.8,26.43,High,Unhealthy,Yes,Overweight
39,F,170.2,63.5,21.91,Low,Moderate,Yes,Normal
20,F,153.8,52.1,22.02,Low,Healthy,Yes,Normal
23,M,185.6,53.2,15.42,Moderate,Moderate,Yes,Underweight
32,M,172.1,73.2,24.72,Moderate,Moderate,Yes,Normal
44,F,151.6,72.8,31.71,Low,Moderate,Yes,Obese Type I
27,F,183.3,54.7,16.27,Low,Healthy,No,Underweight
26,F,191.6,80.5,21.93,High,Unhealthy,Yes,Normal
50,F,192.4,140.7,38.02,Moderate,Healthy,No,Obese Type II
49,F,163.5,73.9,27.65,Moderate,Moderate,Yes,Overweight
23,F,151.8,117.9,51.18,Moderate,Unhealthy,Yes,Obese Type III
58,F,170.9,77.4,26.5,Moderate,Healthy,No,Overweight
53,F,150.6,58.8,25.91,Low,Healthy,Yes,Overweight
19,M,191.7,100.9,27.45,Moderate,Moderate,Yes,Overweight
46,F,154.2,47.0,19.76,Low,Healthy,No,Normal
21,M,157.6,72.9,29.35,Moderate,Unhealthy,No,Overweight
18,F,165.3,77.5,28.34,Low,Moderate,No,Overweight
36,F,164.2,59.7,22.16,Moderate,Unhealthy,No,Normal
43,M,184.7,96.3,28.23,Moderate,Moderate,Yes,Overweight
42,F,167.8,45.5,16.17,Low,Moderate,No,Underweight
27,M,153.5,48.5,20.59,Low,Unhealthy,No,Normal
32,F,158.4,105.8,42.19,Low,Moderate,Yes,Obese Type III
39,F,170.5,63.2,21.76,Moderate,Unhealthy,No,Normal
38,M,152.4,86.0,37.04,Low,Unhealthy,Yes,Obese Type II
39,F,175.6,105.4,34.2,Low,Moderate,No,Obese Type I
53,M,173.3,63.1,21.01,Moderate,Moderate,Yes,Normal
51,F,180.7,77.8,23.83,Moderate,Moderate,No,Normal
47,M,191.9,56.5,15.36,Low,Unhealthy,Yes,Underweight
42,M,190.6,119.1,32.77,Moderate,Moderate,No,Obese Type I
62,F,192.3,102.2,27.65,High,Unhealthy,Yes,Overweight
45,F,157.2,52.6,21.26,High,Moderate,No,Normal
18,M,151.6,67.6,29.42,Low,Healthy,No,Overweight
62,F,160.1,61.7,24.05,High,Unhealthy,No,Normal
21,F,189.8,90.4,25.1,Moderate,Moderate,Yes,Overweight
24,F,193.6,113.1,30.17,High,Unhealthy,No,Obese Type I
26,M,188.0,178.3,50.47,Moderate,Moderate,Yes,Obese Type III
53,M,150.5,45.6,20.15,Moderate,Moderate,No,Normal
36,M,192.4,76.9,20.78,Moderate,Healthy,No,Normal
18,M,166.2,56.7,20.54,Moderate,Moderate,No,Normal
27,M,145.5,54.6,25.8,Moderate,Moderate,No,Overweight
53,M,167.1,108.9,38.98,Low,Moderate,No,Obese Type II
26,M,147.3,63.3,29.18,Low,Unhealthy,Yes,Overweight
62,M,172.2,55.2,18.61,Moderate,Healthy,No,Normal
63,M,161.9,71.4,27.24,High,Moderate,No,Overweight
59,F,168.7,83.7,29.41,Moderate,Unhealthy,Yes,Overweight
49,M,175.7,146.9,47.61,Moderate,Moderate,Yes,Obese Type III
49,F,188.4,108.0,30.41,Moderate,Moderate,No,Obese Type I
23,F,178.1,73.6,23.19,Low,Unhealthy,No,Normal
55,F,166.7,75.5,27.19,Low,Moderate,Yes,Overweight
34,M,186.0,77.4,22.39,Moderate,Moderate,No,Normal
27,M,190.3,81.5,22.51,High,Moderate,Yes,Normal
44,M,151.0,43.1,18.91,Low,Unhealthy,No,Normal
52,M,171.6,58.8,19.98,Moderate,Healthy,No,Normal
38,F,159.2,89.4,35.27,Low,Unhealthy,Yes,Obese Type II
42,M,147.4,47.8,22.01,Low,Moderate,Yes,Normal
45,M,178.4,80.3,25.22,Low,Moderate,No,Overweight
64,M,188.1,64.9,18.35,Moderate,Unhealthy,No,Underweight
32,M,153.1,74.6,31.79,Low,Unhealthy,No,Obese Type I
21,M,185.6,90.6,26.31,Low,Unhealthy,No,Overweight
46,F,187.7,79.8,22.65,Moderate,Unhealthy,No,Normal
26,M,190.7,130.6,35.9,High,Unhealthy,No,Obese Type II
44,F,158.3,89.2,35.6,Low,Moderate,No,Obese Type II
43,M,190.2,67.8,18.74,Moderate,Moderate,No,Normal
36,F,161.0,63.2,24.37,Low,Moderate,No,Normal
45,M,172.6,75.6,25.38,High,Unhealthy,No,Overweight
34,M,147.5,110.0,50.55,Moderate,Healthy,Yes,Obese Type III
60,F,147.2,74.9,34.57,High,Unhealthy,No,Obese Type I
58,F,181.0,78.2,23.85,Low,Moderate,No,Normal
59,F,167.2,95.8,34.26,Moderate,Unhealthy,No,Obese Type I
37,M,157.8,78.9,31.7,Moderate,Unhealthy,No,Obese Type I
62,F,154.5,74.7,31.29,Low,Moderate,No,Obese Type I
57,M,178.5,61.1,19.19,Low,Moderate,Yes,Normal
56,M,145.0,91.5,43.49,Moderate,Moderate,No,Obese Type III
40,F,185.3,92.4,26.92,Moderate,Moderate,Yes,Overweight
64,F,149.0,97.7,44.02,Low,Healthy,Yes,Obese Type III
49,M,154.6,81.7,34.19,Moderate,Moderate,No,Obese Type I
64,M,164.3,72.5,26.85,Low,Moderate,Yes,Overweight
50,F,169.2,98.7,34.47,Low,Unhealthy,Yes,Obese Type I
63,F,162.7,82.4,31.11,Moderate,Unhealthy,No,Obese Type I
22,F,161.0,95.7,36.9,Low,Moderate,Yes,Obese Type II
60,M,193.2,108.5,29.07,Moderate,Moderate,Yes,Overweight
51,M,177.1,73.8,23.52,Low,Moderate,No,Normal
57,M,146.2,62.8,29.38,Moderate,Unhealthy,No,Overweight
28,M,166.5,58.8,21.19,Moderate,Healthy,Yes,Normal
20,M,188.8,125.0,35.09,High,Healthy,Yes,Obese Type II
50,M,160.1,63.6,24.84,Low,Moderate,No,Normal
28,F,149.7,55.5,24.74,Moderate,Healthy,Yes,Normal
33,M,182.9,69.6,20.81,Low,Healthy,No,Normal
35,M,175.3,102.1,33.22,Moderate,Healthy,No,Obese Type I
47,M,173.5,83.1,27.6,Moderate,Moderate,No,Overweight
27,F,147.7,78.8,36.15,Low,Moderate,No,Obese Type II
35,M,152.0,59.5,25.76,Moderate,Unhealthy,Yes,Overweight
55,M,176.1,81.4,26.23,Low,Moderate,Yes,Overweight
36,F,155.4,52.0,21.52,Low,Moderate,No,Normal
53,M,170.2,41.7,14.4,Low,Moderate,No,Underweight
30,M,172.2,95.2,32.1,Moderate,Unhealthy,No,Obese Type I
63,M,159.2,97.3,38.4,Moderate,Healthy,No,Obese Type II
20,M,192.4,61.9,16.71,Low,Moderate,No,Underweight
27,M,187.1,61.1,17.44,Moderate,Unhealthy,Yes,Underweight
55,F,181.1,152.1,46.37,Low,Moderate,Yes,Obese Type III
18,F,148.9,69.1,31.16,Low,Healthy,Yes,Obese Type I
44,F,150.3,66.0,29.19,Moderate,Healthy,Yes,Overweight
63,M,169.6,58.1,20.2,Moderate,Moderate,No,Normal
25,M,153.0,66.7,28.49,Low,Unhealthy,No,Overweight
63,M,193.9,91.9,24.44,Low,Unhealthy,No,Normal
59,F,152.9,36.6,15.63,High,Unhealthy,No,Underweight
34,M,169.4,89.2,31.11,Low,Unhealthy,Yes,Obese Type I
26,M,163.2,82.1,30.8,Low,Moderate,No,Obese Type I
23,F,177.0,45.5,14.53,Moderate,Moderate,No,Underweight
60,M,151.5,106.9,46.62,Moderate,Unhealthy,No,Obese Type III
42,F,166.5,87.7,31.63,Moderate,Healthy,Yes,Obese Type I
56,F,158.7,69.1,27.43,High,Moderate,No,Overweight
45,F,189.4,175.6,48.97,Low,Moderate,Yes,Obese Type III
50,M,147.0,65.3,30.23,Moderate,Moderate,No,Obese Type I
54,M,190.7,99.2,27.29,Low,Moderate,Yes,Overweight
26,M,186.6,150.1,43.09,Moderate,Moderate,Yes,Obese Type III
35,M,159.9,54.0,21.13,High,Moderate,Yes,Normal
38,M,184.5,65.8,19.33,Moderate,Moderate,No,Normal
19,M,146.6,81.1,37.74,Moderate,Moderate,No,Obese Type II
60,M,193.3,146.1,39.07,High,Healthy,No,Obese Type II
55,F,171.3,64.6,22.01,Low,Healthy,No,Normal
57,M,160.2,46.2,18.03,Moderate,Moderate,Yes,Underweight
53,F,163.1,71.7,26.93,High,Unhealthy,No,Overweight
60,M,148.3,47.2,21.45,Moderate,Healthy,No,Normal
54,M,194.5,79.0,20.9,Low,Moderate,Yes,Normal
32,M,147.0,73.6,34.09,Low,Moderate,No,Obese Type I
45,F,177.7,67.9,21.5,Low,Moderate,Yes,Normal
35,F,167.1,98.5,35.26,Low,Unhealthy,Yes,Obese Type II
51,F,192.4,133.6,36.07,Moderate,Unhealthy,No,Obese Type II
39,F,157.3,81.3,32.85,Low,Unhealthy,No,Obese Type I
28,M,171.6,86.0,29.21,Low,Unhealthy,No,Overweight
30,F,169.1,59.3,20.72,Moderate,Moderate,Yes,Normal
21,M,180.1,94.0,28.98,Moderate,Unhealthy,No,Overweight
39,M,148.4,52.1,23.64,Moderate,Healthy,No,Normal
24,F,154.7,47.2,19.71,Moderate,Moderate,No,Normal
60,F,155.7,73.8,30.45,Low,Moderate,No,Obese Type I
41,F,181.9,83.8,25.31,Low,Unhealthy,No,Overweight
21,F,154.5,53.3,22.35,Low,Moderate,Yes,Normal
45,F,173.7,81.4,26.98,Moderate,Unhealthy,No,Overweight
32,F,155.8,63.4,26.11,Low,Moderate,No,Overweight
18,F,188.1,105.0,29.67,Moderate,Healthy,Yes,Overweight
20,F,192.1,131.8,35.71,Low,Moderate,No,Obese Type II
31,M,170.9,52.9,18.11,High,Unhealthy,No,Underweight
55,F,162.6,73.1,27.64,Moderate,Moderate,No,Overweight
18,F,156.7,77.5,31.54,Moderate,Moderate,Yes,Obese Type I
55,M,147.5,64.7,29.75,Moderate,Unhealthy,Yes,Overweight
55,F,158.4,77.2,30.75,Moderate,Moderate,Yes,Obese Type I
38,M,177.7,62.6,19.81,Moderate,Healthy,No,Normal
46,M,171.7,92.7,31.45,High,Unhealthy,Yes,Obese Type I
22,F,192.2,67.1,18.15,Moderate,Healthy,Yes,Underweight
27,M,164.8,50.4,18.56,High,Unhealthy,No,Normal
45,M,179.7,64.6,20.0,Low,Unhealthy,Yes,Normal
38,M,169.5,84.7,29.51,High,Moderate,No,Overweight
24,M,170.6,108.4,37.24,Low,Unhealthy,No,Obese Type II
20,F,158.4,69.5,27.72,Low,Moderate,No,Overweight
62,M,167.7,53.0,18.83,Moderate,Unhealthy,No,Normal
64,F,168.5,120.0,42.24,Low,Moderate,No,Obese Type III
37,M,180.3,70.0,21.52,Low,Unhealthy,No,Normal
36,M,192.0,92.5,25.09,Low,Moderate,No,Overweight
52,M,161.5,54.5,20.92,Moderate,Moderate,Yes,Normal
21,M,147.1,67.3,31.12,High,Healthy,No,Obese Type I
22,F,169.8,80.0,27.73,Moderate,Moderate,No,Overweight
18,F,172.2,108.6,36.6,High,Moderate,No,Obese Type II
21,M,153.4,50.9,21.63,Moderate,Moderate,No,Normal
29,M,183.0,102.3,30.54,Low,Healthy,No,Obese Type I
44,F,194.2,94.7,25.09,Low,Unhealthy,No,Overweight
59,M,192.3,59.6,16.12,Moderate,Moderate,Yes,Underweight
40,M,154.9,57.3,23.91,Low,Moderate,Yes,Normal
42,M,188.8,97.0,27.22,Low,Unhealthy,No,Overweight
38,F,180.2,89.1,27.44,Moderate,Healthy,Yes,Overweight
41,F,167.7,50.4,17.93,Moderate,Moderate,Yes,Underweight
42,F,172.0,124.8,42.18,Low,Moderate,No,Obese Type III
62,M,187.5,68.3,19.42,High,Moderate,Yes,Normal
63,M,169.0,94.9,33.24,Moderate,Moderate,No,Obese Type I
49,F,163.7,103.6,38.68,Moderate,Healthy,Yes,Obese Type II
49,F,169.7,80.6,28.0,High,Healthy,No,Overweight
22,F,174.0,98.4,32.51,Low,Moderate,No,Obese Type I
53,F,154.5,67.2,28.16,Moderate,Unhealthy,Yes,Overweight
63,M,190.0,101.7,28.16,High,Unhealthy,No,Overweight
59,F,178.7,91.1,28.52,Moderate,Moderate,No,Overweight
59,M,176.7,86.0,27.55,Moderate,Healthy,Yes,Overweight
56,F,150.0,72.4,32.2,Moderate,Unhealthy,No,Obese Type I
33,M,175.2,56.8,18.51,Moderate,Unhealthy,No,Normal
50,F,151.0,63.6,27.89,Low,Unhealthy,Yes,Overweight
38,F,148.9,98.3,44.34,High,Moderate,No,Obese Type III
26,F,171.4,58.1,19.79,High,Healthy,Yes,Normal
23,F,165.1,47.5,17.4,High,Unhealthy,Yes,Underweight
62,M,174.4,68.2,22.4,Moderate,Unhealthy,Yes,Normal
52,F,149.5,72.2,32.31,Low,Moderate,Yes,Obese Type I
56,M,166.5,103.1,37.17,Low,Healthy,Yes,Obese Type II
39,M,153.7,57.3,24.23,High,Healthy,Yes,Normal
58,M,194.4,135.2,35.8,Low,Moderate,Yes,Obese Type II
22,M,173.1,43.1,14.4,Low,Unhealthy,No,Underweight
59,F,179.4,79.5,24.72,Moderate,Moderate,No,Normal
40,M,161.3,69.8,26.83,Moderate,Healthy,No,Overweight
34,M,149.7,83.5,37.22,Moderate,Healthy,Yes,Obese Type II
29,M,193.8,92.1,24.52,Moderate,Moderate,No,Normal
40,F,159.3,99.3,39.13,Moderate,Moderate,Yes,Obese Type II
33,F,166.2,79.7,28.87,High,Healthy,Yes,Overweight
20,F,177.5,69.8,22.17,Low,Moderate,No,Normal
47,F,146.2,93.0,43.49,Low,Unhealthy,No,Obese Type III
39,M,185.5,111.5,32.4,Moderate,Moderate,Yes,Obese Type I
26,M,171.8,51.2,17.36,High,Healthy,Yes,Underweight
46,F,158.9,56.9,22.54,Low,Moderate,No,Normal
64,M,148.1,39.8,18.17,Low,Healthy,No,Underweight
54,M,153.1,46.8,19.95,Moderate,Moderate,Yes,Normal
40,M,189.8,88.4,24.55,Moderate,Unhealthy,No,Normal
30,F,179.3,108.1,33.63,High,Unhealthy,Yes,Obese Type I
49,F,157.5,67.8,27.33,High,Healthy,No,Overweight
63,M,148.3,48.6,22.08,Moderate,Moderate,Yes,Normal
64,F,179.5,79.8,24.75,Moderate,Unhealthy,Yes,Normal
40,F,173.6,96.5,32.02,Low,Healthy,Yes,Obese Type I
62,F,165.2,64.2,23.53,Moderate,Moderate,No,Normal
34,F,163.2,52.5,19.71,Moderate,Healthy,Yes,Normal
57,F,155.8,53.6,22.06,Low,Moderate,No,Normal
38,M,178.5,100.5,31.54,Low,Unhealthy,No,Obese Type I
19,F,193.5,60.1,16.04,High,Moderate,No,Underweight
54,M,153.8,73.5,31.09,Moderate,Healthy,Yes,Obese Type I
23,M,174.9,75.1,24.56,Moderate,Unhealthy,Yes,Normal
61,F,166.2,143.3,51.89,Low,Healthy,No,Obese Type III
35,M,167.3,100.6,35.92,Moderate,Unhealthy,Yes,Obese Type II
47,M,157.7,51.4,20.68,High,Moderate,No,Normal
39,M,186.3,85.4,24.62,Low,Moderate,No,Normal
50,F,169.3,96.1,33.55,Moderate,Healthy,Yes,Obese Type I
47,F,172.2,72.1,24.32,Low,Moderate,Yes,Normal
34,M,160.2,91.9,35.8,Moderate,Moderate,No,Obese Type II
60,F,154.1,86.3,36.33,High,Healthy,No,Obese Type II
49,F,149.3,37.6,16.89,Moderate,Unhealthy,No,Underweight
59,F,180.7,99.5,30.47,High,Unhealthy,Yes,Obese Type I
31,F,154.8,59.6,24.85,High,Unhealthy,Yes,Normal
27,M,179.5,108.2,33.58,High,Moderate,No,Obese Type I
64,M,164.5,51.4,19.0,High,Moderate,Yes,Normal
53,F,165.8,55.2,20.09,Low,Healthy,No,Normal
51,F,168.5,56.0,19.73,High,Moderate,Yes,Normal
26,M,163.4,71.0,26.61,Low,Unhealthy,No,Overweight
59,M,150.0,80.8,35.9,Low,Healthy,No,Obese Type II
45,F,160.5,64.6,25.07,Low,Unhealthy,Yes,Overweight
28,M,178.2,80.2,25.27,Low,Healthy,Yes,Overweight
31,F,178.3,157.3,49.49,Moderate,Unhealthy,No,Obese Type III
56,F,159.3,64.5,25.42,Moderate,Unhealthy,Yes,Overweight
64,M,168.0,81.1,28.72,Low,Moderate,No,Overweight
36,M,154.7,53.0,22.14,Moderate,Unhealthy,Yes,Normal
32,F,155.5,93.8,38.76,Moderate,Unhealthy,Yes,Obese Type II
45,F,146.2,84.0,39.31,Moderate,Moderate,No,Obese Type II
41,M,189.8,161.7,44.87,Low,Unhealthy,No,Obese Type III
25,F,155.5,69.9,28.87,Low,Unhealthy,No,Overweight
60,M,156.4,85.3,34.88,Low,Unhealthy,No,Obese Type I
26,F,159.0,39.3,15.56,Low,Moderate,No,Underweight
64,M,151.4,46.2,20.18,Moderate,Moderate,No,Normal
50,M,177.0,72.1,23.04,Moderate,Unhealthy,Yes,Normal
50,M,148.8,38.2,17.26,Low,Moderate,Yes,Underweight
36,F,151.7,71.9,31.23,Low,Moderate,Yes,Obese Type I
20,F,177.2,70.8,22.52,Low,Moderate,No,Normal
27,M,162.0,90.0,34.29,High,Moderate,No,Obese Type I
57,F,180.4,129.3,39.73,Low,Unhealthy,Yes,Obese Type II
64,M,172.9,88.0,29.45,High,Moderate,No,Overweight
59,M,157.8,98.1,39.38,Moderate,Healthy,Yes,Obese Type II
18,F,177.5,57.5,18.25,Low,Moderate,No,Underweight
46,F,150.8,65.8,28.91,High,Unhealthy,Yes,Overweight
51,M,171.8,62.1,21.03,Moderate,Unhealthy,No,Normal
30,F,166.9,56.7,20.37,Moderate,Healthy,No,Normal
18,F,158.4,59.4,23.66,Moderate,Moderate,No,Normal
51,M,175.2,47.2,15.38,Moderate,Moderate,No,Underweight
46,M,188.6,79.2,22.27,Low,Unhealthy,No,Normal
64,F,194.9,76.6,20.16,Low,Healthy,No,Normal
30,M,175.4,86.7,28.2,High,Unhealthy,Yes,Overweight
46,M,165.2,53.6,19.62,High,Moderate,Yes,Normal
56,F,156.3,60.4,24.73,Low,Moderate,No,Normal
41,M,157.9,55.7,22.33,Moderate,Moderate,No,Normal
43,M,169.0,61.8,21.64,Moderate,Unhealthy,No,Normal
34,F,163.4,37.8,14.15,Low,Unhealthy,Yes,Underweight
24,F,190.7,98.0,26.95,Moderate,Healthy,No,Overweight
30,M,163.4,61.2,22.9,Moderate,Moderate,Yes,Normal
22,M,163.7,119.9,44.75,Moderate,Healthy,Yes,Obese Type III
43,F,164.2,80.1,29.72,High,Moderate,No,Overweight
20,F,186.8,130.1,37.27,Low,Healthy,Yes,Obese Type II
24,F,177.5,96.5,30.63,Moderate,Healthy,Yes,Obese Type I
56,F,175.7,81.4,26.37,Moderate,Moderate,No,Overweight
18,M,161.7,55.5,21.23,Moderate,Moderate,Yes,Normal
34,F,185.9,79.4,22.97,Low,Moderate,No,Normal
60,F,146.9,59.6,27.6,Moderate,Moderate,No,Overweight
42,M,188.5,68.9,19.39,High,Moderate,No,Normal
20,F,170.6,86.8,29.83,Low,Healthy,No,Overweight
32,M,164.9,41.5,15.26,Moderate,Unhealthy,No,Underweight
46,F,169.9,102.0,35.35,High,Moderate,No,Obese Type II
60,F,178.4,119.5,37.57,Low,Moderate,No,Obese Type II
49,F,145.6,56.2,26.52,High,Unhealthy,No,Overweight
43,M,188.6,72.7,20.46,Low,Moderate,Yes,Normal
33,M,167.3,107.9,38.55,Low,Healthy,No,Obese Type II
42,F,162.1,89.2,33.91,Low,Moderate,No,Obese Type I
45,M,151.9,51.8,22.46,Low,Healthy,No,Normal
26,M,167.0,80.4,28.83,Low,Moderate,No,Overweight
18,M,169.8,65.2,22.62,Moderate,Moderate,No,Normal
46,M,165.2,100.9,36.97,Low,Moderate,No,Obese Type II
39,M,178.9,52.1,16.27,High,Unhealthy,No,Underweight
33,M,166.0,62.9,22.8,Moderate,Moderate,Yes,Normal
58,F,193.1,170.8,45.83,Moderate,Unhealthy,No,Obese Type III
61,F,175.0,86.3,28.21,Moderate,Healthy,Yes,Overweight
58,M,185.4,69.1,20.12,Moderate,Unhealthy,No,Normal
24,F,150.5,108.8,48.04,Moderate,Unhealthy,No,Obese Type III
31,F,164.9,40.5,14.9,Low,Moderate,No,Underweight
46,F,161.8,88.4,33.75,High,Moderate,No,Obese Type I
36,F,173.5,109.6,36.43,Moderate,Unhealthy,No,Obese Type II
36,M,188.1,164.9,46.64,Low,Unhealthy,Yes,Obese Type III
19,F,148.9,73.0,32.92,Moderate,Healthy,No,Obese Type I
58,F,148.6,54.5,24.66,Moderate,Moderate,Yes,Normal
62,M,187.5,70.8,20.13,Low,Unhealthy,Yes,Normal
32,M,155.6,92.1,38.03,High,Moderate,No,Obese Type II
20,F,178.4,119.5,37.53,Moderate,Unhealthy,No,Obese Type II
28,F,172.1,72.3,24.4,Moderate,Unhealthy,No,Normal
63,F,186.6,61.9,17.77,Moderate,Healthy,No,Underweight
47,F,151.3,54.8,23.93,High,Moderate,Yes,Normal
57,F,151.5,51.0,22.21,Low,Unhealthy,No,Normal
35,F,172.8,111.5,37.32,Moderate,Healthy,Yes,Obese Type II
19,M,192.3,125.5,33.94,Low,Moderate,Yes,Obese Type I
49,F,165.7,94.9,34.53,Moderate,Unhealthy,No,Obese Type I
25,F,161.3,67.3,25.85,Low,Moderate,Yes,Overweight
39,M,175.3,46.4,15.08,Low,Healthy,Yes,Underweight
23,M,191.5,81.0,22.07,High,Moderate,Yes,Normal
29,M,186.8,65.5,18.75,Moderate,Moderate,No,Normal
64,M,194.8,67.0,17.66,Low,Moderate,No,Underweight
57,F,146.1,57.1,26.75,Moderate,Moderate,No,Overweight
53,F,150.6,80.2,35.34,Moderate,Moderate,No,Obese Type II
32,F,175.5,145.9,47.4,Low,Moderate,Yes,Obese Type III
45,F,186.0,79.1,22.85,Low,Unhealthy,Yes,Normal
62,F,159.3,81.4,32.1,High,Healthy,Yes,Obese Type I
35,F,157.0,88.0,35.74,Moderate,Unhealthy,No,Obese Type II
19,M,184.3,64.9,19.1,Low,Moderate,No,Normal
30,F,147.8,43.8,20.03,High,Moderate,No,Normal
62,M,163.5,109.4,40.94,Moderate,Moderate,Yes,Obese Type III
32,M,170.3,80.1,27.61,Low,Moderate,Yes,Overweight
37,F,173.0,119.4,39.89,Low,Moderate,Yes,Obese Type II
46,M,181.4,114.4,34.76,Low,Unhealthy,No,Obese Type I
59,F,162.7,92.0,34.72,High,Moderate,Yes,Obese Type I
46,M,175.6,93.7,30.39,Low,Healthy,No,Obese Type I
20,F,174.3,85.5,28.17,Low,Healthy,Yes,Overweight
36,M,172.4,60.2,20.25,High,Moderate,No,Normal
20,F,177.0,92.7,29.57,Low,Moderate,Yes,Overweight
31,F,158.0,43.4,17.38,Moderate,Unhealthy,Yes,Underweight
57,F,149.2,77.3,34.72,Low,Moderate,Yes,Obese Type I
21,F,151.0,112.0,49.15,Moderate,Moderate,Yes,Obese Type III
28,F,156.2,63.5,26.0,Low,Unhealthy,Yes,Overweight
48,M,170.0,83.1,28.75,Low,Healthy,No,Overweight
60,M,187.0,136.0,38.87,Moderate,Healthy,Yes,Obese Type II
49,M,180.1,72.4,22.34,Moderate,Unhealthy,Yes,Normal
44,F,184.5,63.1,18.56,Moderate,Moderate,No,Normal
47,M,162.5,50.8,19.22,Moderate,Moderate,No,Normal
60,F,165.2,99.0,36.27,Moderate,Unhealthy,Yes,Obese Type II
19,F,164.7,66.8,24.64,Moderate,Moderate,No,Normal
26,M,154.6,44.4,18.56,Moderate,Moderate,No,Normal
45,M,148.1,42.2,19.26,Moderate,Unhealthy,Yes,Normal
48,F,174.5,57.9,19.0,Moderate,Moderate,No,Normal
51,M,194.5,98.0,25.93,Moderate,Healthy,Yes,Overweight
32,F,153.3,56.5,24.02,Low,Moderate,Yes,Normal
42,F,147.3,64.0,29.49,Low,Moderate,No,Overweight
53,F,184.0,91.2,26.95,Low,Moderate,Yes,Overweight
25,F,157.6,75.4,30.36,High,Healthy,Yes,Obese Type I
26,F,186.5,58.7,16.87,Moderate,Healthy,No,Underweight
54,M,180.2,93.8,28.87,Moderate,Unhealthy,No,Overweight
62,M,192.3,165.1,44.66,Low,Healthy,No,Obese Type III
56,F,165.4,75.1,27.45,Low,Unhealthy,No,Overweight
49,F,178.1,158.5,49.97,High,Unhealthy,No,Obese Type III
34,M,168.2,121.9,43.05,High,Moderate,No,Obese Type III
52,M,176.5,97.5,31.3,Low,Moderate,Yes,Obese Type I
54,F,167.5,68.8,24.54,Moderate,Moderate,Yes,Normal
36,M,154.4,43.5,18.25,Moderate,Moderate,Yes,Underweight
61,F,170.4,68.9,23.74,Low,Unhealthy,Yes,Normal
46,M,171.4,61.0,20.74,Moderate,Unhealthy,Yes,Normal
24,F,185.5,76.6,22.25,Moderate,Moderate,No,Normal
45,M,181.8,75.0,22.71,Moderate,Unhealthy,Yes,Normal
26,F,178.2,45.4,14.28,Low,Unhealthy,Yes,Underweight
45,M,150.7,36.0,15.84,Low,Unhealthy,No,Underweight
23,M,181.0,129.0,39.35,Low,Healthy,No,Obese Type II
46,F,170.0,64.1,22.18,Low,Healthy,No,Normal
34,M,189.7,113.1,31.42,Moderate,Unhealthy,No,Obese Type I
33,F,191.0,100.6,27.57,Low,Unhealthy,No,Overweight
40,M,147.8,40.8,18.67,Moderate,Moderate,No,Normal
48,F,186.0,77.9,22.51,Low,Healthy,No,Normal
20,M,146.9,32.0,14.83,Moderate,Unhealthy,No,Underweight
38,F,163.4,50.7,19.0,Moderate,Healthy,No,Normal
43,M,172.1,72.1,24.33,Moderate,Moderate,No,Normal
53,F,152.4,39.2,16.88,Low,Healthy,No,Underweight
59,M,182.3,75.8,22.8,Low,Unhealthy,Yes,Normal
54,F,145.4,55.2,26.1,Low,Healthy,No,Overweight
39,F,153.4,88.1,37.41,Low,Moderate,No,Obese Type II
59,F,174.0,112.0,36.99,Low,Healthy,No,Obese Type II
29,M,180.7,160.8,49.25,Low,Moderate,Yes,Obese Type III
59,F,190.8,168.1,46.17,Moderate,Moderate,Yes,Obese Type III
30,M,180.3,93.3,28.7,High,Healthy,Yes,Overweight
28,F,178.6,126.7,39.72,Low,Moderate,No,Obese Type II
33,M,164.7,64.1,23.61,High,Moderate,No,Normal
25,F,145.1,46.3,21.99,Low,Moderate,Yes,Normal
57,M,151.0,47.3,20.72,Moderate,Moderate,No,Normal
57,M,171.7,123.1,41.75,Moderate,Healthy,Yes,Obese Type III
62,F,178.8,89.2,27.91,High,Unhealthy,Yes,Overweight
19,M,165.9,56.6,20.59,Low,Moderate,No,Normal
47,M,181.5,85.4,25.92,Low,Healthy,No,Overweight
47,F,171.1,116.4,39.76,Low,Moderate,No,Obese Type II
29,M,148.7,43.6,19.7,Moderate,Healthy,Yes,Normal
27,M,154.6,68.5,28.66,High,Healthy,No,Overweight
61,M,187.0,65.1,18.63,Moderate,Moderate,No,Normal
28,F,181.2,97.5,29.69,Moderate,Moderate,Yes,Overweight
32,M,189.7,76.3,21.19,Moderate,Healthy,No,Normal
33,F,150.9,110.0,48.34,High,Healthy,No,Obese Type III
34,M,194.5,123.9,32.76,Moderate,Healthy,Yes,Obese Type I
43,M,155.5,116.7,48.27,Low,Unhealthy,No,Obese Type III
19,M,145.6,81.5,38.43,High,Unhealthy,Yes,Obese Type II
29,F,194.9,119.3,31.42,Low,Moderate,No,Obese Type I
43,M,159.1,59.5,23.51,Low,Moderate,No,Normal
40,M,178.4,70.3,22.1,Low,Moderate,Yes,Normal
35,F,153.8,56.2,23.73,Moderate,Unhealthy,No,Normal
49,M,174.0,72.1,23.81,Moderate,Moderate,No,Normal
55,F,190.2,93.8,25.92,Low,Moderate,No,Overweight
64,F,161.0,68.4,26.38,Moderate,Healthy,Yes,Overweight
20,M,178.5,66.1,20.75,Moderate,Healthy,No,Normal
55,F,154.4,43.7,18.34,High,Moderate,No,Underweight
20,M,176.2,52.5,16.91,Moderate,Moderate,Yes,Underweight
47,F,161.8,59.3,22.63,Moderate,Moderate,Yes,Normal
18,F,155.6,55.2,22.81,Moderate,Moderate,No,Normal
47,M,160.7,86.2,33.38,Low,Moderate,No,Obese Type I
62,F,153.9,53.8,22.7,Low,Moderate,Yes,Normal
49,F,190.1,67.5,18.68,Moderate,Unhealthy,No,Normal
45,F,164.9,73.7,27.12,Low,Moderate,Yes,Overweight
38,F,157.3,70.4,28.45,Low,Unhealthy,No,Overweight
63,F,167.4,57.5,20.52,Moderate,Unhealthy,No,Normal
30,M,161.0,44.1,17.02,Low,Moderate,No,Underweight
44,F,182.2,88.7,26.71,Low,Unhealthy,Yes,Overweight
53,M,193.6,122.3,32.63,Moderate,Moderate,No,Obese Type I
24,F,166.9,76.6,27.51,Moderate,Unhealthy,No,Overweight
39,M,188.1,99.8,28.23,High,Moderate,No,Overweight
27,M,173.3,58.3,19.4,Moderate,Healthy,No,Normal
56,F,152.9,52.8,22.59,Moderate,Moderate,Yes,Normal
32,F,179.5,119.3,37.01,Low,Moderate,No,Obese Type II
32,F,170.7,68.0,23.34,Low,Healthy,Yes,Normal
21,M,177.5,123.9,39.31,Low,Moderate,No,Obese Type II
49,F,189.5,104.9,29.22,Moderate,Unhealthy,Yes,Overweight
40,M,167.0,40.4,14.47,Moderate,Unhealthy,Yes,Underweight
23,M,190.1,61.9,17.14,Moderate,Moderate,Yes,Underweight
41,M,182.5,53.9,16.18,Moderate,Moderate,No,Underweight
37,F,169.4,76.1,26.52,Low,Unhealthy,Yes,Overweight
54,F,175.2,109.9,35.84,Moderate,Healthy,No,Obese Type II
37,M,161.3,61.0,23.45,Moderate,Unhealthy,No,Normal
29,M,194.2,64.0,16.96,Moderate,Healthy,Yes,Underweight
50,F,178.4,125.9,39.57,Moderate,Healthy,Yes,Obese Type II
45,M,147.2,79.2,36.56,High,Healthy,No,Obese Type II
25,F,161.3,66.1,25.38,High,Healthy,Yes,Overweight
18,M,176.2,59.3,19.1,High,Unhealthy,Yes,Normal
54,F,147.8,52.7,24.1,Low,Moderate,Yes,Normal
39,M,146.2,47.2,22.1,Low,Unhealthy,Yes,Normal
23,F,167.5,76.5,27.25,Low,Healthy,Yes,Overweight
38,M,161.6,113.8,43.55,Low,Moderate,No,Obese Type III
49,F,166.9,75.4,27.06,Moderate,Moderate,No,Overweight
52,F,158.1,40.4,16.15,Moderate,Healthy,No,Underweight
32,M,153.2,83.3,35.48,Moderate,Unhealthy,Yes,Obese Type II
22,M,179.5,47.3,14.68,High,Unhealthy,No,Underweight
63,F,170.7,97.8,33.55,High,Moderate,Yes,Obese Type I
23,M,155.0,65.6,27.29,Low,Moderate,No,Overweight
42,F,161.0,100.4,38.76,High,Moderate,No,Obese Type II
63,M,174.6,118.8,38.98,Moderate,Moderate,Yes,Obese Type II
57,F,148.6,60.2,27.24,Moderate,Healthy,Yes,Overweight
46,F,152.4,91.8,39.54,Moderate,Unhealthy,Yes,Obese Type II
24,F,148.7,31.4,14.23,Low,Moderate,Yes,Underweight
57,F,185.6,149.3,43.33,High,Moderate,No,Obese Type III
30,F,182.6,123.1,36.91,Moderate,Moderate,Yes,Obese Type II
55,F,182.7,63.4,19.01,High,Moderate,No,Normal
35,M,180.8,65.7,20.1,High,Unhealthy,Yes,Normal
19,M,178.5,90.6,28.44,Moderate,Unhealthy,No,Overweight
25,M,168.8,129.1,45.3,Low,Unhealthy,Yes,Obese Type III
28,F,177.1,86.4,27.56,Low,Moderate,Yes,Overweight
50,F,146.9,59.4,27.54,Low,Unhealthy,No,Overweight
55,F,176.1,43.4,14.01,Low,Moderate,No,Underweight
44,F,183.9,48.9,14.45,High,Unhealthy,No,Underweight
37,M,170.0,89.6,31.0,Low,Moderate,No,Obese Type I
29,M,162.9,104.9,39.55,High,Healthy,No,Obese Type II
60,F,158.9,129.4,51.27,Moderate,Moderate,No,Obese Type III
48,M,177.1,68.3,21.76,Low,Moderate,Yes,Normal
44,M,179.6,76.4,23.66,Moderate,Healthy,Yes,Normal
49,F,188.5,139.3,39.17,Moderate,Moderate,No,Obese Type II
27,M,162.1,75.5,28.72,Moderate,Healthy,No,Overweight
20,F,183.5,47.7,14.18,Moderate,Unhealthy,No,Underweight
62,M,173.1,96.1,32.08,Low,Healthy,Yes,Obese Type I
44,F,189.1,147.3,41.17,Moderate,Moderate,No,Obese Type III
52,F,171.4,109.7,37.35,Moderate,Unhealthy,No,Obese Type II
48,F,170.9,113.9,39.0,Moderate,Healthy,No,Obese Type II
32,F,173.9,131.8,43.57,High,Healthy,Yes,Obese Type III
33,M,182.5,139.2,41.82,Low,Moderate,No,Obese Type III
30,F,193.2,59.4,15.9,Low,Healthy,No,Underweight
52,F,148.7,82.5,37.32,Moderate,Unhealthy,No,Obese Type II
28,F,147.7,84.1,38.58,High,Moderate,No,Obese Type II
38,M,191.9,90.5,24.57,Moderate,Unhealthy,No,Normal
28,F,171.5,52.8,17.95,Low,Unhealthy,Yes,Underweight
47,M,175.7,67.0,21.7,Low,Moderate,No,Normal
52,F,169.1,73.9,25.84,Low,Moderate,No,Overweight
39,M,149.7,44.2,19.73,Low,Unhealthy,Yes,Normal
55,M,183.4,66.3,19.7,Moderate,Moderate,Yes,Normal
48,F,182.4,96.1,28.91,Moderate,Unhealthy,Yes,Overweight
31,M,160.6,75.8,29.38,Low,Moderate,No,Overweight
41,F,160.3,72.9,28.38,Low,Unhealthy,No,Overweight
49,F,186.9,112.5,32.2,Low,Healthy,Yes,Obese Type I
53,F,148.6,67.0,30.34,High,Unhealthy,No,Obese Type I
49,M,189.1,138.7,38.81,Moderate,Moderate,No,Obese Type II
32,M,157.8,58.3,23.42,High,Unhealthy,No,Normal
60,F,174.6,45.6,14.96,Moderate,Moderate,No,Underweight
52,F,191.8,64.1,17.43,Low,Unhealthy,No,Underweight
20,M,178.9,108.8,33.99,Low,Moderate,Yes,Obese Type I
33,F,165.7,44.5,16.21,Moderate,Moderate,No,Underweight
22,F,179.5,99.1,30.76,Moderate,Healthy,No,Obese Type I
38,F,162.2,66.9,25.41,Moderate,Unhealthy,Yes,Overweight
27,M,158.9,54.4,21.55,Moderate,Healthy,No,Normal
36,M,194.8,116.6,30.71,Moderate,Unhealthy,Yes,Obese Type I
42,M,182.5,66.0,19.81,Low,Unhealthy,No,Normal
21,F,177.2,62.7,19.95,High,Unhealthy,No,Normal
46,F,162.8,60.1,22.68,Moderate,Unhealthy,No,Normal
36,F,147.5,62.6,28.8,Low,Moderate,No,Overweight
60,M,146.6,65.8,30.62,Moderate,Healthy,No,Obese Type I
19,F,172.7,53.3,17.86,Moderate,Unhealthy,No,Underweight
27,F,183.1,49.1,14.65,Low,Moderate,No,Underweight
60,F,171.9,49.5,16.76,Moderate,Moderate,No,Underweight
42,F,187.0,104.4,29.84,Low,Moderate,No,Overweight
37,M,146.7,79.6,37.01,Low,Moderate,No,Obese Type II
36,M,163.3,54.4,20.4,Low,Healthy,Yes,Normal
40,F,156.9,47.7,19.38,Low,Unhealthy,No,Normal
41,M,167.4,53.9,19.23,Low,Moderate,Yes,Normal
28,M,148.6,45.2,20.46,Low,Unhealthy,No,Normal
63,F,192.7,174.3,46.94,High,Moderate,Yes,Obese Type III
51,F,156.2,108.4,44.47,Low,Moderate,No,Obese Type III
45,M,191.1,97.1,26.59,Moderate,Moderate,Yes,Overweight
22,F,166.3,53.7,19.42,Low,Unhealthy,Yes,Normal
22,M,194.3,195.7,51.84,Moderate,Unhealthy,No,Obese Type III
38,F,172.7,43.7,14.66,Low,Unhealthy,Yes,Underweight
29,M,191.5,95.1,25.91,Low,Healthy,Yes,Overweight
21,F,145.3,40.8,19.33,Low,Unhealthy,Yes,Normal
59,M,182.4,87.6,26.33,High,Moderate,No,Overweight
37,M,190.2,69.1,19.1,Moderate,Unhealthy,Yes,Normal
55,M,152.0,68.9,29.82,Low,Healthy,No,Overweight
42,F,149.8,54.1,24.11,Low,Moderate,No,Normal
31,M,166.2,109.6,39.67,Low,Unhealthy,Yes,Obese Type II
28,M,191.7,122.1,33.23,Low,Healthy,No,Obese Type I
49,F,172.1,104.8,35.37,Moderate,Unhealthy,No,Obese Type II
28,F,171.4,87.7,29.85,Moderate,Moderate,No,Overweight
35,M,152.1,80.3,34.71,Moderate,Moderate,Yes,Obese Type I
44,M,145.0,72.1,34.29,Low,Moderate,No,Obese Type I
35,F,185.5,116.1,33.73,Moderate,Healthy,No,Obese Type I
40,F,149.4,65.9,29.53,Low,Healthy,No,Overweight
28,F,176.7,122.2,39.14,Low,Healthy,No,Obese Type II
38,F,190.7,114.6,31.49,Moderate,Healthy,Yes,Obese Type I
61,F,155.4,43.8,18.12,Low,Moderate,Yes,Underweight
22,M,178.3,84.1,26.46,Moderate,Unhealthy,Yes,Overweight
40,F,148.9,52.8,23.81,High,Moderate,No,Normal
58,M,175.2,119.7,38.99,Low,Moderate,No,Obese Type II
42,M,153.2,62.9,26.79,High,Unhealthy,No,Overweight
58,M,181.8,61.3,18.55,Low,Moderate,Yes,Normal
27,F,160.1,90.8,35.43,Low,Healthy,No,Obese Type II
39,M,168.2,77.7,27.47,Moderate,Unhealthy,Yes,Overweight
36,M,175.0,90.4,29.54,Moderate,Healthy,No,Overweight
18,F,153.6,41.0,17.4,Low,Moderate,No,Underweight
24,M,182.1,47.0,14.17,Moderate,Unhealthy,No,Underweight
21,M,160.1,64.9,25.31,High,Healthy,Yes,Overweight
18,F,178.1,103.4,32.59,Low,Healthy,No,Obese Type I
32,M,152.9,33.2,14.18,High,Unhealthy,Yes,Underweight
57,M,179.4,93.2,28.95,Moderate,Moderate,Yes,Overweight
29,M,151.4,63.5,27.72,High,Moderate,Yes,Overweight
39,F,166.3,91.2,32.99,Low,Healthy,No,Obese Type I
39,F,157.4,55.5,22.42,Moderate,Unhealthy,Yes,Normal
64,F,182.4,95.2,28.6,Low,Unhealthy,Yes,Overweight
34,M,158.1,74.4,29.75,High,Moderate,No,Overweight
46,M,189.1,87.9,24.59,Moderate,Moderate,Yes,Normal
63,F,189.6,101.7,28.29,Low,Moderate,Yes,Overweight
31,M,154.8,37.6,15.67,Low,Healthy,No,Underweight
37,M,175.7,103.3,33.46,High,Healthy,Yes,Obese Type I
50,F,149.4,36.6,16.41,Moderate,Healthy,Yes,Underweight
60,F,164.6,49.8,18.38,Low,Unhealthy,No,Underweight
32,M,180.7,114.6,35.1,Moderate,Healthy,Yes,Obese Type II
29,M,178.0,125.1,39.51,High,Moderate,No,Obese Type II
57,M,176.2,71.8,23.1,Low,Unhealthy,Yes,Normal
37,F,159.1,71.4,28.21,Low,Moderate,No,Overweight
47,F,163.9,55.2,20.56,High,Unhealthy,Yes,Normal
55,F,150.1,58.0,25.71,Low,Moderate,No,Overweight
20,F,181.0,120.2,36.71,Low,Moderate,No,Obese Type II
45,M,170.2,85.1,29.38,Low,Moderate,Yes,Overweight
43,F,180.4,90.1,27.67,High,Unhealthy,Yes,Overweight
47,F,157.4,125.5,50.64,Low,Moderate,Yes,Obese Type III
30,F,161.2,56.0,21.53,Moderate,Unhealthy,Yes,Normal
30,F,161.7,116.3,44.47,High,Healthy,Yes,Obese Type III
19,F,146.3,42.3,19.75,Low,Moderate,No,Normal
54,M,162.1,61.0,23.24,High,Unhealthy,Yes,Normal
55,M,185.2,119.1,34.75,Moderate,Unhealthy,Yes,Obese Type I
19,F,189.9,112.4,31.19,Moderate,Moderate,No,Obese Type I
53,M,170.9,53.6,18.34,Low,Moderate,No,Underweight
43,F,167.8,57.7,20.5,Moderate,Moderate,Yes,Normal
28,F,146.5,101.0,47.02,Low,Unhealthy,No,Obese Type III
25,M,189.0,86.4,24.19,Low,Moderate,No,Normal
61,M,145.7,87.1,41.04,High,Unhealthy,Yes,Obese Type III
57,F,192.2,136.4,36.91,Low,Moderate,Yes,Obese Type II
60,F,169.5,84.7,29.48,High,Healthy,Yes,Overweight
39,F,162.1,113.4,43.15,Low,Moderate,Yes,Obese Type III
37,M,191.2,69.5,19.02,Low,Unhealthy,Yes,Normal
25,F,146.2,53.6,25.07,High,Healthy,Yes,Overweight
46,F,174.1,76.8,25.36,Low,Unhealthy,No,Overweight
57,F,172.4,74.9,25.2,High,Moderate,No,Overweight
43,M,156.0,87.6,36.03,Moderate,Moderate,No,Obese Type II
47,F,166.4,66.7,24.07,Low,Unhealthy,No,Normal
34,F,177.6,98.0,31.07,Moderate,Unhealthy,No,Obese Type I
37,M,181.4,56.4,17.15,Low,Unhealthy,No,Underweight
33,F,145.0,49.2,23.4,Low,Healthy,No,Normal
63,F,191.8,98.2,26.7,Moderate,Healthy,Yes,Overweight
60,M,153.2,67.3,28.67,Low,Moderate,Yes,Overweight
24,F,156.7,99.7,40.6,Low,Unhealthy,No,Obese Type III
33,M,158.2,62.9,25.16,High,Healthy,Yes,Overweight
62,M,146.9,63.3,29.34,High,Moderate,Yes,Overweight
64,F,151.2,55.9,24.47,Moderate,Moderate,Yes,Normal
44,F,194.3,111.7,29.58,Moderate,Moderate,No,Overweight
40,F,160.8,78.8,30.51,Moderate,Moderate,Yes,Obese Type I
41,F,150.8,47.8,21.02,Moderate,Moderate,Yes,Normal
26,M,150.3,49.0,21.67,Moderate,Moderate,Yes,Normal
52,F,181.0,97.2,29.69,High,Moderate,No,Overweight
37,M,187.7,101.7,28.85,Low,Healthy,Yes,Overweight
54,F,157.8,125.9,50.52,Moderate,Moderate,Yes,Obese Type III
59,F,146.0,46.2,21.67,High,Moderate,No,Normal
34,F,156.2,51.4,21.06,Moderate,Unhealthy,No,Normal
64,M,147.8,52.0,23.79,High,Moderate,No,Normal
48,F,150.2,62.2,27.57,Low,Unhealthy,No,Overweight
25,F,166.6,113.0,40.72,Low,Unhealthy,Yes,Obese Type III
32,F,156.5,70.5,28.79,High,Healthy,No,Overweight
48,F,170.8,65.4,22.41,Low,Unhealthy,Yes,Normal
47,M,157.7,59.8,24.05,Moderate,Moderate,No,Normal
63,F,192.0,76.0,20.61,Low,Healthy,Yes,Normal
37,M,190.3,93.8,25.9,Moderate,Moderate,Yes,Overweight
56,M,173.3,63.6,21.17,Moderate,Unhealthy,Yes,Normal
29,M,162.7,57.9,21.86,Low,Moderate,Yes,Normal
34,M,164.1,74.8,27.78,Moderate,Healthy,No,Overweight
59,M,165.6,86.4,31.51,Moderate,Moderate,No,Obese Type I
47,M,181.4,76.9,23.37,Low,Moderate,No,Normal
46,F,167.6,101.8,36.26,Moderate,Moderate,Yes,Obese Type II
36,M,187.8,96.8,27.44,Moderate,Moderate,Yes,Overweight
63,M,192.2,104.3,28.23,Low,Moderate,No,Overweight
28,M,161.8,45.0,17.17,Moderate,Moderate,No,Underweight
51,F,173.0,48.1,16.06,Low,Moderate,Yes,Underweight
24,F,149.8,83.4,37.21,Low,Moderate,No,Obese Type II
61,M,155.0,59.6,24.8,Moderate,Unhealthy,No,Normal
51,F,165.7,106.4,38.78,Moderate,Unhealthy,Yes,Obese Type II
37,M,155.3,62.5,25.9,High,Moderate,Yes,Overweight
55,M,188.8,165.4,46.39,Low,Moderate,Yes,Obese Type III
41,F,152.9,85.8,36.68,Low,Moderate,No,Obese Type II
27,M,167.8,69.8,24.81,Low,Moderate,Yes,Normal
49,F,175.3,78.9,25.69,Moderate,Moderate,Yes,Overweight
32,F,179.6,69.6,21.58,Moderate,Healthy,No,Normal
54,M,164.2,43.2,16.04,Moderate,Moderate,Yes,Underweight
37,M,188.5,102.4,28.82,Low,Moderate,No,Overweight
20,F,173.4,74.5,24.79,High,Moderate,Yes,Normal
54,M,167.0,62.1,22.28,Moderate,Moderate,No,Normal
57,M,148.4,37.9,17.23,High,Healthy,No,Underweight
25,M,168.2,141.0,49.83,Low,Unhealthy,No,Obese Type III
57,F,186.0,94.7,27.38,Moderate,Moderate,Yes,Overweight
61,F,175.7,122.2,39.59,Moderate,Unhealthy,Yes,Obese Type II
40,M,186.6,155.9,44.76,Moderate,Unhealthy,No,Obese Type III
57,F,169.7,120.6,41.87,Low,Moderate,Yes,Obese Type III
28,F,150.9,43.4,19.07,High,Unhealthy,No,Normal
63,F,145.7,49.7,23.41,Low,Moderate,No,Normal
25,F,160.2,99.6,38.82,Low,Healthy,No,Obese Type II
46,F,179.9,89.1,27.52,Moderate,Healthy,Yes,Overweight
47,M,184.5,108.7,31.92,Moderate,Unhealthy,No,Obese Type I
27,M,159.8,97.8,38.32,Moderate,Moderate,No,Obese Type II
56,M,169.8,94.0,32.63,Low,Healthy,No,Obese Type I
45,F,166.1,99.9,36.23,Moderate,Unhealthy,No,Obese Type II
53,F,165.5,64.3,23.48,Moderate,Moderate,Yes,Normal
30,M,156.6,72.0,29.36,Low,Healthy,No,Overweight
49,F,151.8,48.1,20.86,High,Unhealthy,No,Normal
53,M,154.8,89.4,37.28,High,Healthy,Yes,Obese Type II
54,M,147.8,58.1,26.63,Moderate,Moderate,Yes,Overweight
43,M,154.9,54.5,22.7,Low,Unhealthy,Yes,Normal
39,F,145.5,51.1,24.13,High,Moderate,No,Normal
21,F,176.4,96.2,30.93,Low,Moderate,No,Obese Type I
48,M,160.8,85.2,32.95,Low,Unhealthy,Yes,Obese Type I
35,M,193.7,75.9,20.25,Low,Moderate,No,Normal
55,M,154.7,68.0,28.43,Low,Moderate,No,Overweight
41,M,162.3,72.7,27.61,High,Moderate,No,Overweight
40,F,162.9,89.5,33.71,Moderate,Unhealthy,No,Obese Type I
39,F,145.4,61.0,28.86,High,Healthy,No,Overweight
19,M,187.0,84.4,24.14,Low,Moderate,No,Normal
48,M,146.6,62.4,29.03,Moderate,Healthy,Yes,Overweight
28,F,192.0,96.1,26.07,High,Healthy,No,Overweight
45,F,189.6,96.4,26.82,High,Moderate,No,Overweight
63,M,171.8,95.4,32.33,Moderate,Unhealthy,Yes,Obese Type I
49,M,172.2,113.6,38.32,Low,Healthy,Yes,Obese Type II
22,M,177.7,98.1,31.06,Moderate,Moderate,Yes,Obese Type I
55,F,164.4,135.3,50.1,Low,Unhealthy,Yes,Obese Type III
27,F,177.4,99.5,31.62,Moderate,Moderate,No,Obese Type I
57,F,147.2,55.7,25.67,Moderate,Unhealthy,No,Overweight
63,M,147.7,56.1,25.71,Moderate,Unhealthy,Yes,Overweight
41,M,167.9,79.4,28.18,Moderate,Moderate,Yes,Overweight
52,F,172.5,64.5,21.69,Moderate,Unhealthy,No,Normal
61,F,189.4,127.4,35.53,Low,Healthy,Yes,Obese Type II
40,M,150.2,69.6,30.84,Moderate,Healthy,Yes,Obese Type I
34,F,186.1,51.3,14.82,Moderate,Moderate,Yes,Underweight
18,F,155.5,77.3,31.99,Low,Unhealthy,Yes,Obese Type I
48,M,164.7,101.9,37.57,Low,Moderate,Yes,Obese Type II
48,F,160.8,44.4,17.15,Low,Moderate,Yes,Underweight
59,M,165.0,64.1,23.55,Moderate,Moderate,No,Normal
59,M,152.5,48.2,20.71,High,Unhealthy,Yes,Normal
51,M,170.2,100.4,34.68,Low,Moderate,Yes,Obese Type I
26,M,185.1,81.6,23.81,Moderate,Moderate,No,Normal
39,M,167.1,66.1,23.67,Moderate,Healthy,No,Normal
30,M,169.5,88.9,30.94,Low,Healthy,Yes,Obese Type I
42,M,187.4,68.0,19.34,High,Moderate,Yes,Normal
35,F,180.3,64.4,19.8,Low,Moderate,No,Normal
29,M,169.5,85.8,29.87,High,Unhealthy,No,Overweight
57,M,157.9,40.8,16.38,Low,Unhealthy,Yes,Underweight
34,F,189.2,105.6,29.48,Low,Healthy,Yes,Overweight
32,F,173.9,83.6,27.66,Low,Moderate,No,Overweight
59,F,156.1,64.1,26.32,Low,Unhealthy,No,Overweight
32,M,158.5,39.7,15.8,High,Moderate,Yes,Underweight
32,F,185.2,56.3,16.42,Low,Healthy,Yes,Underweight
56,M,147.2,47.5,21.92,Moderate,Moderate,Yes,Normal
30,M,194.6,92.7,24.47,Low,Unhealthy,Yes,Normal
34,M,151.5,82.5,35.93,High,Healthy,No,Obese Type II
49,M,184.8,76.6,22.43,Moderate,Moderate,Yes,Normal
26,F,164.7,42.2,15.56,Moderate,Moderate,No,Underweight
57,F,169.6,70.1,24.36,Low,Unhealthy,Yes,Normal
37,M,189.0,135.2,37.84,Moderate,Healthy,Yes,Obese Type II
43,M,165.6,81.1,29.56,Low,Healthy,Yes,Overweight
44,M,171.9,152.5,51.63,Low,Moderate,No,Obese Type III
38,F,147.5,42.5,19.53,Moderate,Unhealthy,No,Normal
35,M,145.1,68.8,32.65,High,Moderate,No,Obese Type I
30,M,157.2,35.3,14.27,High,Unhealthy,No,Underweight
33,F,179.0,125.8,39.26,Moderate,Unhealthy,Yes,Obese Type II
26,F,151.1,55.2,24.2,Moderate,Moderate,No,Normal
29,M,150.7,65.7,28.95,High,Unhealthy,Yes,Overweight
61,F,165.5,70.0,25.56,Moderate,Healthy,No,Overweight
55,F,177.4,85.7,27.24,Moderate,Unhealthy,Yes,Overweight
36,M,180.6,83.2,25.52,High,Moderate,Yes,Overweight
24,F,153.9,101.7,42.93,Low,Unhealthy,No,Obese Type III
52,M,149.0,48.5,21.87,Low,Moderate,Yes,Normal
35,F,192.0,100.1,27.16,Moderate,Unhealthy,No,Overweight
33,M,158.0,81.2,32.53,Low,Moderate,No,Obese Type I
56,M,187.7,100.5,28.55,Low,Moderate,Yes,Overweight
21,M,188.2,58.5,16.51,Moderate,Healthy,Yes,Underweight
42,F,183.6,118.3,35.09,Moderate,Moderate,No,Obese Type II
49,M,153.4,69.5,29.54,High,Unhealthy,No,Overweight
57,F,186.1,74.2,21.44,Low,Unhealthy,Yes,Normal
30,M,183.5,142.7,42.39,Low,Moderate,No,Obese Type III
62,M,174.8,54.4,17.78,Low,Unhealthy,No,Underweight
34,F,161.9,97.8,37.31,Moderate,Moderate,No,Obese Type II
54,M,158.1,72.7,29.1,Moderate,Healthy,No,Overweight
23,M,151.1,71.5,31.3,Moderate,Healthy,Yes,Obese Type I
36,F,170.5,46.8,16.11,Low,Healthy,No,Underweight
30,M,174.3,119.6,39.39,Moderate,Healthy,Yes,Obese Type II
43,M,163.0,134.3,50.55,Moderate,Moderate,Yes,Obese Type III
31,M,168.8,77.4,27.18,Low,Moderate,No,Overweight
48,M,163.2,89.5,33.63,Moderate,Moderate,Yes,Obese Type I
21,F,177.1,79.7,25.43,Moderate,Healthy,No,Overweight
56,F,190.1,164.2,45.47,High,Unhealthy,No,Obese Type III
25,M,153.2,52.9,22.53,High,Moderate,Yes,Normal
42,F,164.1,83.5,31.03,Moderate,Unhealthy,Yes,Obese Type I
30,M,152.0,84.2,36.42,High,Unhealthy,No,Obese Type II
49,F,176.2,65.5,21.1,Moderate,Moderate,Yes,Normal
55,M,181.4,114.3,34.73,High,Moderate,No,Obese Type I
55,M,191.6,145.4,39.61,Low,Moderate,Yes,Obese Type II
45,M,158.9,47.9,18.96,Moderate,Moderate,No,Normal
47,M,192.5,97.9,26.42,Moderate,Moderate,Yes,Overweight
20,M,148.2,84.1,38.29,Moderate,Unhealthy,Yes,Obese Type II
45,M,175.2,132.1,43.06,Low,Moderate,Yes,Obese Type III
20,F,147.9,60.0,27.46,Low,Healthy,Yes,Overweight
62,M,189.7,80.2,22.28,Low,Moderate,No,Normal
51,F,171.5,80.0,27.19,Low,Moderate,No,Overweight
33,M,178.5,59.3,18.61,Low,Moderate,Yes,Normal
39,F,186.6,92.7,26.64,Moderate,Healthy,Yes,Overweight
49,F,152.5,35.7,15.35,High,Moderate,No,Underweight
55,F,146.9,45.4,21.02,Moderate,Unhealthy,No,Normal
25,M,188.9,77.6,21.75,High,Healthy,No,Normal
25,M,160.7,85.5,33.09,High,Healthy,Yes,Obese Type I
23,F,151.4,85.4,37.21,Moderate,Moderate,No,Obese Type II
31,M,168.4,82.2,28.97,Low,Moderate,No,Overweight
49,F,174.9,87.0,28.44,Low,Moderate,Yes,Overweight
52,M,146.5,58.1,27.05,High,Moderate,No,Overweight
27,F,158.7,77.8,30.86,Low,Moderate,No,Obese Type I
20,F,146.6,42.9,19.93,Moderate,Healthy,No,Normal
29,M,166.0,55.1,19.97,Low,Healthy,No,Normal
48,F,189.8,104.1,28.91,High,Moderate,No,Overweight
46,M,194.1,119.8,31.79,Moderate,Healthy,Yes,Obese Type I
22,F,176.9,147.4,47.13,High,Unhealthy,Yes,Obese Type III
42,F,153.1,55.9,23.85,Low,Unhealthy,No,Normal
58,M,190.3,121.9,33.67,Low,Moderate,No,Obese Type I
48,M,170.8,62.7,21.5,Moderate,Moderate,No,Normal
38,M,152.7,87.4,37.47,High,Unhealthy,No,Obese Type II
37,F,191.1,120.1,32.88,Moderate,Moderate,No,Obese Type I
56,M,182.9,121.7,36.39,High,Unhealthy,No,Obese Type II
39,F,181.6,84.4,25.6,Moderate,Moderate,No,Overweight
21,F,180.5,109.4,33.59,Moderate,Healthy,No,Obese Type I
30,M,155.0,40.8,16.97,Moderate,Moderate,Yes,Underweight
62,M,155.6,62.0,25.61,Low,Moderate,No,Overweight
59,F,179.4,83.5,25.95,Low,Healthy,Yes,Overweight
37,F,156.0,65.4,26.88,High,Moderate,Yes,Overweight
30,M,166.9,94.2,33.79,High,Healthy,Yes,Obese Type I
34,M,184.1,85.1,25.11,Moderate,Moderate,No,Overweight
53,M,184.2,163.7,48.23,Low,Healthy,Yes,Obese Type III
50,M,167.7,49.5,17.6,Low,Healthy,Yes,Underweight
18,M,184.6,75.7,22.21,High,Moderate,Yes,Normal
32,F,186.9,94.5,27.06,Low,Moderate,Yes,Overweight
30,F,177.7,117.3,37.14,High,Moderate,Yes,Obese Type II
34,F,156.4,44.4,18.17,Low,Moderate,Yes,Underweight
41,F,158.7,121.4,48.21,Moderate,Moderate,Yes,Obese Type III
25,M,160.7,65.8,25.46,High,Moderate,No,Overweight
44,M,150.8,69.1,30.37,Low,Moderate,No,Obese Type I
62,M,158.7,41.2,16.36,Low,Moderate,Yes,Underweight
40,F,155.5,44.8,18.55,High,Healthy,No,Normal
63,F,167.8,72.3,25.67,Moderate,Moderate,No,Overweight
25,M,190.4,68.9,18.99,Moderate,Unhealthy,No,Normal
25,M,150.2,52.1,23.08,Moderate,Unhealthy,No,Normal
43,F,181.0,121.9,37.22,Low,Unhealthy,Yes,Obese Type II
64,F,179.4,80.9,25.16,Low,Unhealthy,No,Overweight
30,M,149.8,34.0,15.13,Moderate,Unhealthy,Yes,Underweight
56,M,191.1,104.6,28.62,Low,Moderate,Yes,Overweight
54,F,173.4,81.0,26.92,Moderate,Healthy,Yes,Overweight
45,M,163.2,62.6,23.5,Moderate,Moderate,No,Normal
42,M,182.8,77.6,23.21,Low,Moderate,No,Normal
33,M,157.9,71.3,28.62,Moderate,Moderate,Yes,Overweight
19,F,179.7,164.8,51.05,Low,Healthy,No,Obese Type III
35,F,147.0,59.4,27.51,Low,Healthy,No,Overweight
34,F,187.0,85.6,24.49,Moderate,Unhealthy,Yes,Normal
47,F,167.4,71.8,25.63,High,Unhealthy,Yes,Overweight
56,F,176.8,80.1,25.62,Low,Unhealthy,No,Overweight
30,F,156.1,67.6,27.75,Moderate,Moderate,Yes,Overweight
49,F,178.9,60.6,18.96,Moderate,Moderate,No,Normal
46,M,183.6,166.1,49.28,Low,Moderate,No,Obese Type III
63,M,168.7,104.7,36.8,Moderate,Healthy,Yes,Obese Type II
47,M,175.9,100.2,32.38,High,Moderate,Yes,Obese Type I
35,M,167.8,54.3,19.3,Moderate,Healthy,Yes,Normal
30,M,189.7,69.7,19.38,Low,Unhealthy,No,Normal
60,M,169.9,117.2,40.59,Moderate,Unhealthy,Yes,Obese Type III
38,M,187.1,95.3,27.22,Moderate,Moderate,No,Overweight
47,F,185.1,75.9,22.16,Low,Unhealthy,Yes,Normal
38,F,165.5,64.4,23.52,Low,Moderate,Yes,Normal
34,M,156.5,54.6,22.28,Low,Unhealthy,No,Normal
57,M,165.3,93.9,34.36,Low,Moderate,No,Obese Type I
36,F,186.3,131.8,37.98,Low,Unhealthy,No,Obese Type II
32,M,156.4,53.1,21.72,Moderate,Unhealthy,Yes,Normal
26,M,171.2,100.6,34.3,Low,Healthy,Yes,Obese Type I
27,F,185.3,72.0,20.96,High,Healthy,No,Normal
61,M,162.7,85.0,32.12,Moderate,Moderate,No,Obese Type I
48,F,177.1,66.3,21.13,High,Healthy,No,Normal
40,M,157.3,74.0,29.9,Moderate,Moderate,Yes,Overweight
47,F,150.5,58.9,26.02,Low,Moderate,Yes,Overweight
50,F,184.7,64.0,18.77,Moderate,Healthy,No,Normal
26,F,149.9,62.2,27.67,High,Unhealthy,No,Overweight
64,M,158.6,57.7,22.95,Low,Unhealthy,No,Normal
18,F,187.8,110.2,31.27,Low,Moderate,No,Obese Type I
61,M,162.3,65.4,24.84,Low,Moderate,Yes,Normal
52,M,193.7,87.6,23.37,Low,Unhealthy,No,Normal
28,M,194.0,108.7,28.89,Low,Unhealthy,No,Overweight
51,M,158.4,83.5,33.27,Low,Moderate,Yes,Obese Type I
33,F,147.0,85.6,39.6,Low,Moderate,Yes,Obese Type II
26,F,180.3,85.0,26.16,Moderate,Moderate,No,Overweight
49,M,167.5,65.6,23.35,Low,Healthy,Yes,Normal
32,M,150.0,69.5,30.87,Moderate,Moderate,No,Obese Type I
29,F,180.4,55.3,17.01,Moderate,Moderate,No,Underweight
50,M,146.6,46.6,21.7,Moderate,Healthy,No,Normal
62,F,188.5,116.4,32.76,Low,Healthy,No,Obese Type I
31,M,151.9,34.2,14.82,Moderate,Moderate,No,Underweight
25,M,151.4,46.2,20.15,Low,Moderate,Yes,Normal
25,F,153.8,65.0,27.47,Moderate,Moderate,No,Overweight
44,M,193.0,70.5,18.93,Moderate,Moderate,Yes,Normal
29,F,179.7,80.0,24.8,Low,Unhealthy,Yes,Normal
18,M,185.1,100.2,29.25,Low,Moderate,No,Overweight
60,M,164.9,102.0,37.51,Low,Unhealthy,Yes,Obese Type II
57,M,161.8,81.0,30.94,Low,Unhealthy,Yes,Obese Type I
59,F,156.7,77.0,31.33,Low,Moderate,Yes,Obese Type I
28,M,169.0,101.2,35.41,High,Healthy,No,Obese Type II
56,M,172.6,90.8,30.49,Low,Unhealthy,Yes,Obese Type I
60,M,176.6,113.8,36.49,Moderate,Unhealthy,Yes,Obese Type II
48,M,157.9,80.7,32.39,Moderate,Moderate,No,Obese Type I
34,F,192.4,83.8,22.63,Moderate,Moderate,No,Normal
50,F,153.5,95.4,40.5,High,Unhealthy,Yes,Obese Type III
49,M,193.3,176.7,47.31,High,Unhealthy,No,Obese Type III
46,F,145.7,78.3,36.88,Moderate,Moderate,Yes,Obese Type II
38,M,169.1,83.6,29.26,High,Healthy,Yes,Overweight
38,M,161.7,72.2,27.62,Low,Unhealthy,No,Overweight
57,M,167.5,41.2,14.7,Moderate,Moderate,Yes,Underweight
40,F,173.5,85.9,28.51,High,Moderate,No,Overweight
23,F,166.8,71.5,25.7,Moderate,Unhealthy,No,Overweight
39,F,165.7,73.5,26.74,High,Unhealthy,Yes,Overweight
55,F,181.6,96.5,29.26,Low,Moderate,No,Overweight
54,F,179.3,97.8,30.41,Moderate,Healthy,Yes,Obese Type I
62,F,186.7,130.0,37.31,High,Unhealthy,Yes,Obese Type II
25,F,157.5,76.1,30.69,Low,Moderate,No,Obese Type I
58,F,175.5,95.9,31.16,Moderate,Moderate,Yes,Obese Type I
52,F,174.3,76.2,25.08,Low,Healthy,No,Overweight
28,M,163.5,51.0,19.09,Moderate,Unhealthy,Yes,Normal
41,F,169.3,54.9,19.14,High,Moderate,No,Normal
38,F,160.7,77.8,30.14,Low,Healthy,No,Obese Type I
19,F,152.1,59.4,25.69,Low,Healthy,Yes,Overweight
57,F,155.7,124.1,51.2,Low,Moderate,No,Obese Type III
36,F,150.3,50.7,22.43,High,Moderate,No,Normal
56,F,179.2,58.1,18.1,Moderate,Moderate,No,Underweight
45,F,178.0,79.9,25.21,Low,Moderate,Yes,Overweight
34,F,192.5,70.4,18.99,Low,Moderate,No,Normal
23,F,181.5,75.1,22.79,High,Moderate,No,Normal
36,F,147.6,58.6,26.88,High,Healthy,No,Overweight
55,F,189.2,71.8,20.07,Low,Moderate,No,Normal
45,M,188.1,83.8,23.67,Low,Moderate,No,Normal
19,M,167.2,62.3,22.31,Moderate,Healthy,No,Normal
55,F,174.3,60.6,19.95,Moderate,Healthy,No,Normal
54,F,193.8,102.3,27.24,High,Moderate,No,Overweight
21,M,171.6,82.2,27.9,Moderate,Moderate,Yes,Overweight
39,F,190.3,95.9,26.49,Moderate,Moderate,Yes,Overweight
43,M,149.2,62.9,28.28,Moderate,Unhealthy,No,Overweight
60,M,154.6,38.3,16.05,High,Unhealthy,No,Underweight
53,M,167.0,41.4,14.82,Low,Moderate,No,Underweight
30,M,174.2,88.8,29.24,Low,Unhealthy,No,Overweight
49,M,185.8,122.0,35.34,Low,Moderate,No,Obese Type II
34,F,194.4,105.3,27.86,High,Moderate,Yes,Overweight
58,M,164.4,63.3,23.4,Moderate,Moderate,Yes,Normal
53,F,147.4,74.8,34.43,Low,Unhealthy,Yes,Obese Type I
63,F,185.1,51.2,14.95,Moderate,Unhealthy,Yes,Underweight
36,M,175.2,117.5,38.29,Low,Unhealthy,No,Obese Type II
52,M,154.9,84.7,35.28,Low,Unhealthy,No,Obese Type II
63,F,169.7,80.1,27.79,Low,Healthy,Yes,Overweight
57,M,182.1,53.9,16.26,Moderate,Moderate,Yes,Underweight
45,M,183.5,87.4,25.94,Moderate,Unhealthy,Yes,Overweight
18,F,170.0,65.3,22.6,High,Unhealthy,Yes,Normal
59,F,160.3,75.0,29.2,High,Moderate,No,Overweight
35,M,193.7,75.8,20.21,Moderate,Moderate,Yes,Normal
57,F,178.2,161.7,50.93,Moderate,Unhealthy,Yes,Obese Type III
50,M,165.4,47.6,17.39,Low,Healthy,No,Underweight
29,M,159.0,47.2,18.68,Low,Healthy,Yes,Normal
25,M,181.6,66.7,20.22,Low,Unhealthy,No,Normal
41,F,157.1,95.0,38.48,Moderate,Moderate,No,Obese Type II
33,F,153.6,114.5,48.54,Low,Moderate,Yes,Obese Type III
21,F,171.5,83.6,28.42,Low,Moderate,No,Overweight
55,F,159.5,123.4,48.52,Moderate,Healthy,No,Obese Type III
61,F,176.4,107.7,34.6,Low,Unhealthy,Yes,Obese Type I
44,M,150.9,52.4,23.01,Moderate,Moderate,Yes,Normal
26,M,177.7,125.4,39.68,Moderate,Moderate,No,Obese Type II
64,M,159.2,55.0,21.73,Low,Moderate,Yes,Normal
33,M,145.0,65.6,31.21,Low,Healthy,Yes,Obese Type I
29,F,151.3,60.2,26.26,Low,Unhealthy,Yes,Overweight
48,M,191.7,78.4,21.33,Low,Unhealthy,Yes,Normal
41,F,188.4,96.5,27.2,Moderate,Moderate,No,Overweight
31,M,156.7,65.0,26.46,Moderate,Unhealthy,No,Overweight
62,F,183.9,63.6,18.8,Low,Unhealthy,No,Normal
42,F,175.4,68.4,22.22,Low,Moderate,Yes,Normal
51,M,193.5,115.5,30.83,High,Unhealthy,No,Obese Type I
20,M,163.7,62.4,23.3,Low,Moderate,No,Normal
41,M,179.1,78.9,24.59,Low,Unhealthy,No,Normal
59,M,148.2,69.4,31.6,Moderate,Unhealthy,Yes,Obese Type I
26,F,164.8,59.4,21.85,Moderate,Moderate,No,Normal
43,M,193.2,54.2,14.52,Moderate,Unhealthy,No,Underweight
37,M,171.9,69.4,23.46,Moderate,Healthy,Yes,Normal
57,F,159.4,63.6,25.05,Low,Moderate,No,Overweight
27,M,151.0,73.1,32.08,Moderate,Moderate,No,Obese Type I
36,M,180.2,84.6,26.05,Low,Healthy,Yes,Overweight
20,M,177.2,93.6,29.8,Moderate,Unhealthy,No,Overweight
41,M,163.7,40.9,15.25,High,Moderate,Yes,Underweight
22,M,192.5,74.5,20.09,Low,Healthy,No,Normal
20,F,146.1,50.7,23.74,Low,Unhealthy,No,Normal
44,M,160.2,108.9,42.43,Low,Healthy,No,Obese Type III
33,M,191.1,102.6,28.12,Low,Unhealthy,No,Overweight
32,M,161.0,70.4,27.13,Low,Unhealthy,No,Overweight
52,M,157.6,53.7,21.62,Moderate,Moderate,No,Normal
29,M,171.7,85.2,28.9,High,Unhealthy,No,Overweight
58,F,186.2,106.3,30.66,Low,Moderate,Yes,Obese Type I
61,M,150.2,40.6,18.0,Low,Healthy,Yes,Underweight
43,F,192.2,107.8,29.2,Low,Healthy,No,Overweight
64,F,184.8,55.7,16.32,Low,Moderate,Yes,Underweight
51,M,154.1,69.3,29.22,Low,Healthy,No,Overweight
40,M,180.6,49.1,15.06,Moderate,Moderate,No,Underweight
48,M,164.2,78.9,29.24,Low,Unhealthy,Yes,Overweight
37,M,165.1,141.5,51.91,High,Moderate,Yes,Obese Type III
29,F,184.2,135.9,40.07,Moderate,Moderate,No,Obese Type III
40,M,193.1,54.6,14.65,Moderate,Moderate,No,Underweight
21,M,151.3,54.5,23.81,Low,Moderate,Yes,Normal
40,M,166.0,99.0,35.92,Moderate,Moderate,No,Obese Type II
18,M,169.0,84.3,29.5,Moderate,Moderate,No,Overweight
42,M,163.8,68.5,25.51,Low,Healthy,No,Overweight
19,M,163.2,71.5,26.84,Low,Moderate,No,Overweight
47,F,147.6,59.2,27.15,High,Unhealthy,Yes,Overweight
20,F,179.3,59.1,18.37,Low,Moderate,No,Underweight
38,M,166.8,76.0,27.32,Moderate,Moderate,Yes,Overweight
42,M,154.7,100.3,41.87,Low,Healthy,Yes,Obese Type III
37,M,185.8,81.7,23.67,Low,Unhealthy,Yes,Normal
39,F,185.1,80.9,23.62,Low,Moderate,Yes,Normal
38,M,169.3,53.6,18.71,Low,Unhealthy,No,Normal
50,F,159.9,66.4,25.96,Moderate,Unhealthy,Yes,Overweight
55,M,176.9,103.7,33.14,Moderate,Moderate,No,Obese Type I
32,M,159.4,125.5,49.4,Moderate,Moderate,No,Obese Type III
63,M,156.8,58.1,23.62,Moderate,Healthy,No,Normal
32,M,181.5,93.2,28.28,Low,Moderate,No,Overweight
63,F,147.0,81.7,37.81,Moderate,Unhealthy,No,Obese Type II
42,F,149.7,63.0,28.12,Moderate,Moderate,Yes,Overweight
38,M,145.3,41.5,19.67,Moderate,Moderate,No,Normal
41,M,152.6,60.9,26.15,Moderate,Moderate,Yes,Overweight
22,F,148.4,30.9,14.0,Moderate,Moderate,No,Underweight
23,F,194.8,101.6,26.77,Low,Unhealthy,Yes,Overweight
60,F,159.4,80.9,31.84,Moderate,Moderate,No,Obese Type I
61,F,152.5,62.7,26.99,Low,Moderate,Yes,Overweight
64,M,157.0,78.3,31.75,Moderate,Moderate,Yes,Obese Type I
40,F,191.8,188.5,51.23,Low,Healthy,No,Obese Type III
21,M,171.0,115.5,39.51,High,Moderate,No,Obese Type II
44,F,163.2,73.6,27.63,Moderate,Moderate,Yes,Overweight
35,F,188.7,118.9,33.41,Moderate,Moderate,No,Obese Type I
38,F,164.7,104.5,38.51,Moderate,Unhealthy,Yes,Obese Type II
45,F,161.8,115.6,44.18,High,Moderate,No,Obese Type III
52,F,155.4,92.7,38.42,Moderate,Moderate,No,Obese Type II
39,M,163.9,84.9,31.6,Low,Moderate,Yes,Obese Type I
57,M,160.8,89.0,34.41,High,Moderate,Yes,Obese Type I
40,F,178.9,72.0,22.5,Moderate,Healthy,Yes,Normal
20,F,159.5,63.2,24.83,Moderate,Unhealthy,Yes,Normal
57,M,173.9,78.9,26.12,High,Unhealthy,No,Overweight
27,F,148.3,49.9,22.68,Low,Healthy,No,Normal
42,F,154.6,39.8,16.66,Low,Healthy,No,Underweight
25,M,165.4,137.3,50.2,Moderate,Moderate,Yes,Obese Type III
28,F,191.8,67.6,18.37,Moderate,Healthy,No,Underweight
22,F,163.9,82.7,30.8,Moderate,Unhealthy,Yes,Obese Type I
62,M,178.2,46.9,14.75,Moderate,Unhealthy,No,Underweight
54,M,157.8,87.4,35.11,Moderate,Healthy,Yes,Obese Type II
62,M,151.4,53.5,23.35,Moderate,Healthy,No,Normal
55,F,147.9,63.1,28.84,High,Unhealthy,No,Overweight
46,M,160.3,77.7,30.25,Low,Unhealthy,No,Obese Type I
22,M,152.9,84.4,36.11,Moderate,Unhealthy,Yes,Obese Type II
26,M,153.7,66.5,28.16,Moderate,Unhealthy,No,Overweight
19,M,183.0,82.9,24.75,Moderate,Moderate,No,Normal
18,M,145.8,53.7,25.28,Low,Moderate,No,Overweight
57,M,172.9,140.6,47.04,Low,Moderate,No,Obese Type III
47,F,164.0,87.6,32.57,Moderate,Moderate,Yes,Obese Type I
28,F,170.3,102.0,35.16,Low,Healthy,Yes,Obese Type II
45,M,173.1,64.5,21.51,Low,Unhealthy,No,Normal
61,M,160.7,44.2,17.11,Low,Moderate,Yes,Underweight
29,M,159.8,51.7,20.25,Moderate,Healthy,No,Normal
56,F,181.7,56.7,17.17,Moderate,Unhealthy,No,Underweight
43,F,188.6,131.3,36.94,Moderate,Healthy,Yes,Obese Type II
30,F,154.6,62.4,26.12,Low,Moderate,No,Overweight
25,F,149.9,56.3,25.06,Moderate,Unhealthy,No,Overweight
45,F,189.9,101.5,28.16,Moderate,Unhealthy,No,Overweight
47,F,162.5,117.7,44.58,Low,Moderate,No,Obese Type III
26,F,172.6,98.1,32.93,Low,Moderate,Yes,Obese Type I
56,F,163.0,118.9,44.78,High,Moderate,No,Obese Type III
48,F,151.3,55.3,24.18,Moderate,Unhealthy,Yes,Normal
38,M,174.5,44.4,14.6,Moderate,Moderate,No,Underweight
64,M,171.3,51.9,17.71,Low,Unhealthy,Yes,Underweight
51,M,155.1,42.8,17.79,High,Moderate,Yes,Underweight
48,M,167.6,70.3,25.02,Moderate,Moderate,No,Overweight
42,F,184.8,88.5,25.92,High,Moderate,Yes,Overweight
29,F,174.5,86.3,28.33,High,Unhealthy,No,Overweight
18,M,149.8,56.6,25.2,High,Unhealthy,Yes,Overweight
39,F,172.4,101.4,34.13,High,Unhealthy,Yes,Obese Type I
57,M,180.1,110.5,34.07,Low,Unhealthy,Yes,Obese Type I
54,F,184.6,82.5,24.19,High,Unhealthy,Yes,Normal
64,M,176.5,57.9,18.59,Low,Moderate,No,Normal
18,F,152.6,92.3,39.61,High,Moderate,No,Obese Type II
18,F,180.5,101.4,31.13,Low,Moderate,Yes,Obese Type I
59,M,178.9,68.7,21.49,Moderate,Moderate,Yes,Normal
59,F,146.2,76.4,35.73,Low,Unhealthy,Yes,Obese Type II
38,M,165.6,99.9,36.43,Moderate,Healthy,Yes,Obese Type II
32,M,161.6,103.2,39.51,Low,Unhealthy,No,Obese Type II
34,M,178.5,85.3,26.79,Moderate,Moderate,No,Overweight
39,M,155.8,91.3,37.59,High,Healthy,No,Obese Type II
55,F,174.5,100.7,33.05,Moderate,Moderate,No,Obese Type I
52,F,190.7,86.9,23.91,Low,Unhealthy,No,Normal
62,F,184.9,83.6,24.47,Moderate,Moderate,No,Normal
33,M,191.1,84.7,23.2,Low,Unhealthy,Yes,Normal
25,F,193.9,77.2,20.53,Moderate,Moderate,No,Normal
64,M,145.5,49.3,23.29,High,Moderate,No,Normal
34,F,176.1,91.0,29.33,Moderate,Moderate,Yes,Overweight
34,F,165.6,62.9,22.93,Low,Unhealthy,No,Normal
43,F,188.0,108.6,30.74,Low,Healthy,No,Obese Type I
30,M,157.6,68.0,27.37,High,Moderate,No,Overweight
34,F,194.1,77.4,20.56,Low,Unhealthy,Yes,Normal
55,F,175.7,95.9,31.06,Moderate,Moderate,No,Obese Type I
34,M,184.7,117.9,34.58,Moderate,Moderate,No,Obese Type I
31,F,149.3,62.4,28.0,Moderate,Moderate,Yes,Overweight
62,M,154.2,42.3,17.8,High,Unhealthy,No,Underweight
23,F,182.9,75.1,22.44,Low,Unhealthy,No,Normal
52,M,146.1,100.6,47.15,Moderate,Moderate,Yes,Obese Type III
63,M,185.8,111.2,32.18,Moderate,Unhealthy,No,Obese Type I
31,F,145.7,37.2,17.51,Low,Unhealthy,Yes,Underweight
64,M,177.9,54.0,17.08,Low,Healthy,No,Underweight
25,M,163.3,47.4,17.79,Moderate,Moderate,No,Underweight
32,M,175.6,67.2,21.79,Low,Moderate,No,Normal
44,M,179.8,88.1,27.24,High,Moderate,Yes,Overweight
30,M,162.1,56.5,21.49,Low,Moderate,No,Normal
48,M,150.4,48.2,21.3,Low,Moderate,No,Normal
52,F,148.5,48.8,22.12,Low,Healthy,Yes,Normal
23,M,174.4,75.6,24.83,Low,Unhealthy,No,Normal
22,M,171.0,75.9,25.95,Moderate,Unhealthy,Yes,Overweight
39,F,182.1,97.0,29.25,Low,Unhealthy,Yes,Overweight
40,F,170.5,49.4,16.99,Moderate,Moderate,No,Underweight
42,F,166.1,71.3,25.83,High,Moderate,No,Overweight
51,F,164.9,100.1,36.81,Moderate,Unhealthy,No,Obese Type II
43,F,146.3,51.0,23.8,Low,Moderate,Yes,Normal
64,F,161.8,76.9,29.4,High,Unhealthy,Yes,Overweight
22,F,193.8,107.5,28.63,Low,Moderate,No,Overweight
43,M,188.7,125.6,35.27,Moderate,Healthy,Yes,Obese Type II
37,M,161.5,86.1,33.01,Moderate,Moderate,Yes,Obese Type I
23,F,174.4,49.4,16.24,Low,Unhealthy,No,Underweight
23,M,187.4,60.5,17.24,High,Unhealthy,No,Underweight
35,M,167.1,82.8,29.67,Low,Unhealthy,Yes,Overweight
21,M,145.9,47.6,22.38,Moderate,Moderate,Yes,Normal
34,F,148.7,49.6,22.43,Low,Moderate,No,Normal
31,F,170.5,97.5,33.54,Moderate,Healthy,No,Obese Type I
31,M,193.5,146.7,39.18,Moderate,Moderate,Yes,Obese Type II
30,F,179.7,50.1,15.51,Low,Moderate,No,Underweight
24,M,148.5,71.6,32.44,Moderate,Healthy,Yes,Obese Type I
61,M,154.5,52.6,22.04,Moderate,Moderate,No,Normal
32,M,183.6,90.7,26.91,Moderate,Unhealthy,Yes,Overweight
36,M,187.1,129.5,37.0,Moderate,Moderate,No,Obese Type II
60,F,175.9,44.1,14.26,Moderate,Moderate,No,Underweight
64,F,177.2,124.7,39.71,Low,Moderate,No,Obese Type II
61,F,146.4,68.1,31.79,Moderate,Unhealthy,No,Obese Type I
52,M,186.4,166.7,47.95,Moderate,Unhealthy,No,Obese Type III
34,F,184.4,131.8,38.75,Moderate,Unhealthy,No,Obese Type II
52,M,158.0,53.8,21.56,High,Unhealthy,Yes,Normal
36,F,180.4,66.3,20.37,Low,Healthy,Yes,Normal
37,M,155.7,83.4,34.38,Low,Moderate,No,Obese Type I
53,M,147.0,69.8,32.28,Low,Moderate,No,Obese Type I
52,M,155.1,34.3,14.25,Low,Moderate,No,Underweight
49,F,153.9,50.9,21.47,Low,Moderate,No,Normal
61,F,161.9,65.6,25.03,High,Healthy,No,Overweight
57,F,165.9,122.1,44.37,Low,Moderate,No,Obese Type III
41,F,170.4,109.3,37.62,Moderate,Moderate,No,Obese Type II
34,M,168.8,67.3,23.6,Low,Moderate,Yes,Normal
24,F,158.5,81.9,32.58,Moderate,Healthy,Yes,Obese Type I
60,F,146.5,54.5,25.43,High,Healthy,No,Overweight
18,M,175.3,105.9,34.47,Low,Healthy,Yes,Obese Type I
52,M,164.8,41.2,15.16,High,Unhealthy,Yes,Underweight
49,M,159.9,111.0,43.41,High,Unhealthy,Yes,Obese Type III
53,F,188.3,115.7,32.62,Moderate,Unhealthy,Yes,Obese Type I
30,M,182.3,89.9,27.04,Low,Moderate,No,Overweight
23,M,187.9,66.4,18.81,Moderate,Moderate,Yes,Normal
31,M,169.7,97.0,33.66,High,Unhealthy,No,Obese Type I
54,F,151.5,76.1,33.15,Low,Moderate,Yes,Obese Type I
32,M,179.8,60.3,18.64,Moderate,Unhealthy,No,Normal
64,F,155.3,90.2,37.41,Low,Healthy,No,Obese Type II
21,F,167.1,53.5,19.15,Low,Unhealthy,No,Normal
57,M,148.3,34.1,15.54,High,Moderate,No,Underweight
33,M,186.3,137.1,39.5,Moderate,Moderate,Yes,Obese Type II
45,F,151.3,90.4,39.51,Low,Moderate,No,Obese Type II
33,M,190.2,167.5,46.33,Moderate,Unhealthy,Yes,Obese Type III
21,M,188.2,83.6,23.61,Low,Healthy,Yes,Normal
62,F,168.2,57.2,20.21,Low,Moderate,No,Normal
43,F,182.2,72.4,21.8,Moderate,Healthy,No,Normal
45,M,176.0,60.3,19.49,Moderate,Healthy,No,Normal
49,F,185.2,100.4,29.28,Low,Moderate,No,Overweight
62,M,166.6,81.3,29.3,Low,Healthy,No,Overweight
19,M,184.3,66.5,19.57,Moderate,Healthy,No,Normal
48,M,168.1,77.1,27.27,High,Healthy,Yes,Overweight
20,F,192.0,125.0,33.89,High,Healthy,No,Obese Type I
25,M,169.3,99.2,34.62,Low,Healthy,No,Obese Type I
41,M,168.1,56.0,19.82,Moderate,Moderate,Yes,Normal
32,M,184.3,86.7,25.54,High,Unhealthy,No,Overweight
60,F,186.1,68.7,19.83,Moderate,Healthy,Yes,Normal
48,F,172.7,57.3,19.21,High,Moderate,No,Normal
26,F,154.0,40.1,16.89,High,Unhealthy,No,Underweight
56,F,168.4,80.7,28.47,Low,Moderate,Yes,Overweight
62,F,193.4,114.3,30.56,Low,Moderate,Yes,Obese Type I
19,M,182.6,64.5,19.33,Low,Moderate,No,Normal
25,F,185.6,133.1,38.66,Low,Unhealthy,No,Obese Type II
24,F,146.6,44.5,20.68,High,Unhealthy,Yes,Normal
61,F,168.4,133.6,47.13,High,Moderate,No,Obese Type III
56,M,177.3,114.1,36.3,Low,Moderate,Yes,Obese Type II
59,F,186.5,81.8,23.52,Moderate,Moderate,Yes,Normal
33,F,147.5,72.5,33.34,Moderate,Moderate,No,Obese Type I
52,M,187.6,97.7,27.76,Low,Moderate,No,Overweight
47,F,172.4,93.1,31.32,Moderate,Unhealthy,Yes,Obese Type I
27,M,154.9,57.7,24.08,High,Unhealthy,No,Normal
55,M,160.9,56.9,22.0,Low,Moderate,Yes,Normal
35,M,159.1,88.3,34.9,Low,Moderate,No,Obese Type I
22,M,171.5,79.7,27.1,Low,Unhealthy,Yes,Overweight
46,M,147.6,84.8,38.95,Low,Moderate,Yes,Obese Type II
56,F,152.9,75.5,32.27,Low,Healthy,Yes,Obese Type I
51,M,185.6,77.2,22.4,Moderate,Healthy,Yes,Normal
60,M,151.6,90.4,39.33,Moderate,Moderate,Yes,Obese Type II
62,F,156.7,52.1,21.24,Moderate,Unhealthy,Yes,Normal
40,M,167.7,83.7,29.79,Low,Unhealthy,No,Overweight
22,F,170.9,93.4,32.0,Low,Unhealthy,Yes,Obese Type I
47,F,183.2,55.3,16.49,High,Unhealthy,Yes,Underweight
23,F,167.4,49.5,17.67,High,Moderate,No,Underweight
63,M,184.5,109.8,32.26,Low,Moderate,Yes,Obese Type I
61,M,175.9,91.0,29.4,Low,Unhealthy,No,Overweight
21,M,150.7,45.6,20.09,High,Healthy,Yes,Normal
46,F,152.8,116.1,49.71,Low,Moderate,Yes,Obese Type III
40,M,166.9,100.1,35.96,Low,Moderate,No,Obese Type II
23,M,164.8,50.7,18.67,Moderate,Healthy,Yes,Normal
49,M,182.2,77.8,23.45,Low,Moderate,No,Normal
59,F,174.0,70.2,23.17,Low,Healthy,Yes,Normal
35,F,164.4,56.8,21.03,Moderate,Unhealthy,No,Normal
32,M,153.5,101.2,42.94,Moderate,Unhealthy,No,Obese Type III
57,M,156.3,49.9,20.43,High,Moderate,Yes,Normal
49,M,173.8,65.3,21.64,High,Moderate,No,Normal
26,M,166.2,63.4,22.95,Low,Unhealthy,No,Normal
54,F,170.7,109.8,37.67,Low,Moderate,No,Obese Type II
27,F,153.5,39.4,16.72,Moderate,Unhealthy,No,Underweight
37,F,178.1,53.0,16.71,Moderate,Moderate,Yes,Underweight
23,F,187.6,109.0,30.97,Low,Moderate,No,Obese Type I
20,M,157.9,98.4,39.46,Low,Moderate,Yes,Obese Type II
59,M,169.6,104.9,36.5,Low,Moderate,Yes,Obese Type II
28,M,193.8,110.7,29.48,Moderate,Healthy,Yes,Overweight
60,F,161.7,62.1,23.75,Low,Moderate,No,Normal
34,M,174.8,42.8,14.02,High,Healthy,Yes,Underweight
49,F,149.5,75.4,33.73,Low,Unhealthy,Yes,Obese Type I
21,F,175.3,106.2,34.56,High,Moderate,Yes,Obese Type I
21,M,149.5,44.7,19.98,High,Moderate,Yes,Normal
34,M,193.0,156.9,42.13,Moderate,Healthy,Yes,Obese Type III
58,M,180.8,106.5,32.6,Moderate,Moderate,Yes,Obese Type I
36,F,184.4,51.9,15.26,Moderate,Healthy,Yes,Underweight
22,M,180.2,94.7,29.18,Low,Unhealthy,Yes,Overweight
49,F,174.5,100.6,33.05,Low,Healthy,No,Obese Type I
39,M,167.5,74.2,26.46,Moderate,Unhealthy,No,Overweight
23,F,187.9,74.6,21.12,Moderate,Unhealthy,Yes,Normal
52,F,192.8,55.5,14.93,Moderate,Unhealthy,No,Underweight
39,M,170.0,78.1,27.05,Moderate,Moderate,Yes,Overweight
18,F,191.6,60.9,16.59,Moderate,Moderate,No,Underweight
37,F,174.2,77.0,25.38,Moderate,Unhealthy,Yes,Overweight
39,M,171.9,121.7,41.19,Moderate,Unhealthy,No,Obese Type III
28,F,167.7,98.5,35.0,Moderate,Moderate,No,Obese Type II
30,M,155.5,84.8,35.1,High,Healthy,No,Obese Type II
59,F,145.2,67.0,31.77,Moderate,Moderate,No,Obese Type I
20,M,157.1,78.9,31.97,Moderate,Moderate,No,Obese Type I
26,M,170.5,50.5,17.38,Moderate,Moderate,Yes,Underweight
29,F,164.0,48.6,18.06,Moderate,Moderate,No,Underweight
40,F,167.4,45.2,16.11,Moderate,Healthy,Yes,Underweight
31,F,194.0,120.2,31.93,Low,Moderate,Yes,Obese Type I
50,F,162.5,61.7,23.36,High,Moderate,No,Normal
35,F,167.6,97.0,34.52,Low,Healthy,No,Obese Type I
58,M,151.7,50.0,21.74,Low,Healthy,Yes,Normal
26,F,147.4,43.8,20.15,Low,Unhealthy,No,Normal
40,M,183.8,106.9,31.66,Low,Moderate,No,Obese Type I
27,M,173.5,81.2,26.98,Moderate,Moderate,Yes,Overweight
36,F,183.0,115.6,34.5,Moderate,Moderate,Yes,Obese Type I
64,M,152.5,75.1,32.31,High,Moderate,No,Obese Type I
22,M,173.6,99.9,33.14,Low,Moderate,No,Obese Type I
64,M,157.7,35.9,14.42,Low,Unhealthy,Yes,Underweight
40,M,156.4,39.2,16.01,Low,Moderate,Yes,Underweight
47,F,145.6,77.4,36.53,Moderate,Healthy,Yes,Obese Type II
42,M,151.5,55.8,24.32,High,Moderate,Yes,Normal
45,F,160.5,98.5,38.26,Moderate,Healthy,Yes,Obese Type II
51,F,150.8,43.8,19.25,Low,Healthy,No,Normal
62,M,194.3,54.6,14.47,High,Moderate,No,Underweight
64,F,160.4,56.7,22.03,Low,Healthy,No,Normal
42,F,151.5,33.5,14.6,Moderate,Unhealthy,Yes,Underweight
27,F,155.0,54.1,22.54,Moderate,Moderate,Yes,Normal
31,M,174.4,84.2,27.7,Low,Moderate,No,Overweight
59,F,148.2,45.8,20.88,Low,Moderate,No,Normal
63,F,188.1,53.1,15.0,Low,Unhealthy,Yes,Underweight
47,F,193.1,148.4,39.8,High,Unhealthy,No,Obese Type II
58,M,157.3,73.0,29.49,Moderate,Unhealthy,No,Overweight
42,F,167.5,70.6,25.16,High,Moderate,No,Overweight
31,M,146.1,87.9,41.19,Moderate,Healthy,No,Obese Type III
52,M,177.0,97.9,31.24,Moderate,Healthy,No,Obese Type I
51,M,165.7,62.1,22.63,Moderate,Unhealthy,Yes,Normal
27,M,158.5,65.9,26.23,High,Moderate,No,Overweight
52,M,155.3,49.9,20.69,Low,Unhealthy,Yes,Normal
28,M,177.7,156.6,49.58,Low,Moderate,Yes,Obese Type III
28,F,165.8,71.4,25.98,Moderate,Healthy,Yes,Overweight
38,M,154.0,84.8,35.77,High,Healthy,Yes,Obese Type II
38,F,179.5,67.1,20.84,High,Unhealthy,No,Normal
39,F,173.3,107.0,35.65,Moderate,Unhealthy,Yes,Obese Type II
62,M,187.9,76.5,21.66,Low,Unhealthy,No,Normal
24,F,150.9,50.4,22.14,Low,Moderate,Yes,Normal
34,F,184.3,92.1,27.13,High,Healthy,Yes,Overweight
19,F,178.7,61.9,19.4,Moderate,Moderate,No,Normal
29,F,150.8,89.4,39.34,Low,Moderate,Yes,Obese Type II
59,M,179.7,62.1,19.23,High,Moderate,No,Normal
35,F,167.1,46.6,16.68,Low,Unhealthy,Yes,Underweight
28,M,192.2,117.6,31.83,Moderate,Unhealthy,No,Obese Type I
33,F,152.1,77.5,33.49,Moderate,Unhealthy,Yes,Obese Type I
35,F,177.1,128.0,40.78,Low,Moderate,No,Obese Type III
52,M,164.1,51.0,18.94,Low,Healthy,Yes,Normal
43,F,192.8,144.6,38.88,Low,Moderate,No,Obese Type II
33,F,161.5,66.3,25.41,Moderate,Unhealthy,No,Overweight
23,F,193.1,76.1,20.41,Moderate,Moderate,Yes,Normal
61,M,190.1,94.9,26.26,Low,Unhealthy,Yes,Overweight
60,F,158.5,43.3,17.22,High,Unhealthy,No,Underweight
64,M,185.2,73.4,21.4,Low,Moderate,No,Normal
64,F,194.8,89.7,23.64,Low,Moderate,Yes,Normal
59,M,157.6,73.1,29.42,Low,Healthy,No,Overweight
29,M,166.8,82.4,29.61,Low,Moderate,No,Overweight
30,F,171.0,110.6,37.82,High,Unhealthy,No,Obese Type II
21,F,159.7,112.0,43.88,Low,Unhealthy,No,Obese Type III
56,M,145.8,39.9,18.79,Moderate,Unhealthy,No,Normal
19,M,156.0,69.5,28.54,High,Unhealthy,No,Overweight
43,F,159.1,77.8,30.73,Moderate,Unhealthy,No,Obese Type I
44,M,167.2,72.3,25.87,Low,Moderate,Yes,Overweight
44,F,153.6,72.6,30.77,High,Unhealthy,No,Obese Type I
32,F,188.7,152.2,42.77,Moderate,Healthy,No,Obese Type III
25,F,180.2,77.8,23.95,Low,Moderate,No,Normal
24,F,149.3,56.0,25.12,Moderate,Moderate,Yes,Overweight
64,M,177.5,80.1,25.41,High,Moderate,Yes,Overweight
63,F,177.7,148.6,47.06,Moderate,Moderate,No,Obese Type III
57,M,192.8,82.2,22.11,Moderate,Moderate,No,Normal
29,F,145.2,36.9,17.52,High,Unhealthy,Yes,Underweight
30,M,157.4,125.1,50.49,Moderate,Healthy,Yes,Obese Type III
60,F,191.4,75.4,20.58,Low,Unhealthy,No,Normal
34,M,191.6,61.9,16.87,Low,Healthy,No,Underweight
34,M,181.0,89.3,27.25,Moderate,Unhealthy,No,Overweight
53,F,183.3,141.1,42.01,Low,Moderate,No,Obese Type III
38,F,149.6,32.0,14.32,High,Moderate,Yes,Underweight
25,F,170.7,54.5,18.71,Moderate,Moderate,No,Normal
22,F,156.6,65.1,26.54,Moderate,Unhealthy,No,Overweight
43,M,154.1,55.3,23.3,Moderate,Unhealthy,No,Normal
33,F,185.5,78.8,22.9,Moderate,Moderate,Yes,Normal
53,M,151.8,50.1,21.78,Low,Healthy,Yes,Normal
45,M,168.4,114.7,40.45,Low,Moderate,No,Obese Type III
46,F,191.9,107.5,29.19,Moderate,Moderate,No,Overweight
64,M,154.3,62.7,26.36,High,Unhealthy,No,Overweight
29,M,193.9,85.9,22.85,Moderate,Moderate,No,Normal
54,M,194.7,133.5,35.2,Low,Unhealthy,Yes,Obese Type II
47,M,172.8,46.1,15.43,Low,Unhealthy,No,Underweight
40,F,153.5,47.6,20.2,High,Moderate,No,Normal
33,F,160.8,51.1,19.75,High,Moderate,No,Normal
31,F,166.2,67.6,24.48,Low,Unhealthy,No,Normal
27,F,160.5,51.0,19.81,Moderate,Unhealthy,Yes,Normal
24,M,159.0,61.9,24.47,Moderate,Moderate,No,Normal
62,M,193.6,127.0,33.87,Moderate,Unhealthy,No,Obese Type I
54,F,152.7,55.6,23.85,High,Healthy,No,Normal
46,F,181.7,86.8,26.29,Low,Moderate,No,Overweight
20,F,145.0,61.1,29.03,Moderate,Unhealthy,No,Overweight
32,M,174.8,105.0,34.36,Low,Moderate,No,Obese Type I
53,F,190.8,156.0,42.86,Low,Moderate,Yes,Obese Type III
64,F,159.4,63.7,25.07,Moderate,Moderate,Yes,Overweight
63,F,154.3,85.1,35.76,Low,Moderate,No,Obese Type II
36,M,177.6,115.5,36.61,Moderate,Unhealthy,Yes,Obese Type II
30,M,180.6,61.2,18.75,Low,Moderate,Yes,Normal
59,M,179.4,77.8,24.19,Moderate,Moderate,No,Normal
38,M,161.0,40.9,15.79,Low,Moderate,No,Underweight
54,M,157.6,38.8,15.63,Moderate,Moderate,Yes,Underweight
44,M,192.8,74.8,20.11,Moderate,Moderate,Yes,Normal
46,M,191.2,135.7,37.14,High,Moderate,Yes,Obese Type II
37,M,167.9,62.8,22.27,High,Moderate,No,Normal
42,F,187.3,70.7,20.16,Low,Moderate,Yes,Normal
23,F,167.6,73.5,26.16,Low,Moderate,No,Overweight
53,M,166.2,89.5,32.41,Moderate,Unhealthy,No,Obese Type I
19,M,152.8,80.9,34.65,Moderate,Moderate,Yes,Obese Type I
39,F,166.3,57.1,20.64,Low,Moderate,Yes,Normal
49,M,171.9,57.5,19.47,Low,Unhealthy,No,Normal
33,M,146.1,82.7,38.72,Moderate,Healthy,Yes,Obese Type II
35,M,167.2,77.3,27.64,High,Moderate,No,Overweight
22,F,184.1,55.7,16.44,High,Moderate,No,Underweight
53,F,179.0,105.1,32.81,Low,Unhealthy,Yes,Obese Type I
47,F,176.8,71.1,22.77,Low,Moderate,Yes,Normal
62,F,190.5,79.8,21.99,Low,Moderate,No,Normal
36,F,145.9,57.2,26.87,Moderate,Unhealthy,Yes,Overweight
40,M,172.9,102.6,34.33,Moderate,Moderate,Yes,Obese Type I
51,F,184.4,61.6,18.11,Moderate,Healthy,Yes,Underweight
30,M,172.1,84.2,28.43,Moderate,Moderate,No,Overweight
60,M,161.2,96.9,37.29,Low,Moderate,No,Obese Type II
46,F,151.8,82.7,35.87,Low,Moderate,Yes,Obese Type II
53,F,189.4,81.4,22.71,High,Unhealthy,No,Normal
39,M,168.5,111.8,39.37,Low,Healthy,Yes,Obese Type II
64,M,188.9,98.4,27.57,Low,Healthy,No,Overweight
53,M,174.3,75.3,24.77,Moderate,Moderate,Yes,Normal
26,F,178.7,74.3,23.26,Moderate,Unhealthy,Yes,Normal
56,F,185.2,96.0,27.98,High,Unhealthy,No,Overweight
36,F,178.0,78.1,24.67,Low,Unhealthy,Yes,Normal
55,F,164.9,80.5,29.6,Moderate,Moderate,Yes,Overweight
23,F,170.7,48.1,16.52,Moderate,Unhealthy,No,Underweight
64,M,185.2,115.4,33.65,High,Moderate,No,Obese Type I
32,F,163.7,107.3,40.05,Moderate,Moderate,No,Obese Type III
37,M,164.4,43.5,16.08,High,Unhealthy,No,Underweight
26,M,149.8,41.0,18.29,Low,Moderate,No,Underweight
49,M,190.7,78.3,21.53,Moderate,Unhealthy,Yes,Normal
21,F,149.6,36.4,16.3,Moderate,Healthy,Yes,Underweight
35,F,177.4,59.1,18.79,Low,Moderate,Yes,Normal
22,F,165.7,57.6,21.01,Low,Moderate,Yes,Normal
37,M,165.3,116.1,42.49,Moderate,Unhealthy,No,Obese Type III
40,M,179.0,95.6,29.84,Low,Healthy,Yes,Overweight
28,M,148.4,76.7,34.87,High,Moderate,Yes,Obese Type I
54,M,174.7,140.0,45.87,Moderate,Moderate,Yes,Obese Type III
39,M,183.6,103.0,30.54,Low,Unhealthy,Yes,Obese Type I
21,M,186.4,100.6,28.96,Moderate,Moderate,No,Overweight
46,F,153.5,67.0,28.44,Low,Unhealthy,Yes,Overweight
61,F,189.9,112.6,31.24,Moderate,Healthy,Yes,Obese Type I
51,F,177.8,117.8,37.25,Moderate,Healthy,No,Obese Type II
30,F,189.1,86.0,24.04,High,Moderate,No,Normal
59,M,169.3,82.2,28.68,Moderate,Healthy,No,Overweight
26,M,172.1,79.6,26.87,High,Unhealthy,No,Overweight
59,F,191.0,138.1,37.86,Moderate,Unhealthy,No,Obese Type II
48,M,190.0,69.3,19.2,Moderate,Unhealthy,Yes,Normal
24,F,167.4,98.6,35.17,Moderate,Unhealthy,Yes,Obese Type II
21,F,158.7,92.6,36.76,Moderate,Healthy,No,Obese Type II
36,F,164.7,80.0,29.52,Low,Unhealthy,Yes,Overweight
59,M,164.4,59.8,22.13,High,Healthy,Yes,Normal
47,F,159.3,85.6,33.71,Moderate,Moderate,Yes,Obese Type I
48,F,158.4,70.4,28.06,Low,Moderate,Yes,Overweight
52,F,188.1,120.7,34.12,High,Unhealthy,No,Obese Type I
38,M,148.5,70.0,31.73,Low,Unhealthy,Yes,Obese Type I
48,M,178.9,144.7,45.21,High,Unhealthy,Yes,Obese Type III
36,F,153.6,36.8,15.6,Low,Moderate,No,Underweight
48,M,162.2,50.7,19.28,Moderate,Moderate,No,Normal
49,M,148.1,41.3,18.84,Moderate,Moderate,No,Normal
19,M,158.5,76.3,30.36,Moderate,Moderate,Yes,Obese Type I
27,M,183.4,64.2,19.09,Low,Moderate,No,Normal
19,M,189.3,54.4,15.18,Low,Unhealthy,No,Underweight
19,M,156.1,72.4,29.73,Low,Healthy,Yes,Overweight
41,M,168.2,111.1,39.29,High,Moderate,Yes,Obese Type II
34,M,168.5,57.4,20.2,Low,Unhealthy,No,Normal
49,M,188.7,62.0,17.43,Moderate,Moderate,Yes,Underweight
33,M,183.1,55.2,16.45,High,Healthy,Yes,Underweight
33,F,170.7,58.4,20.06,High,Healthy,Yes,Normal
63,F,178.5,156.4,49.08,Low,Unhealthy,Yes,Obese Type III
56,M,187.4,132.7,37.8,High,Moderate,Yes,Obese Type II
48,F,145.5,80.8,38.16,Low,Unhealthy,Yes,Obese Type II
60,F,165.1,118.3,43.38,Moderate,Healthy,Yes,Obese Type III
41,M,190.4,102.8,28.38,Moderate,Unhealthy,Yes,Overweight
18,M,182.0,79.9,24.13,Low,Unhealthy,Yes,Normal
28,M,172.1,136.1,45.93,Low,Healthy,No,Obese Type III
38,F,171.5,63.3,21.52,Moderate,Healthy,No,Normal
21,F,162.4,100.6,38.16,Moderate,Moderate,Yes,Obese Type II
24,M,171.0,47.9,16.39,High,Unhealthy,No,Underweight
43,M,177.8,55.1,17.43,Low,Moderate,No,Underweight
64,M,165.9,59.2,21.52,High,Healthy,No,Normal
29,F,180.7,98.7,30.23,Moderate,Moderate,Yes,Obese Type I
48,F,188.1,74.4,21.05,High,Unhealthy,No,Normal
34,F,152.7,48.2,20.66,Moderate,Unhealthy,No,Normal
50,F,167.6,140.1,49.9,High,Healthy,Yes,Obese Type III
28,M,165.4,108.3,39.59,Low,Moderate,No,Obese Type II
45,M,179.4,65.6,20.4,Moderate,Moderate,No,Normal
49,M,157.5,59.1,23.81,Low,Moderate,Yes,Normal
18,M,177.0,97.6,31.16,Low,Moderate,No,Obese Type I
64,F,188.9,77.6,21.74,Moderate,Healthy,Yes,Normal
45,F,165.9,80.8,29.35,Moderate,Moderate,Yes,Overweight
59,M,190.6,88.3,24.31,Low,Moderate,Yes,Normal
24,M,194.7,108.6,28.66,Moderate,Unhealthy,No,Overweight
19,F,150.3,115.0,50.89,Moderate,Unhealthy,No,Obese Type III
59,M,156.7,36.6,14.91,Low,Moderate,No,Underweight
41,F,192.5,100.5,27.11,Moderate,Healthy,No,Overweight
21,M,192.9,110.3,29.63,Moderate,Moderate,Yes,Overweight
61,M,149.9,48.1,21.39,Low,Unhealthy,Yes,Normal
36,M,145.7,51.5,24.22,Moderate,Unhealthy,No,Normal
43,M,153.1,107.2,45.74,Moderate,Healthy,No,Obese Type III
28,M,194.8,89.3,23.53,High,Unhealthy,No,Normal
57,M,154.0,75.3,31.74,Low,Healthy,Yes,Obese Type I
60,M,170.1,115.1,39.78,High,Unhealthy,No,Obese Type II
28,F,187.4,97.6,27.77,Low,Healthy,Yes,Overweight
62,F,146.0,47.4,22.24,Moderate,Healthy,Yes,Normal
20,F,175.2,81.3,26.48,Low,Unhealthy,No,Overweight
29,F,158.9,38.1,15.11,High,Moderate,No,Underweight
20,F,188.1,77.7,21.97,Moderate,Unhealthy,Yes,Normal
59,M,159.2,70.9,27.98,Low,Unhealthy,No,Overweight
44,M,179.3,68.2,21.2,Low,Moderate,Yes,Normal
19,F,178.7,119.2,37.33,Low,Moderate,Yes,Obese Type II
33,M,156.1,110.3,45.28,Low,Moderate,No,Obese Type III
19,F,146.7,54.4,25.25,Moderate,Moderate,Yes,Overweight
47,F,165.5,93.6,34.17,Moderate,Unhealthy,No,Obese Type I
37,M,159.5,132.1,51.97,High,Unhealthy,No,Obese Type III
55,M,185.4,76.3,22.18,High,Moderate,Yes,Normal
45,M,185.0,95.0,27.76,Moderate,Moderate,No,Overweight
42,F,167.9,67.6,23.98,Low,Moderate,Yes,Normal
49,M,175.3,139.5,45.4,Low,Moderate,Yes,Obese Type III
27,F,175.2,59.6,19.4,Moderate,Healthy,No,Normal
59,F,186.4,109.5,31.53,Moderate,Moderate,Yes,Obese Type I
57,F,166.3,132.8,48.05,Moderate,Unhealthy,Yes,Obese Type III
50,M,158.8,69.9,27.74,High,Moderate,No,Overweight
30,M,158.3,45.3,18.1,High,Moderate,No,Underweight
58,F,171.8,88.2,29.87,Low,Moderate,No,Overweight
59,M,167.5,79.9,28.48,Low,Moderate,No,Overweight
64,M,167.0,46.8,16.78,High,Moderate,No,Underweight
54,M,149.6,75.6,33.81,High,Unhealthy,No,Obese Type I
33,F,180.9,101.8,31.11,Low,Moderate,Yes,Obese Type I
62,F,155.7,125.9,51.94,Moderate,Unhealthy,No,Obese Type III
39,M,154.8,43.4,18.12,Moderate,Moderate,Yes,Underweight
37,F,165.6,62.9,22.91,Moderate,Moderate,No,Normal
60,M,156.4,60.4,24.69,Low,Moderate,Yes,Normal
44,M,174.2,65.8,21.69,High,Moderate,No,Normal
58,M,163.6,71.2,26.6,Moderate,Unhealthy,No,Overweight
33,M,167.4,71.9,25.64,Low,Healthy,No,Overweight
51,F,171.9,102.8,34.8,Moderate,Moderate,No,Obese Type I
49,F,155.2,94.4,39.21,Moderate,Moderate,Yes,Obese Type II
43,F,152.8,48.0,20.58,High,Unhealthy,No,Normal
42,M,189.0,90.1,25.22,Low,Unhealthy,Yes,Overweight
19,M,166.7,115.9,41.73,High,Moderate,No,Obese Type III
29,M,165.6,112.5,41.0,Low,Moderate,No,Obese Type III
57,F,146.8,77.0,35.74,Moderate,Unhealthy,No,Obese Type II
26,M,169.9,49.5,17.17,Moderate,Moderate,Yes,Underweight
29,F,172.7,68.8,23.07,Moderate,Moderate,Yes,Normal
43,F,172.9,76.4,25.53,Moderate,Moderate,No,Overweight
26,F,180.4,147.8,45.43,High,Moderate,Yes,Obese Type III
27,F,153.9,76.8,32.46,Moderate,Healthy,No,Obese Type I
49,F,157.6,65.8,26.48,Moderate,Unhealthy,No,Overweight
51,F,185.5,75.6,21.97,Low,Moderate,Yes,Normal
37,M,192.4,99.6,26.91,Low,Unhealthy,No,Overweight
56,M,151.8,76.9,33.38,Low,Moderate,No,Obese Type I
19,F,169.9,44.7,15.49,High,Moderate,No,Underweight
18,F,155.7,61.8,25.47,Moderate,Unhealthy,No,Overweight
53,M,148.0,41.2,18.83,High,Moderate,Yes,Normal
41,F,161.3,127.0,48.84,Low,Healthy,Yes,Obese Type III
44,F,152.2,32.6,14.09,Moderate,Unhealthy,No,Underweight
19,M,180.5,104.7,32.15,Low,Moderate,Yes,Obese Type I
48,F,171.7,101.8,34.53,Moderate,Healthy,No,Obese Type I
31,F,152.2,60.0,25.92,Low,Moderate,No,Overweight
19,F,145.5,73.4,34.68,Low,Moderate,No,Obese Type I
46,M,185.4,97.4,28.34,Moderate,Healthy,No,Overweight
32,M,153.8,49.5,20.94,Low,Unhealthy,No,Normal
29,M,175.3,106.2,34.55,Moderate,Unhealthy,Yes,Obese Type I
54,F,161.8,75.6,28.87,Moderate,Moderate,No,Overweight
45,F,174.3,60.3,19.86,Moderate,Moderate,Yes,Normal
37,M,160.8,66.9,25.87,High,Unhealthy,Yes,Overweight
56,F,149.3,58.9,26.43,Low,Moderate,No,Overweight
41,F,156.1,82.8,33.96,Moderate,Moderate,No,Obese Type I
38,F,154.4,61.7,25.89,High,Healthy,Yes,Overweight
27,F,166.4,82.7,29.86,Moderate,Moderate,Yes,Overweight
63,F,177.9,79.7,25.18,Low,Healthy,No,Overweight
31,M,158.2,38.6,15.41,High,Healthy,No,Underweight
54,F,145.6,50.3,23.7,Low,Moderate,Yes,Normal
35,M,170.9,106.0,36.27,Low,Moderate,Yes,Obese Type II
41,F,175.3,61.5,20.01,Low,Moderate,No,Normal
31,M,193.1,171.7,46.03,Low,Unhealthy,Yes,Obese Type III
51,F,174.5,97.5,32.04,Low,Moderate,No,Obese Type I
29,M,168.6,76.4,26.89,Low,Moderate,No,Overweight
39,F,173.7,68.0,22.56,Moderate,Moderate,Yes,Normal
23,M,191.4,96.8,26.44,Low,Moderate,No,Overweight
53,F,186.4,72.5,20.86,Low,Moderate,No,Normal
62,M,161.1,72.9,28.08,Moderate,Moderate,Yes,Overweight
53,F,156.9,99.5,40.43,Low,Moderate,Yes,Obese Type III
39,M,158.1,49.4,19.74,Low,Unhealthy,No,Normal
31,M,170.2,78.5,27.11,Moderate,Moderate,Yes,Overweight
33,F,182.2,103.5,31.19,Low,Healthy,No,Obese Type I
53,F,170.2,84.9,29.33,Low,Healthy,No,Overweight
42,M,148.4,113.4,51.51,Moderate,Unhealthy,No,Obese Type III
49,F,181.2,113.1,34.44,Moderate,Moderate,Yes,Obese Type I
50,M,185.3,67.9,19.76,Moderate,Healthy,Yes,Normal
62,M,159.5,43.5,17.11,High,Unhealthy,Yes,Underweight
53,M,178.2,134.2,42.24,Moderate,Unhealthy,No,Obese Type III
37,F,166.3,79.3,28.66,Moderate,Unhealthy,Yes,Overweight
35,M,189.5,171.4,47.76,Low,Moderate,Yes,Obese Type III
55,M,187.3,154.8,44.14,Moderate,Moderate,No,Obese Type III
20,F,171.3,64.5,21.98,Low,Unhealthy,No,Normal
40,F,179.6,59.7,18.51,Moderate,Moderate,Yes,Normal
49,F,189.2,120.5,33.68,Moderate,Unhealthy,Yes,Obese Type I
62,F,169.8,91.4,31.69,Moderate,Moderate,No,Obese Type I
33,M,160.7,69.1,26.76,High,Moderate,No,Overweight
22,M,182.7,55.0,16.47,High,Moderate,No,Underweight
21,M,156.0,46.3,19.01,Low,Unhealthy,Yes,Normal
38,M,164.4,81.2,30.05,Low,Moderate,Yes,Obese Type I
57,F,188.3,163.7,46.18,High,Moderate,No,Obese Type III
31,M,181.2,133.7,40.7,Moderate,Moderate,No,Obese Type III
56,M,165.2,72.9,26.71,Moderate,Moderate,Yes,Overweight
48,F,155.7,89.2,36.77,Moderate,Moderate,Yes,Obese Type II
31,M,162.8,63.6,23.99,Moderate,Unhealthy,No,Normal
23,M,159.2,47.2,18.61,High,Unhealthy,No,Normal
29,M,153.8,53.7,22.69,Moderate,Unhealthy,Yes,Normal
33,M,182.2,70.6,21.26,Moderate,Moderate,No,Normal
34,M,157.6,41.2,16.59,Moderate,Moderate,No,Underweight
62,M,167.7,90.1,32.03,High,Moderate,No,Obese Type I
40,F,164.3,68.6,25.43,Moderate,Moderate,Yes,Overweight
31,F,194.1,73.4,19.49,Moderate,Healthy,No,Normal
24,M,164.6,74.7,27.59,High,Moderate,Yes,Overweight
63,M,149.0,90.8,40.88,Moderate,Moderate,Yes,Obese Type III
49,F,149.5,61.6,27.58,Low,Healthy,No,Overweight
32,M,174.5,89.2,29.28,Moderate,Unhealthy,No,Overweight
61,M,175.0,57.4,18.76,Moderate,Moderate,No,Normal
34,M,165.9,87.3,31.69,Low,Unhealthy,Yes,Obese Type I
58,F,166.6,41.9,15.11,Moderate,Healthy,Yes,Underweight
64,M,147.7,49.0,22.45,Moderate,Moderate,No,Normal
61,F,170.8,61.7,21.14,Moderate,Unhealthy,Yes,Normal
51,M,170.2,79.0,27.25,Moderate,Moderate,Yes,Overweight
22,F,152.5,94.3,40.55,Moderate,Unhealthy,No,Obese Type III
62,F,150.2,106.0,46.98,High,Healthy,No,Obese Type III
44,M,151.2,73.4,32.11,Low,Moderate,No,Obese Type I
40,F,150.1,66.0,29.31,Low,Moderate,Yes,Overweight
57,M,175.5,111.4,36.17,Moderate,Moderate,No,Obese Type II
31,F,154.8,52.0,21.68,Moderate,Healthy,No,Normal
32,M,157.6,108.9,43.87,Low,Healthy,No,Obese Type III
60,M,153.7,79.0,33.47,Low,Moderate,Yes,Obese Type I
50,F,192.9,121.9,32.76,Moderate,Healthy,No,Obese Type I
48,M,187.7,104.8,29.74,Low,Unhealthy,No,Overweight
52,M,156.5,70.0,28.57,Moderate,Healthy,No,Overweight
34,F,161.4,59.3,22.79,Moderate,Moderate,No,Normal
45,M,155.5,48.5,20.07,Moderate,Healthy,Yes,Normal
36,M,169.6,93.6,32.55,Low,Moderate,No,Obese Type I
63,F,146.0,66.7,31.32,Moderate,Unhealthy,No,Obese Type I
40,F,178.6,86.7,27.18,Moderate,Moderate,Yes,Overweight
49,M,171.2,77.4,26.43,High,Unhealthy,Yes,Overweight
57,M,189.9,122.5,33.95,High,Moderate,Yes,Obese Type I
30,F,153.2,47.9,20.42,Low,Moderate,No,Normal
37,F,185.2,114.6,33.41,Low,Unhealthy,No,Obese Type I
52,M,184.6,113.6,33.35,Low,Healthy,No,Obese Type I
22,F,151.4,48.2,21.03,Low,Healthy,No,Normal
26,M,164.9,53.1,19.5,Moderate,Healthy,No,Normal
46,M,153.5,71.8,30.46,Moderate,Moderate,No,Obese Type I
23,M,157.7,124.2,49.92,Low,Moderate,Yes,Obese Type III
42,M,158.2,98.7,39.44,Moderate,Moderate,No,Obese Type II
48,M,172.8,87.0,29.15,High,Unhealthy,No,Overweight
39,F,165.6,51.1,18.64,Moderate,Healthy,Yes,Normal
19,F,192.4,112.4,30.37,Low,Healthy,Yes,Obese Type I
62,F,151.3,110.1,48.1,Moderate,Moderate,Yes,Obese Type III
22,F,193.7,117.1,31.2,Moderate,Healthy,No,Obese Type I
44,M,156.5,74.0,30.21,High,Moderate,No,Obese Type I
42,M,183.6,120.8,35.83,Low,Moderate,No,Obese Type II
25,M,161.9,81.6,31.1,Moderate,Healthy,Yes,Obese Type I
18,M,152.2,37.3,16.12,Moderate,Moderate,Yes,Underweight
37,F,187.9,81.8,23.17,Moderate,Moderate,No,Normal
61,M,160.4,53.3,20.69,Moderate,Moderate,Yes,Normal
40,M,177.9,83.6,26.4,Low,Moderate,No,Overweight
49,F,173.3,71.3,23.72,Moderate,Moderate,Yes,Normal
28,F,168.6,54.1,19.03,Low,Moderate,Yes,Normal
56,F,169.8,61.2,21.22,Low,Moderate,No,Normal
64,F,181.6,88.5,26.82,Moderate,Moderate,No,Overweight
41,M,149.4,67.4,30.19,Low,Moderate,Yes,Obese Type I
28,M,178.4,85.5,26.87,Low,Healthy,Yes,Overweight
46,F,189.8,107.1,29.73,Moderate,Unhealthy,Yes,Overweight
43,M,147.9,65.3,29.84,Moderate,Unhealthy,Yes,Overweight
33,M,152.0,43.2,18.7,Low,Unhealthy,No,Normal
52,M,180.8,68.8,21.03,Moderate,Healthy,No,Normal
37,F,166.9,53.2,19.12,Low,Moderate,No,Normal
63,M,165.2,72.7,26.66,Low,Healthy,No,Overweight
20,F,151.8,47.0,20.4,Moderate,Moderate,Yes,Normal
18,M,170.3,105.8,36.48,Low,Moderate,No,Obese Type II
64,M,151.3,75.6,33.0,High,Moderate,No,Obese Type I
18,M,168.8,74.6,26.17,Low,Unhealthy,No,Overweight
34,F,183.2,74.8,22.29,Moderate,Moderate,No,Normal
19,M,157.9,49.6,19.88,High,Moderate,No,Normal
46,F,169.0,69.0,24.13,High,Unhealthy,No,Normal
37,F,194.6,106.3,28.06,Moderate,Moderate,No,Overweight
23,F,179.3,94.2,29.28,High,Unhealthy,No,Overweight
25,M,187.1,95.7,27.36,High,Unhealthy,No,Overweight
46,M,165.7,133.6,48.64,Low,Moderate,Yes,Obese Type III
50,M,183.4,66.0,19.64,Moderate,Moderate,No,Normal
20,M,147.0,73.7,34.1,Low,Unhealthy,Yes,Obese Type I
52,F,151.1,63.3,27.72,Moderate,Moderate,No,Overweight
22,F,155.2,65.4,27.15,Moderate,Unhealthy,No,Overweight
44,F,165.1,83.2,30.53,Low,Moderate,No,Obese Type I
61,M,187.3,171.9,49.0,Moderate,Moderate,No,Obese Type III
29,F,162.3,69.9,26.55,Low,Healthy,No,Overweight
37,M,177.7,66.7,21.12,High,Healthy,Yes,Normal
62,F,180.5,107.8,33.11,Low,Unhealthy,No,Obese Type I
37,M,174.3,68.1,22.43,Moderate,Unhealthy,No,Normal
26,M,162.9,93.2,35.13,Low,Unhealthy,No,Obese Type II
56,F,173.9,86.8,28.72,Low,Healthy,Yes,Overweight
21,F,162.1,74.1,28.19,Moderate,Moderate,No,Overweight
36,F,149.2,66.5,29.86,Low,Unhealthy,No,Overweight
55,F,194.6,61.2,16.16,Moderate,Unhealthy,Yes,Underweight
44,M,151.4,33.7,14.7,High,Moderate,No,Underweight
62,F,148.6,43.1,19.5,Low,Unhealthy,Yes,Normal
60,F,188.9,183.3,51.36,High,Healthy,No,Obese Type III
30,F,160.1,57.9,22.59,Low,Moderate,No,Normal
30,M,177.5,91.4,29.0,Low,Moderate,No,Overweight
39,M,161.5,65.2,25.0,Low,Moderate,No,Overweight
45,F,164.6,91.2,33.66,High,Unhealthy,Yes,Obese Type I
64,M,158.1,73.6,29.42,Low,Moderate,No,Overweight
62,F,162.2,121.7,46.29,High,Moderate,Yes,Obese Type III
39,M,165.5,81.9,29.88,High,Moderate,No,Overweight
60,M,181.0,67.4,20.58,Low,Moderate,Yes,Normal
36,M,170.6,70.5,24.23,Moderate,Healthy,No,Normal
25,M,192.2,112.7,30.52,Moderate,Unhealthy,No,Obese Type I
25,F,147.1,105.5,48.77,Low,Moderate,No,Obese Type III
59,F,170.2,102.0,35.24,Low,Moderate,No,Obese Type II
43,F,174.2,86.3,28.42,Moderate,Moderate,Yes,Overweight
43,M,191.0,103.1,28.27,Moderate,Unhealthy,No,Overweight
40,F,147.5,80.1,36.83,Moderate,Moderate,No,Obese Type II
60,F,173.7,108.0,35.8,Low,Unhealthy,Yes,Obese Type II
30,F,187.7,66.1,18.78,Low,Unhealthy,Yes,Normal
45,M,157.1,51.7,20.93,High,Moderate,No,Normal
26,M,188.8,136.2,38.2,Low,Moderate,Yes,Obese Type II
37,M,146.0,60.1,28.2,Moderate,Healthy,Yes,Overweight
36,F,181.6,48.8,14.79,Low,Moderate,Yes,Underweight
56,F,191.7,103.4,28.14,High,Moderate,Yes,Overweight
29,F,177.9,101.1,31.97,High,Moderate,Yes,Obese Type I
32,M,167.0,93.0,33.35,Low,Moderate,No,Obese Type I
48,M,147.2,92.3,42.58,Low,Unhealthy,Yes,Obese Type III
31,F,191.0,102.0,27.95,Moderate,Unhealthy,Yes,Overweight
28,M,168.5,120.4,42.41,Low,Unhealthy,Yes,Obese Type III
43,M,146.4,57.3,26.7,Moderate,Moderate,No,Overweight
59,M,179.5,84.2,26.14,Moderate,Healthy,No,Overweight
44,M,169.1,47.2,16.52,Low,Healthy,No,Underweight
28,F,151.2,45.0,19.66,Low,Healthy,No,Normal
55,M,155.7,45.6,18.82,Moderate,Healthy,No,Normal
51,M,148.2,103.2,46.97,Moderate,Moderate,Yes,Obese Type III
60,M,173.7,111.9,37.07,Low,Unhealthy,Yes,Obese Type II
36,M,176.1,142.0,45.8,Moderate,Moderate,Yes,Obese Type III
23,F,170.3,79.5,27.41,Moderate,Healthy,Yes,Overweight
63,F,185.9,113.2,32.78,Moderate,Moderate,Yes,Obese Type I
55,M,188.1,68.7,19.43,Low,Moderate,No,Normal
59,M,175.8,84.7,27.4,Low,Unhealthy,Yes,Overweight
45,M,145.6,33.4,15.74,High,Moderate,No,Underweight
18,M,179.8,93.9,29.05,High,Moderate,No,Overweight
52,M,165.9,42.8,15.53,Moderate,Moderate,No,Underweight
57,M,173.3,114.6,38.18,Low,Healthy,Yes,Obese Type II
25,F,177.5,75.3,23.91,Moderate,Unhealthy,No,Normal
64,M,162.5,72.5,27.44,High,Healthy,No,Overweight
24,F,190.9,187.1,51.37,Low,Unhealthy,No,Obese Type III
28,F,151.7,44.6,19.4,Low,Healthy,No,Normal
56,M,178.6,59.6,18.7,Moderate,Moderate,No,Normal
21,F,145.2,33.2,15.74,High,Moderate,Yes,Underweight
42,F,191.2,184.5,50.46,Low,Unhealthy,Yes,Obese Type III
29,F,150.6,63.0,27.77,Moderate,Moderate,Yes,Overweight
43,F,149.7,33.5,14.95,Moderate,Healthy,No,Underweight
55,F,161.7,45.3,17.32,Moderate,Unhealthy,Yes,Underweight
63,F,163.7,64.5,24.06,Moderate,Unhealthy,Yes,Normal
29,M,155.7,63.3,26.12,Moderate,Moderate,No,Overweight
60,F,174.3,68.4,22.52,Low,Unhealthy,Yes,Normal
54,F,167.1,135.8,48.62,Low,Unhealthy,No,Obese Type III
63,F,146.7,47.9,22.26,Moderate,Moderate,No,Normal
41,M,161.0,64.5,24.89,Low,Unhealthy,Yes,Normal
33,F,185.5,113.6,33.01,Moderate,Moderate,Yes,Obese Type I
30,M,179.5,90.3,28.03,Moderate,Healthy,No,Overweight
42,F,181.2,61.4,18.68,Low,Moderate,No,Normal
21,M,179.9,79.2,24.46,Moderate,Unhealthy,No,Normal
28,M,160.5,65.5,25.41,Moderate,Moderate,Yes,Overweight
49,F,150.0,81.7,36.32,Low,Moderate,Yes,Obese Type II
24,F,158.6,51.3,20.4,Moderate,Moderate,Yes,Normal
63,M,186.6,96.3,27.67,High,Moderate,No,Overweight
28,F,194.0,107.3,28.52,Moderate,Healthy,Yes,Overweight
45,M,169.7,67.7,23.51,Moderate,Moderate,Yes,Normal
58,M,145.5,49.8,23.51,Low,Unhealthy,No,Normal
40,M,152.0,77.0,33.35,Low,Moderate,No,Obese Type I
62,M,161.1,73.4,28.27,Low,Moderate,Yes,Overweight
40,M,173.9,53.7,17.75,Moderate,Healthy,No,Underweight
45,F,148.8,32.4,14.65,Low,Healthy,No,Underweight
60,M,192.2,105.7,28.62,Low,Moderate,No,Overweight
64,M,163.3,48.1,18.05,Moderate,Moderate,No,Underweight
43,F,190.6,171.8,47.27,Low,Moderate,No,Obese Type III
42,M,184.0,97.0,28.63,Low,Moderate,No,Overweight
46,F,182.8,72.3,21.66,Moderate,Unhealthy,No,Normal
36,F,175.3,158.2,51.47,Low,Moderate,No,Obese Type III
50,F,176.3,134.2,43.15,Moderate,Moderate,No,Obese Type III
53,M,176.9,63.9,20.41,Low,Moderate,No,Normal
31,M,176.4,82.6,26.54,Low,Moderate,No,Overweight
31,M,172.7,67.0,22.47,High,Moderate,Yes,Normal
52,F,194.3,126.9,33.6,High,Moderate,Yes,Obese Type I
47,M,181.6,116.0,35.16,High,Moderate,No,Obese Type II
45,F,183.8,59.1,17.47,High,Moderate,Yes,Underweight
34,M,188.6,99.0,27.83,Moderate,Moderate,Yes,Overweight
20,F,155.8,36.7,15.12,Moderate,Unhealthy,No,Underweight
33,M,149.2,65.0,29.21,Moderate,Unhealthy,Yes,Overweight
63,M,169.1,131.6,46.01,Moderate,Unhealthy,No,Obese Type III
47,M,170.7,84.7,29.08,Moderate,Unhealthy,No,Overweight
46,F,186.5,95.7,27.53,Low,Moderate,Yes,Overweight
62,F,167.2,138.3,49.48,High,Moderate,Yes,Obese Type III
32,M,173.5,128.4,42.62,Moderate,Unhealthy,Yes,Obese Type III
63,M,171.4,85.5,29.13,High,Healthy,Yes,Overweight
42,F,146.9,50.9,23.59,Low,Moderate,Yes,Normal
55,F,175.8,73.1,23.67,Low,Moderate,Yes,Normal
59,F,186.4,90.2,25.95,Low,Unhealthy,No,Overweight
64,M,152.9,66.2,28.34,Moderate,Unhealthy,No,Overweight
55,F,174.7,82.7,27.09,Low,Moderate,No,Overweight
40,M,174.7,114.6,37.54,Low,Healthy,No,Obese Type II
42,F,153.2,59.4,25.31,Low,Unhealthy,Yes,Overweight
59,M,151.2,96.3,42.13,Low,Moderate,Yes,Obese Type III
24,F,194.0,108.9,28.94,Moderate,Healthy,Yes,Overweight
39,F,164.7,59.3,21.88,High,Moderate,No,Normal
34,F,156.4,57.1,23.36,Low,Moderate,No,Normal
35,F,153.6,68.8,29.19,Moderate,Moderate,Yes,Overweight
58,F,178.4,121.5,38.18,Low,Healthy,No,Obese Type II
27,M,175.5,100.7,32.69,Low,Moderate,No,Obese Type I
27,F,177.2,71.1,22.65,Moderate,Healthy,No,Normal
24,F,149.4,100.4,45.0,Moderate,Moderate,No,Obese Type III
55,F,189.7,75.5,20.99,High,Healthy,Yes,Normal
44,M,164.5,68.6,25.36,Moderate,Healthy,Yes,Overweight
50,F,160.7,70.8,27.42,High,Moderate,No,Overweight
18,M,168.1,75.7,26.78,Low,Moderate,No,Overweight
61,F,164.5,79.3,29.3,Low,Moderate,No,Overweight
51,F,188.2,166.4,47.0,Low,Moderate,Yes,Obese Type III
21,M,191.5,67.0,18.26,Moderate,Healthy,No,Underweight
34,F,160.2,81.2,31.65,Low,Unhealthy,No,Obese Type I
21,M,188.2,68.8,19.42,Low,Moderate,Yes,Normal
60,M,184.1,63.7,18.79,Moderate,Moderate,Yes,Normal
43,F,191.5,170.6,46.49,Low,Moderate,No,Obese Type III
21,M,157.3,84.3,34.06,Low,Moderate,Yes,Obese Type I
18,F,173.8,103.7,34.32,Low,Unhealthy,Yes,Obese Type I
24,F,158.7,114.1,45.27,Low,Moderate,Yes,Obese Type III
47,M,186.2,168.8,48.68,Moderate,Healthy,No,Obese Type III
26,M,145.3,35.9,17.0,Moderate,Healthy,No,Underweight
52,M,173.2,103.4,34.44,Low,Unhealthy,Yes,Obese Type I
25,M,162.0,58.3,22.24,Low,Moderate,No,Normal
41,F,161.1,40.1,15.46,High,Healthy,No,Underweight
36,F,177.2,51.2,16.3,Moderate,Moderate,Yes,Underweight
53,M,187.6,126.7,36.01,Moderate,Moderate,No,Obese Type II
60,F,175.5,80.0,26.0,Moderate,Unhealthy,No,Overweight
44,F,187.7,76.7,21.77,Low,Moderate,No,Normal
49,F,158.2,41.5,16.58,High,Moderate,No,Underweight
31,F,171.0,42.3,14.47,Moderate,Moderate,No,Underweight
35,M,167.5,78.3,27.9,Low,Moderate,Yes,Overweight
45,M,145.6,35.0,16.52,Moderate,Moderate,Yes,Underweight
46,F,172.8,115.1,38.54,Low,Healthy,No,Obese Type II
33,M,178.1,70.7,22.29,Low,Moderate,No,Normal
52,M,174.6,92.0,30.18,High,Moderate,No,Obese Type I
64,M,181.8,130.4,39.44,High,Healthy,Yes,Obese Type II
48,F,173.6,117.6,39.04,Low,Healthy,Yes,Obese Type II
21,F,148.3,72.8,33.1,Low,Healthy,No,Obese Type I
54,F,150.8,77.2,33.95,Moderate,Moderate,Yes,Obese Type I
34,M,174.8,96.6,31.61,Low,Moderate,Yes,Obese Type I
56,F,158.7,61.1,24.24,Moderate,Moderate,No,Normal
63,F,149.0,37.9,17.07,Moderate,Unhealthy,No,Underweight
43,M,166.5,134.4,48.47,Moderate,Moderate,No,Obese Type III
56,F,172.7,143.9,48.25,Moderate,Moderate,Yes,Obese Type III
58,F,161.4,46.0,17.64,Moderate,Unhealthy,Yes,Underweight
21,M,181.0,70.0,21.35,High,Healthy,No,Normal
47,M,177.2,63.5,20.22,Low,Moderate,No,Normal
47,M,161.6,70.2,26.86,High,Moderate,No,Overweight
39,F,182.7,96.8,28.98,Low,Moderate,No,Overweight
28,F,177.4,62.6,19.87,Low,Unhealthy,No,Normal
19,F,176.9,104.1,33.28,Low,Healthy,Yes,Obese Type I
61,M,172.7,119.8,40.19,Moderate,Moderate,Yes,Obese Type III
29,M,145.6,79.6,37.55,Low,Moderate,Yes,Obese Type II
47,F,179.8,82.3,25.45,High,Moderate,No,Overweight
53,F,163.8,70.1,26.11,Moderate,Moderate,Yes,Overweight
35,M,192.1,80.2,21.73,Low,Moderate,Yes,Normal
43,M,185.9,133.5,38.64,Moderate,Unhealthy,No,Obese Type II
24,M,174.4,84.1,27.64,High,Unhealthy,Yes,Overweight
18,M,157.6,73.9,29.77,Moderate,Moderate,Yes,Overweight
43,F,155.2,63.2,26.24,Low,Moderate,No,Overweight
40,M,162.0,58.8,22.41,High,Moderate,No,Normal
43,F,168.8,71.4,25.04,Moderate,Unhealthy,No,Overweight
62,F,159.8,98.2,38.45,Low,Unhealthy,No,Obese Type II
23,F,170.7,88.4,30.34,Low,Moderate,Yes,Obese Type I
23,M,153.3,57.5,24.49,Moderate,Moderate,No,Normal
61,M,193.9,136.8,36.4,High,Unhealthy,No,Obese Type II
25,M,150.4,48.3,21.37,Low,Moderate,Yes,Normal
41,M,191.6,83.9,22.87,Low,Unhealthy,No,Normal
39,F,190.7,161.3,44.36,High,Moderate,Yes,Obese Type III
36,M,171.3,52.7,17.95,Low,Moderate,Yes,Underweight
54,M,181.2,59.8,18.19,High,Healthy,No,Underweight
35,F,166.8,96.3,34.61,Low,Unhealthy,Yes,Obese Type I
48,M,176.5,58.4,18.76,Moderate,Moderate,Yes,Normal
54,F,162.0,71.4,27.21,Low,Healthy,Yes,Overweight
47,F,160.1,63.1,24.63,High,Moderate,Yes,Normal
59,F,173.9,115.7,38.24,Moderate,Moderate,No,Obese Type II
50,F,169.9,67.0,23.2,High,Moderate,No,Normal
27,F,174.0,97.1,32.08,Moderate,Unhealthy,No,Obese Type I
54,F,159.3,106.6,42.0,Low,Moderate,Yes,Obese Type III
29,F,163.3,50.4,18.9,Low,Healthy,No,Normal
47,F,149.2,73.6,33.05,Moderate,Moderate,Yes,Obese Type I
44,M,147.6,42.6,19.55,Moderate,Moderate,Yes,Normal
56,M,157.7,36.6,14.73,High,Moderate,Yes,Underweight
26,M,148.7,58.0,26.21,Low,Moderate,Yes,Overweight
38,M,150.2,54.4,24.1,Moderate,Moderate,No,Normal
29,F,185.6,98.5,28.57,High,Unhealthy,No,Overweight
46,M,146.9,33.7,15.61,Low,Moderate,No,Underweight
50,F,177.9,82.1,25.91,High,Moderate,No,Overweight
60,M,158.6,60.6,24.07,Moderate,Healthy,Yes,Normal
32,M,188.6,145.6,40.95,Moderate,Moderate,No,Obese Type III
19,M,169.2,70.6,24.63,Low,Moderate,No,Normal
56,F,160.3,43.2,16.83,Low,Unhealthy,No,Underweight
61,M,170.9,151.1,51.74,Low,Unhealthy,Yes,Obese Type III
35,F,164.1,69.5,25.8,High,Moderate,No,Overweight
20,F,173.2,72.6,24.19,High,Moderate,No,Normal
24,M,150.7,107.4,47.29,Low,Moderate,Yes,Obese Type III
60,M,194.8,127.7,33.63,High,Moderate,No,Obese Type I
35,M,166.3,94.2,34.05,Moderate,Healthy,Yes,Obese Type I
61,F,162.4,86.0,32.62,High,Unhealthy,Yes,Obese Type I
55,M,180.5,75.8,23.26,Low,Moderate,No,Normal
54,F,163.2,70.4,26.44,Low,Moderate,Yes,Overweight
50,F,186.7,133.8,38.41,Moderate,Moderate,No,Obese Type II
61,M,167.7,118.1,41.99,Low,Healthy,Yes,Obese Type III
48,M,181.0,85.8,26.2,Moderate,Moderate,Yes,Overweight
28,F,150.4,93.1,41.19,Moderate,Moderate,No,Obese Type III
21,F,187.3,118.9,33.88,Low,Moderate,Yes,Obese Type I
35,F,181.8,81.3,24.61,Low,Moderate,No,Normal
21,M,155.6,88.2,36.44,High,Unhealthy,No,Obese Type II
51,F,152.3,35.5,15.31,Low,Healthy,No,Underweight
46,M,160.8,62.6,24.2,Low,Unhealthy,No,Normal
41,F,193.8,153.4,40.85,Moderate,Moderate,No,Obese Type III
39,F,157.8,69.0,27.69,Moderate,Moderate,No,Overweight
19,M,167.8,44.1,15.66,Moderate,Healthy,No,Underweight
61,F,146.5,47.1,21.93,Moderate,Moderate,No,Normal
23,M,164.9,90.9,33.45,Low,Moderate,Yes,Obese Type I
59,M,173.6,71.4,23.7,Low,Moderate,Yes,Normal
42,F,192.7,127.5,34.36,Moderate,Moderate,No,Obese Type I
38,M,170.8,85.7,29.38,High,Moderate,No,Overweight
33,M,186.0,128.5,37.15,Moderate,Healthy,No,Obese Type II
48,F,172.4,72.7,24.47,Low,Unhealthy,Yes,Normal
31,M,147.0,74.7,34.55,Low,Moderate,No,Obese Type I
56,M,160.8,85.2,32.99,Low,Moderate,No,Obese Type I
45,M,173.8,61.5,20.37,Moderate,Moderate,Yes,Normal
49,F,192.5,162.5,43.83,Low,Moderate,No,Obese Type III
45,M,188.0,60.5,17.11,Low,Unhealthy,No,Underweight
26,F,156.4,76.8,31.4,Moderate,Unhealthy,No,Obese Type I
62,F,156.0,52.3,21.5,Moderate,Moderate,Yes,Normal
39,M,155.1,42.0,17.47,Moderate,Moderate,No,Underweight
49,M,191.1,87.5,23.96,Moderate,Moderate,Yes,Normal
22,M,187.6,134.6,38.24,Moderate,Moderate,No,Obese Type II
40,F,183.7,73.6,21.8,Low,Moderate,Yes,Normal
22,M,164.6,72.3,26.66,Moderate,Moderate,No,Overweight
59,M,170.2,108.3,37.37,Low,Healthy,Yes,Obese Type II
49,M,168.2,100.5,35.52,Low,Unhealthy,No,Obese Type II
27,M,157.7,61.5,24.75,Moderate,Moderate,No,Normal
56,M,170.3,79.7,27.5,Moderate,Moderate,No,Overweight
32,F,146.5,55.9,26.05,Moderate,Unhealthy,Yes,Overweight
24,F,151.6,69.9,30.42,Moderate,Moderate,Yes,Obese Type I
46,M,189.3,99.6,27.8,High,Moderate,Yes,Overweight
64,M,182.6,154.4,46.31,Moderate,Unhealthy,Yes,Obese Type III
20,M,166.1,61.2,22.17,Moderate,Moderate,Yes,Normal
36,M,170.9,43.5,14.9,Moderate,Moderate,No,Underweight
27,F,163.5,43.5,16.26,Low,Unhealthy,No,Underweight
45,M,182.0,53.2,16.07,Low,Moderate,Yes,Underweight
46,F,184.2,165.0,48.64,Moderate,Moderate,Yes,Obese Type III
32,F,183.2,50.3,14.99,Low,Unhealthy,No,Underweight
52,M,181.1,112.8,34.38,Moderate,Unhealthy,Yes,Obese Type I
23,F,155.2,42.3,17.57,Moderate,Moderate,No,Underweight
29,F,161.9,72.5,27.68,High,Moderate,Yes,Overweight
64,F,168.5,139.0,48.97,High,Healthy,Yes,Obese Type III
55,F,161.5,95.9,36.73,Low,Unhealthy,Yes,Obese Type II
30,M,182.7,93.6,28.02,Moderate,Unhealthy,Yes,Overweight
46,M,161.5,57.7,22.15,Low,Unhealthy,No,Normal
36,F,151.9,44.8,19.42,Low,Moderate,Yes,Normal
20,M,165.0,63.2,23.23,Moderate,Moderate,No,Normal
25,M,194.0,171.2,45.49,Low,Moderate,Yes,Obese Type III
25,M,156.3,62.3,25.5,Low,Moderate,No,Overweight
37,M,175.6,144.4,46.82,High,Moderate,No,Obese Type III
64,M,166.6,94.1,33.89,High,Healthy,No,Obese Type I
21,F,148.6,48.3,21.89,Moderate,Unhealthy,Yes,Normal
38,M,169.4,117.9,41.08,High,Unhealthy,No,Obese Type III
20,M,180.1,112.6,34.72,Moderate,Unhealthy,No,Obese Type I
62,M,170.7,69.9,24.01,Low,Unhealthy,Yes,Normal
25,M,188.6,174.2,48.97,Moderate,Healthy,No,Obese Type III
40,F,159.4,52.5,20.64,Moderate,Moderate,No,Normal
33,F,149.3,39.4,17.66,Low,Moderate,Yes,Underweight
30,F,191.8,140.2,38.1,High,Moderate,No,Obese Type II
20,F,163.9,51.0,18.99,Moderate,Unhealthy,Yes,Normal
26,M,173.8,101.4,33.56,Low,Unhealthy,Yes,Obese Type I
31,F,184.6,166.2,48.77,Low,Moderate,No,Obese Type III
30,M,161.2,100.5,38.66,Low,Moderate,No,Obese Type II
24,M,180.8,88.6,27.09,High,Healthy,Yes,Overweight
32,M,151.8,110.1,47.81,Moderate,Moderate,No,Obese Type III
24,M,159.6,48.5,19.03,Moderate,Moderate,No,Normal
55,M,152.2,50.9,21.98,Moderate,Unhealthy,No,Normal
51,F,185.6,68.6,19.92,Moderate,Healthy,Yes,Normal
58,F,156.1,63.0,25.83,Moderate,Unhealthy,Yes,Overweight
39,F,180.9,122.3,37.37,Moderate,Healthy,No,Obese Type II
41,F,192.2,95.0,25.72,High,Moderate,No,Overweight
54,M,171.4,62.1,21.12,High,Unhealthy,No,Normal
61,F,172.0,114.7,38.77,High,Moderate,No,Obese Type II
18,M,168.1,63.4,22.44,Moderate,Healthy,Yes,Normal
27,F,161.3,64.6,24.82,High,Moderate,No,Normal
60,M,168.8,133.2,46.76,Moderate,Unhealthy,Yes,Obese Type III
33,M,175.1,104.1,33.93,High,Unhealthy,Yes,Obese Type I
63,F,194.3,126.2,33.43,High,Moderate,Yes,Obese Type I
25,M,191.9,173.6,47.16,High,Unhealthy,No,Obese Type III
42,M,188.1,103.2,29.16,High,Moderate,Yes,Overweight
29,F,189.5,120.6,33.59,Moderate,Healthy,Yes,Obese Type I
42,M,168.4,59.2,20.88,Low,Healthy,Yes,Normal
34,F,177.9,68.8,21.74,Low,Unhealthy,Yes,Normal
43,F,189.8,107.6,29.89,Moderate,Moderate,No,Overweight
63,F,164.6,78.2,28.85,Low,Unhealthy,No,Overweight
31,M,193.1,88.8,23.82,Moderate,Moderate,Yes,Normal
58,M,165.8,78.1,28.42,Moderate,Healthy,Yes,Overweight
53,M,175.1,67.5,22.01,Moderate,Moderate,No,Normal
40,F,180.5,90.8,27.89,High,Healthy,No,Overweight
60,M,192.5,188.2,50.78,Moderate,Healthy,No,Obese Type III
23,F,157.2,118.7,48.01,Moderate,Unhealthy,Yes,Obese Type III
64,F,182.3,166.1,49.99,Moderate,Moderate,No,Obese Type III
22,M,171.0,62.1,21.24,High,Unhealthy,No,Normal
60,F,158.4,46.5,18.53,Low,Moderate,No,Normal
42,M,183.8,62.6,18.53,Low,Unhealthy,Yes,Normal
35,M,172.6,95.6,32.09,High,Healthy,Yes,Obese Type I
30,M,178.0,74.1,23.38,Moderate,Moderate,No,Normal
60,M,161.1,103.3,39.78,Moderate,Moderate,Yes,Obese Type II
31,M,169.1,77.9,27.26,Moderate,Moderate,Yes,Overweight
45,F,175.9,61.6,19.92,Low,Moderate,No,Normal
35,F,165.2,57.7,21.12,Moderate,Moderate,No,Normal
45,F,154.9,96.0,40.01,Low,Unhealthy,No,Obese Type III
44,M,193.1,73.5,19.71,Moderate,Moderate,No,Normal
49,M,170.6,92.3,31.73,Moderate,Moderate,No,Obese Type I
64,M,181.7,84.9,25.73,Moderate,Moderate,No,Overweight
26,F,165.6,69.9,25.51,Moderate,Unhealthy,No,Overweight
57,M,162.8,67.5,25.48,High,Unhealthy,No,Overweight
49,F,165.4,89.6,32.78,Moderate,Healthy,No,Obese Type I
37,F,165.5,87.7,32.05,High,Unhealthy,Yes,Obese Type I
45,M,172.2,56.7,19.13,Moderate,Moderate,No,Normal
50,M,172.2,81.6,27.52,Moderate,Unhealthy,Yes,Overweight
21,F,169.9,82.6,28.63,Low,Unhealthy,No,Overweight
63,M,151.7,89.1,38.68,Low,Unhealthy,Yes,Obese Type II
51,F,169.8,64.8,22.48,Moderate,Moderate,No,Normal
20,M,153.5,40.2,17.06,Low,Healthy,Yes,Underweight
43,M,151.3,44.3,19.35,Moderate,Moderate,No,Normal
25,F,191.6,139.6,38.01,Moderate,Moderate,Yes,Obese Type II
23,M,175.2,57.4,18.7,High,Moderate,Yes,Normal
33,F,178.0,93.5,29.52,High,Moderate,No,Overweight
41,M,165.1,81.1,29.76,Low,Healthy,Yes,Overweight
56,F,190.4,80.3,22.14,Low,Moderate,Yes,Normal
47,F,176.9,101.9,32.58,Moderate,Moderate,No,Obese Type I
62,M,183.5,55.8,16.56,Low,Moderate,No,Underweight
30,F,163.4,76.3,28.57,Low,Moderate,Yes,Overweight
22,M,193.0,125.8,33.78,High,Moderate,Yes,Obese Type I
42,M,186.0,107.5,31.06,High,Unhealthy,No,Obese Type I
37,M,187.7,101.5,28.8,Moderate,Unhealthy,Yes,Overweight
35,F,153.6,96.6,40.95,Moderate,Healthy,Yes,Obese Type III
64,F,158.5,66.7,26.53,Moderate,Healthy,No,Overweight
35,M,159.3,55.1,21.74,Moderate,Unhealthy,Yes,Normal
19,M,158.5,63.0,25.05,Moderate,Healthy,No,Overweight
27,F,187.8,119.9,34.02,Moderate,Moderate,No,Obese Type I
62,M,146.6,90.6,42.17,Low,Moderate,No,Obese Type III
64,M,148.8,60.0,27.09,High,Unhealthy,No,Overweight
29,F,158.7,55.7,22.12,Moderate,Moderate,No,Normal
64,M,155.0,72.3,30.11,Moderate,Unhealthy,No,Obese Type I
30,F,156.6,121.9,49.72,High,Moderate,No,Obese Type III
64,M,184.9,115.3,33.73,Low,Unhealthy,Yes,Obese Type I
28,F,173.2,69.9,23.31,Low,Moderate,Yes,Normal
36,M,145.3,51.2,24.25,High,Unhealthy,No,Normal
52,M,166.5,56.5,20.37,High,Unhealthy,Yes,Normal
56,F,165.4,72.7,26.56,Moderate,Unhealthy,Yes,Overweight
43,M,150.7,62.3,27.41,Low,Unhealthy,No,Overweight
63,F,178.8,120.1,37.56,Moderate,Moderate,No,Obese Type II
31,M,180.1,65.2,20.09,Low,Unhealthy,Yes,Normal
62,F,181.0,90.2,27.53,Moderate,Healthy,Yes,Overweight
61,F,181.4,100.7,30.59,Low,Moderate,Yes,Obese Type I
41,F,145.0,44.0,20.93,High,Moderate,No,Normal
58,F,192.7,78.0,21.01,Moderate,Unhealthy,No,Normal
18,M,185.7,108.9,31.59,High,Moderate,Yes,Obese Type I
60,M,190.2,101.5,28.06,Low,Unhealthy,No,Overweight
39,F,145.8,49.1,23.1,Low,Moderate,Yes,Normal
40,F,191.7,99.9,27.19,High,Moderate,No,Overweight
36,F,185.5,124.5,36.19,Low,Moderate,Yes,Obese Type II
35,M,186.9,131.8,37.75,Moderate,Moderate,No,Obese Type II
29,M,149.7,65.6,29.29,Low,Healthy,Yes,Overweight
45,M,181.9,125.6,37.95,Moderate,Unhealthy,Yes,Obese Type II
45,M,193.0,119.7,32.12,Low,Unhealthy,Yes,Obese Type I
50,F,178.9,81.0,25.3,Moderate,Moderate,Yes,Overweight
36,F,173.5,53.1,17.65,Moderate,Healthy,No,Underweight
45,F,192.3,54.5,14.75,Moderate,Moderate,No,Underweight
54,M,167.1,83.8,30.01,Low,Unhealthy,No,Obese Type I
43,M,175.0,68.1,22.24,Moderate,Moderate,Yes,Normal
52,M,168.8,82.1,28.81,Moderate,Healthy,Yes,Overweight
51,F,191.6,101.0,27.5,Low,Unhealthy,Yes,Overweight
52,F,148.8,71.8,32.44,Moderate,Unhealthy,Yes,Obese Type I
57,M,170.1,85.0,29.4,High,Healthy,Yes,Overweight
33,F,179.3,86.5,26.89,Low,Healthy,No,Overweight
55,M,184.6,56.9,16.7,Moderate,Moderate,Yes,Underweight
30,M,174.2,49.2,16.22,Moderate,Healthy,No,Underweight
40,F,190.4,136.7,37.69,Low,Unhealthy,No,Obese Type II
39,M,192.1,86.8,23.53,Low,Moderate,Yes,Normal
33,F,148.2,50.9,23.19,Moderate,Moderate,No,Normal
45,M,165.1,70.4,25.83,Moderate,Moderate,Yes,Overweight
52,F,146.2,90.6,42.41,Low,Moderate,Yes,Obese Type III
62,F,161.5,104.5,40.09,High,Healthy,Yes,Obese Type III
63,F,171.8,58.4,19.78,Moderate,Moderate,No,Normal
25,M,190.5,62.5,17.22,Low,Unhealthy,Yes,Underweight
61,M,187.3,118.9,33.88,Moderate,Moderate,No,Obese Type I
39,F,151.4,48.9,21.34,High,Moderate,Yes,Normal
38,F,149.7,72.0,32.15,Low,Unhealthy,Yes,Obese Type I
43,M,174.5,100.8,33.11,Moderate,Healthy,Yes,Obese Type I
57,M,171.6,69.2,23.5,Moderate,Unhealthy,No,Normal
38,M,158.3,83.2,33.21,Low,Unhealthy,No,Obese Type I
42,F,190.0,73.0,20.22,Low,Moderate,No,Normal
58,M,191.4,74.3,20.29,Low,Moderate,Yes,Normal
18,M,165.1,64.5,23.65,Low,Moderate,Yes,Normal
23,F,189.5,99.7,27.77,Low,Moderate,No,Overweight
40,M,164.2,65.7,24.38,High,Moderate,Yes,Normal
40,M,181.8,78.0,23.59,High,Unhealthy,Yes,Normal
60,M,168.8,138.8,48.73,Low,Unhealthy,Yes,Obese Type III
60,F,151.1,109.2,47.81,Moderate,Moderate,No,Obese Type III
40,F,191.4,72.5,19.8,Low,Moderate,No,Normal
49,F,167.7,52.2,18.55,Low,Healthy,Yes,Normal
47,F,181.7,103.4,31.32,Low,Moderate,No,Obese Type I
30,F,163.4,98.1,36.76,Low,Moderate,No,Obese Type II
60,F,145.9,63.3,29.73,High,Moderate,Yes,Overweight
35,F,150.0,52.0,23.12,Low,Unhealthy,Yes,Normal
40,M,169.8,89.6,31.08,Moderate,Moderate,No,Obese Type I
32,M,179.5,86.1,26.72,Low,Moderate,No,Overweight
50,F,161.7,86.5,33.05,Low,Moderate,Yes,Obese Type I
38,M,179.8,93.1,28.82,High,Unhealthy,No,Overweight
56,M,179.9,75.5,23.32,Low,Unhealthy,No,Normal
40,F,180.2,127.6,39.31,High,Unhealthy,No,Obese Type II
44,M,169.6,92.1,32.0,Low,Unhealthy,Yes,Obese Type I
62,M,190.7,162.1,44.56,Moderate,Moderate,Yes,Obese Type III
61,M,169.5,74.1,25.79,High,Healthy,No,Overweight
35,M,167.5,135.9,48.45,Low,Moderate,No,Obese Type III
41,M,155.0,72.8,30.32,Moderate,Moderate,Yes,Obese Type I
64,F,160.4,86.9,33.8,Moderate,Moderate,No,Obese Type I
57,F,147.1,68.0,31.43,Low,Unhealthy,No,Obese Type I
59,F,176.7,79.7,25.54,Moderate,Unhealthy,No,Overweight
24,M,157.4,64.9,26.19,Low,Unhealthy,Yes,Overweight
37,F,160.2,50.2,19.54,Low,Moderate,No,Normal
44,M,183.5,64.0,18.99,Low,Moderate,No,Normal
23,M,161.4,120.7,46.36,High,Healthy,Yes,Obese Type III
44,M,157.1,54.1,21.92,Low,Healthy,Yes,Normal
26,M,153.5,69.5,29.52,Low,Moderate,Yes,Overweight
62,F,183.7,68.8,20.39,Moderate,Moderate,No,Normal
48,F,151.5,102.0,44.45,Low,Moderate,Yes,Obese Type III
38,M,167.7,41.2,14.65,Moderate,Unhealthy,No,Underweight
43,F,170.3,53.3,18.36,Low,Healthy,No,Underweight
57,M,179.4,78.5,24.41,Moderate,Unhealthy,No,Normal
62,F,176.7,147.3,47.2,Moderate,Moderate,No,Obese Type III
30,F,185.5,49.4,14.36,Low,Moderate,No,Underweight
40,M,147.2,58.5,26.99,Low,Moderate,Yes,Overweight
37,F,159.8,69.4,27.15,Moderate,Moderate,No,Overweight
54,M,159.0,117.4,46.42,Moderate,Healthy,Yes,Obese Type III
45,F,152.3,79.8,34.39,Low,Unhealthy,Yes,Obese Type I
34,M,159.5,50.8,19.97,Low,Unhealthy,Yes,Normal
45,M,160.5,50.0,19.39,Low,Moderate,No,Normal
58,F,171.1,77.8,26.57,Moderate,Unhealthy,Yes,Overweight
19,F,178.2,94.7,29.81,High,Moderate,No,Overweight
42,M,164.1,59.1,21.96,Low,Moderate,No,Normal
58,F,181.0,50.4,15.4,Low,Healthy,Yes,Underweight
23,F,161.8,77.6,29.64,Low,Moderate,No,Overweight
28,M,159.5,48.1,18.92,Low,Healthy,No,Normal
55,M,172.1,57.5,19.43,Moderate,Moderate,Yes,Normal
23,F,146.2,48.0,22.46,High,Healthy,No,Normal
62,M,149.0,35.6,16.04,Low,Unhealthy,No,Underweight
28,M,165.9,74.5,27.07,Moderate,Moderate,Yes,Overweight
31,M,192.1,67.7,18.34,Low,Healthy,Yes,Underweight
19,F,181.1,77.0,23.48,High,Moderate,No,Normal
57,F,149.4,48.1,21.54,Moderate,Healthy,No,Normal
20,M,187.3,72.6,20.69,Low,Unhealthy,Yes,Normal
52,F,181.6,51.4,15.58,High,Healthy,Yes,Underweight
50,M,175.5,118.3,38.38,Low,Moderate,No,Obese Type II
41,F,186.0,77.1,22.28,Moderate,Unhealthy,Yes,Normal
36,M,165.2,104.9,38.43,High,Unhealthy,No,Obese Type II
35,M,156.1,58.6,24.05,Low,Unhealthy,No,Normal
41,F,170.6,62.3,21.41,Moderate,Healthy,No,Normal
62,M,172.4,86.7,29.17,High,Moderate,Yes,Overweight
52,F,171.9,151.2,51.16,High,Healthy,No,Obese Type III
18,F,173.3,54.2,18.06,Moderate,Moderate,Yes,Underweight
53,M,192.4,56.2,15.17,Low,Healthy,Yes,Underweight
42,M,190.1,98.9,27.35,Moderate,Moderate,No,Overweight
62,F,188.8,97.5,27.35,Moderate,Unhealthy,No,Overweight
60,M,185.1,146.9,42.89,Moderate,Unhealthy,No,Obese Type III
51,M,192.2,90.1,24.39,High,Healthy,No,Normal
42,M,149.9,37.5,16.68,Low,Moderate,Yes,Underweight
33,M,158.3,81.3,32.48,Low,Unhealthy,Yes,Obese Type I
51,M,169.8,88.9,30.85,Moderate,Unhealthy,No,Obese Type I
46,F,187.3,125.2,35.69,High,Unhealthy,Yes,Obese Type II
36,F,170.3,73.5,25.37,Moderate,Healthy,No,Overweight
40,M,182.4,94.1,28.28,High,Moderate,No,Overweight
36,M,151.9,112.8,48.87,High,Moderate,No,Obese Type III
42,M,157.6,73.5,29.57,High,Healthy,No,Overweight
33,F,181.6,91.5,27.75,High,Moderate,Yes,Overweight
26,M,153.2,63.4,27.01,High,Healthy,Yes,Overweight
18,F,162.6,94.9,35.91,High,Moderate,Yes,Obese Type II
59,F,158.2,71.5,28.54,Moderate,Healthy,Yes,Overweight
36,F,162.5,133.6,50.61,Low,Unhealthy,Yes,Obese Type III
50,M,180.4,91.6,28.15,Low,Moderate,Yes,Overweight
51,F,163.4,57.4,21.5,Low,Moderate,No,Normal
33,M,172.8,152.7,51.17,Low,Unhealthy,Yes,Obese Type III
61,F,150.0,80.3,35.68,Low,Moderate,No,Obese Type II
57,M,185.3,136.1,39.65,High,Moderate,Yes,Obese Type II
35,F,163.5,58.3,21.82,Moderate,Unhealthy,Yes,Normal
51,M,177.4,103.1,32.75,Low,Moderate,Yes,Obese Type I
42,F,181.3,149.4,45.47,Moderate,Healthy,Yes,Obese Type III
62,M,155.5,81.9,33.88,Moderate,Moderate,No,Obese Type I
23,M,189.2,104.6,29.2,Low,Moderate,No,Overweight
38,M,175.8,83.5,27.02,High,Unhealthy,No,Overweight
23,M,166.4,58.2,21.02,Low,Unhealthy,No,Normal
49,F,154.1,82.0,34.51,Moderate,Moderate,No,Obese Type I
58,F,192.1,76.7,20.77,Low,Healthy,No,Normal
60,M,182.8,76.6,22.92,Moderate,Healthy,No,Normal
56,F,155.4,115.2,47.69,High,Moderate,Yes,Obese Type III
48,M,161.9,72.6,27.71,Low,Moderate,No,Overweight
59,M,185.5,59.2,17.21,High,Moderate,No,Underweight
27,F,179.8,91.3,28.24,Low,Moderate,No,Overweight
47,M,183.3,130.5,38.84,Moderate,Moderate,No,Obese Type II
35,M,167.1,96.4,34.54,High,Moderate,Yes,Obese Type I
41,F,180.8,153.6,46.98,High,Unhealthy,No,Obese Type III
26,M,164.3,57.9,21.44,Low,Healthy,No,Normal
48,M,155.6,72.9,30.14,Low,Unhealthy,No,Obese Type I
32,M,176.6,44.6,14.3,Moderate,Moderate,No,Underweight
21,M,193.8,121.9,32.46,Low,Healthy,Yes,Obese Type I
57,F,160.5,49.4,19.18,Moderate,Moderate,Yes,Normal
26,F,168.0,89.2,31.57,Moderate,Unhealthy,No,Obese Type I
62,F,178.7,72.4,22.67,Moderate,Unhealthy,Yes,Normal
26,M,172.1,79.3,26.78,Low,Moderate,No,Overweight
43,M,187.2,92.2,26.33,Moderate,Unhealthy,No,Overweight
21,F,183.1,104.3,31.12,High,Moderate,Yes,Obese Type I
34,M,147.9,51.4,23.51,Moderate,Moderate,Yes,Normal
33,M,194.9,117.4,30.89,Moderate,Healthy,No,Obese Type I
32,M,182.6,79.6,23.87,Low,Unhealthy,Yes,Normal
52,M,188.2,111.9,31.6,Low,Moderate,Yes,Obese Type I
22,F,177.6,96.5,30.61,Low,Moderate,No,Obese Type I
22,F,187.8,88.5,25.09,Moderate,Moderate,No,Overweight
37,F,150.6,43.1,18.98,Low,Unhealthy,No,Normal
32,M,162.4,71.4,27.07,Moderate,Moderate,No,Overweight
35,F,188.8,89.9,25.22,Moderate,Moderate,No,Overweight
64,F,155.1,56.1,23.34,Moderate,Unhealthy,No,Normal
19,M,148.9,51.2,23.08,Low,Healthy,No,Normal
46,M,184.4,72.1,21.21,Moderate,Healthy,No,Normal
30,F,186.8,103.5,29.66,Moderate,Unhealthy,Yes,Overweight
21,F,153.1,43.9,18.71,Low,Moderate,Yes,Normal
59,F,187.7,104.5,29.65,Low,Moderate,No,Overweight
62,F,179.3,147.3,45.81,Moderate,Unhealthy,Yes,Obese Type III
27,M,171.0,82.3,28.16,Low,Moderate,Yes,Overweight
48,F,186.5,97.8,28.11,Low,Healthy,No,Overweight
58,F,166.0,106.5,38.66,Low,Moderate,Yes,Obese Type II
25,M,154.7,65.2,27.26,Low,Healthy,Yes,Overweight
20,F,159.2,69.1,27.23,High,Moderate,Yes,Overweight
63,M,170.3,72.7,25.08,Moderate,Unhealthy,No,Overweight
26,M,171.6,63.7,21.63,Moderate,Unhealthy,No,Normal
47,M,185.3,124.8,36.37,High,Moderate,No,Obese Type II
28,F,184.6,90.9,26.69,Moderate,Moderate,No,Overweight
52,F,174.1,74.6,24.63,Moderate,Unhealthy,No,Normal
54,M,184.0,119.8,35.38,Low,Moderate,No,Obese Type II
59,F,154.6,75.8,31.7,Moderate,Healthy,Yes,Obese Type I
30,F,147.5,94.9,43.63,Low,Moderate,No,Obese Type III
53,M,188.7,78.8,22.13,Moderate,Unhealthy,Yes,Normal
30,M,148.8,79.6,35.94,Low,Unhealthy,Yes,Obese Type II
29,F,157.3,75.0,30.3,Low,Healthy,No,Obese Type I
54,M,179.8,132.4,40.97,Low,Healthy,Yes,Obese Type III
27,F,165.5,125.7,45.89,Low,Moderate,No,Obese Type III
26,F,188.8,106.1,29.77,High,Healthy,Yes,Overweight
24,F,159.9,122.2,47.8,Low,Unhealthy,Yes,Obese Type III
19,F,145.6,46.1,21.74,High,Unhealthy,Yes,Normal
40,M,160.0,70.5,27.52,Moderate,Unhealthy,No,Overweight
56,M,173.9,75.9,25.09,Moderate,Unhealthy,No,Overweight
57,M,163.8,89.9,33.49,Low,Healthy,No,Obese Type I
56,M,171.7,65.3,22.15,High,Moderate,No,Normal
38,F,188.8,101.1,28.34,Low,Unhealthy,No,Overweight
40,F,190.6,60.9,16.76,Moderate,Healthy,Yes,Underweight
46,M,158.3,54.5,21.74,Moderate,Healthy,No,Normal
31,F,168.1,94.6,33.46,Moderate,Unhealthy,No,Obese Type I
43,F,172.5,66.3,22.28,Low,Moderate,No,Normal
22,F,192.5,155.1,41.88,Moderate,Moderate,Yes,Obese Type III
48,M,194.9,146.1,38.44,High,Moderate,No,Obese Type II
42,M,156.8,77.1,31.38,High,Moderate,Yes,Obese Type I
48,M,181.3,79.9,24.3,High,Unhealthy,No,Normal
37,F,163.9,50.8,18.9,Low,Moderate,No,Normal
61,M,145.4,54.1,25.61,Low,Healthy,Yes,Overweight
34,M,145.5,70.1,33.14,Low,Healthy,Yes,Obese Type I
62,M,168.0,109.7,38.85,High,Unhealthy,No,Obese Type II
19,M,169.4,60.1,20.94,Low,Unhealthy,No,Normal
42,M,146.1,68.4,32.04,Moderate,Healthy,No,Obese Type I
30,M,179.3,157.1,48.83,High,Moderate,No,Obese Type III
56,F,159.7,45.6,17.87,Moderate,Moderate,No,Underweight
45,F,173.0,58.1,19.4,Moderate,Moderate,Yes,Normal
59,M,160.0,87.7,34.24,Low,Moderate,No,Obese Type I
23,M,153.4,62.1,26.42,Moderate,Moderate,No,Overweight
20,F,165.4,56.6,20.69,High,Moderate,Yes,Normal
52,F,156.6,49.2,20.05,Moderate,Unhealthy,Yes,Normal
35,M,171.7,86.7,29.41,Low,Healthy,Yes,Overweight
28,M,154.9,47.3,19.69,Low,Healthy,Yes,Normal
37,M,170.4,112.2,38.63,Low,Healthy,No,Obese Type II
22,M,152.9,98.1,41.99,Moderate,Healthy,Yes,Obese Type III
36,F,178.5,70.0,21.97,Low,Moderate,No,Normal
39,M,182.7,91.3,27.35,Moderate,Unhealthy,No,Overweight
36,M,150.5,58.6,25.88,Moderate,Unhealthy,Yes,Overweight
64,M,168.4,80.0,28.22,Moderate,Unhealthy,Yes,Overweight
33,M,148.5,62.5,28.33,Low,Moderate,No,Overweight
41,F,174.9,81.5,26.63,Moderate,Moderate,Yes,Overweight
58,F,158.2,52.9,21.13,Moderate,Healthy,Yes,Normal
21,F,171.4,49.8,16.94,Low,Moderate,Yes,Underweight
32,M,170.9,107.3,36.74,High,Moderate,Yes,Obese Type II
42,M,191.2,67.1,18.34,Low,Moderate,Yes,Underweight
61,F,172.5,57.4,19.31,Moderate,Unhealthy,Yes,Normal
52,M,174.1,70.4,23.23,Low,Healthy,No,Normal
31,M,165.1,60.4,22.18,Moderate,Moderate,Yes,Normal
36,F,192.5,94.7,25.58,Moderate,Unhealthy,No,Overweight
55,F,183.9,78.2,23.14,Low,Healthy,Yes,Normal
53,F,159.3,64.9,25.59,Moderate,Moderate,Yes,Overweight
24,F,187.2,79.2,22.6,Moderate,Moderate,No,Normal
47,M,166.6,101.9,36.71,Moderate,Moderate,Yes,Obese Type II
36,M,186.4,89.8,25.84,Low,Moderate,Yes,Overweight
42,F,186.1,64.6,18.63,Low,Unhealthy,No,Normal
33,M,154.4,76.2,31.96,Moderate,Healthy,Yes,Obese Type I
64,F,180.1,124.7,38.47,Low,Healthy,Yes,Obese Type II
57,F,159.5,92.6,36.4,Moderate,Moderate,Yes,Obese Type II
25,M,159.9,63.2,24.72,Low,Moderate,Yes,Normal
35,F,159.8,87.1,34.09,Low,Healthy,Yes,Obese Type I
45,M,181.3,51.1,15.56,High,Moderate,No,Underweight
33,M,156.5,74.4,30.38,Moderate,Healthy,No,Obese Type I
36,M,145.0,57.0,27.1,Moderate,Moderate,No,Overweight
59,M,180.8,49.1,15.04,High,Moderate,No,Underweight
34,F,153.6,45.3,19.22,Moderate,Moderate,No,Normal
62,M,150.2,59.1,26.19,Moderate,Moderate,No,Overweight
30,F,156.9,59.7,24.25,High,Unhealthy,No,Normal
24,F,164.0,72.4,26.92,Moderate,Moderate,Yes,Overweight
44,F,168.8,98.2,34.46,Moderate,Moderate,Yes,Obese Type I
27,F,147.2,34.6,15.97,Moderate,Moderate,No,Underweight
51,M,193.5,99.5,26.56,High,Unhealthy,No,Overweight
53,M,180.8,113.6,34.76,Low,Moderate,Yes,Obese Type I
42,F,161.2,112.2,43.19,Low,Moderate,No,Obese Type III
23,F,160.9,63.8,24.63,Low,Healthy,No,Normal
41,M,167.4,72.9,26.02,Low,Healthy,Yes,Overweight
35,F,176.3,97.6,31.39,Low,Healthy,No,Obese Type I
40,M,152.3,56.0,24.13,High,Unhealthy,No,Normal
23,F,154.4,45.1,18.91,Moderate,Healthy,No,Normal
46,M,188.0,79.1,22.38,Low,Unhealthy,Yes,Normal
42,F,157.8,53.6,21.52,Moderate,Unhealthy,Yes,Normal
34,F,164.0,78.4,29.16,Moderate,Unhealthy,Yes,Overweight
63,M,188.6,84.4,23.73,Moderate,Healthy,Yes,Normal
41,F,178.2,72.5,22.83,Low,Unhealthy,No,Normal
28,F,162.1,67.2,25.56,High,Unhealthy,No,Overweight
43,M,179.2,99.7,31.07,Low,Unhealthy,No,Obese Type I
51,F,146.0,44.3,20.79,Low,Moderate,Yes,Normal
45,M,181.8,102.9,31.15,Low,Healthy,Yes,Obese Type I
20,M,169.4,53.2,18.56,Moderate,Moderate,No,Normal
28,F,185.7,93.4,27.1,Moderate,Moderate,Yes,Overweight
55,F,192.7,70.0,18.84,Low,Unhealthy,No,Normal
31,F,191.3,105.6,28.86,Low,Unhealthy,No,Overweight
43,F,190.5,124.1,34.22,Moderate,Unhealthy,No,Obese Type I
38,F,170.6,53.1,18.25,Moderate,Moderate,Yes,Underweight
56,F,163.0,66.0,24.84,Low,Moderate,No,Normal
47,F,168.3,60.9,21.52,High,Unhealthy,Yes,Normal
25,M,179.5,66.9,20.78,High,Healthy,No,Normal
37,F,189.2,138.4,38.66,Low,Healthy,Yes,Obese Type II
49,M,155.3,114.3,47.36,Moderate,Unhealthy,No,Obese Type III
39,F,190.9,92.7,25.44,Low,Unhealthy,Yes,Overweight
24,F,185.8,160.9,46.62,Moderate,Moderate,No,Obese Type III
26,M,193.9,120.3,31.99,Moderate,Unhealthy,Yes,Obese Type I
62,F,189.0,105.8,29.62,Low,Moderate,Yes,Overweight
18,F,159.0,51.5,20.37,Moderate,Moderate,No,Normal
46,M,150.3,53.2,23.57,High,Healthy,No,Normal
25,F,150.6,32.6,14.36,Low,Moderate,No,Underweight
21,F,159.6,55.5,21.79,Low,Unhealthy,No,Normal
52,F,175.7,77.9,25.22,Low,Unhealthy,Yes,Overweight
20,M,185.2,176.4,51.43,Moderate,Unhealthy,Yes,Obese Type III
62,F,190.0,83.7,23.18,Moderate,Moderate,Yes,Normal
57,F,176.2,81.2,26.16,Moderate,Moderate,No,Overweight
24,F,145.3,45.7,21.64,Moderate,Healthy,Yes,Normal
44,F,154.3,62.9,26.43,Moderate,Moderate,No,Overweight
18,M,150.0,84.0,37.36,Moderate,Moderate,No,Obese Type II
44,M,163.2,82.3,30.93,Moderate,Moderate,No,Obese Type I
33,F,170.1,76.8,26.56,Moderate,Unhealthy,No,Overweight
55,F,147.2,62.4,28.83,High,Healthy,Yes,Overweight
24,M,162.4,83.7,31.74,Low,Unhealthy,No,Obese Type I
61,M,154.0,82.0,34.61,Low,Unhealthy,No,Obese Type I
40,F,177.4,80.9,25.73,Low,Unhealthy,No,Overweight
58,M,168.2,86.3,30.51,High,Moderate,Yes,Obese Type I
28,F,169.8,108.2,37.53,Moderate,Healthy,Yes,Obese Type II
59,M,166.4,52.2,18.86,Low,Unhealthy,No,Normal
50,M,192.8,90.3,24.28,High,Moderate,Yes,Normal
53,M,155.7,39.0,16.09,High,Unhealthy,No,Underweight
54,M,170.8,130.6,44.74,High,Moderate,Yes,Obese Type III
58,F,181.8,92.0,27.83,Low,Moderate,No,Overweight
34,M,172.8,77.2,25.83,High,Moderate,No,Overweight
52,M,191.5,61.1,16.68,Low,Moderate,No,Underweight
22,F,163.9,110.9,41.28,Low,Healthy,No,Obese Type III
49,M,168.2,59.0,20.87,Low,Moderate,No,Normal
20,M,149.4,81.1,36.32,Moderate,Moderate,No,Obese Type II
64,F,175.4,108.6,35.27,Low,Moderate,No,Obese Type II
52,M,159.4,118.7,46.73,Moderate,Moderate,Yes,Obese Type III
31,F,153.0,74.5,31.8,High,Unhealthy,Yes,Obese Type I
48,F,172.2,91.4,30.82,Low,Moderate,Yes,Obese Type I
48,F,171.6,46.4,15.74,Low,Unhealthy,Yes,Underweight
34,F,148.8,85.7,38.7,Low,Moderate,No,Obese Type II
41,M,179.9,90.0,27.8,High,Moderate,No,Overweight
40,F,176.2,74.1,23.88,Low,Unhealthy,No,Normal
35,M,154.5,79.2,33.22,Moderate,Moderate,Yes,Obese Type I
31,M,168.5,84.4,29.73,Low,Healthy,Yes,Overweight
32,M,181.0,125.0,38.16,High,Moderate,No,Obese Type II
32,M,171.5,66.0,22.46,Low,Unhealthy,No,Normal
23,M,164.8,73.1,26.93,Moderate,Healthy,No,Overweight
44,M,161.1,54.8,21.1,Moderate,Moderate,No,Normal
32,M,175.5,83.5,27.1,High,Unhealthy,No,Overweight
53,M,192.0,86.1,23.37,Low,Moderate,No,Normal
25,M,178.6,80.8,25.33,Moderate,Moderate,No,Overweight
32,M,148.7,53.5,24.16,Low,Moderate,No,Normal
20,F,168.0,89.2,31.58,High,Moderate,Yes,Obese Type I
64,F,189.5,147.0,40.92,Moderate,Moderate,No,Obese Type III
30,F,149.7,96.3,42.95,Moderate,Moderate,No,Obese Type III
58,M,194.4,60.1,15.91,Moderate,Moderate,Yes,Underweight
51,F,192.5,81.3,21.95,Low,Moderate,Yes,Normal
41,F,148.9,75.7,34.13,Low,Healthy,No,Obese Type I
57,F,191.7,99.6,27.11,Moderate,Moderate,No,Overweight
49,M,163.2,50.1,18.8,High,Moderate,No,Normal
49,M,187.2,88.7,25.32,Low,Unhealthy,Yes,Overweight
47,M,165.9,89.9,32.64,High,Unhealthy,Yes,Obese Type I
30,M,167.0,61.3,21.95,Low,Healthy,Yes,Normal
18,F,176.7,66.5,21.31,High,Unhealthy,No,Normal
51,F,183.7,108.9,32.26,Low,Unhealthy,No,Obese Type I
32,F,146.7,49.8,23.13,Low,Moderate,No,Normal
61,F,174.7,70.9,23.23,Moderate,Moderate,Yes,Normal
31,M,154.3,64.8,27.22,Moderate,Moderate,Yes,Overweight
46,M,162.3,101.3,38.47,Moderate,Unhealthy,Yes,Obese Type II
51,M,162.4,40.4,15.3,Moderate,Unhealthy,No,Underweight
35,F,168.5,99.6,35.09,Moderate,Moderate,Yes,Obese Type II
24,M,161.7,74.7,28.57,Low,Moderate,Yes,Overweight
46,M,150.4,65.0,28.73,Low,Moderate,No,Overweight
48,F,152.3,77.4,33.39,Low,Moderate,No,Obese Type I
42,F,146.7,82.1,38.16,Moderate,Moderate,Yes,Obese Type II
55,M,168.5,77.6,27.31,Moderate,Unhealthy,Yes,Overweight
31,M,192.7,127.4,34.29,Moderate,Moderate,No,Obese Type I
25,M,150.8,47.0,20.69,Moderate,Unhealthy,No,Normal
44,M,192.3,173.6,46.94,Low,Unhealthy,No,Obese Type III
19,M,181.7,75.1,22.75,Moderate,Moderate,Yes,Normal
34,M,176.9,156.1,49.88,Low,Unhealthy,No,Obese Type III
54,F,177.3,97.5,31.02,Moderate,Moderate,No,Obese Type I
31,F,186.3,130.5,37.58,Low,Moderate,No,Obese Type II
42,F,150.3,82.8,36.62,Moderate,Moderate,Yes,Obese Type II
47,M,170.2,46.6,16.09,Moderate,Moderate,Yes,Underweight
46,F,179.9,74.7,23.08,Moderate,Healthy,No,Normal
37,M,174.3,146.8,48.29,Moderate,Moderate,No,Obese Type III
38,M,186.6,129.7,37.22,Low,Moderate,No,Obese Type II
39,F,148.6,75.4,34.13,Low,Healthy,Yes,Obese Type I
52,M,179.5,104.7,32.49,Moderate,Moderate,No,Obese Type I
54,M,171.7,83.8,28.43,High,Moderate,Yes,Overweight
33,F,164.0,63.7,23.68,Low,Moderate,Yes,Normal
60,F,162.0,119.6,45.58,Low,Moderate,No,Obese Type III
34,F,176.0,104.2,33.61,Moderate,Healthy,Yes,Obese Type I
33,M,189.5,117.4,32.68,Moderate,Unhealthy,Yes,Obese Type I
19,F,169.8,107.3,37.2,Moderate,Healthy,No,Obese Type II
21,F,186.2,61.4,17.72,High,Moderate,Yes,Underweight
38,M,165.1,93.1,34.16,Moderate,Healthy,No,Obese Type I
56,F,150.1,42.1,18.7,Low,Unhealthy,No,Normal
51,F,148.1,91.6,41.77,Low,Healthy,No,Obese Type III
47,F,147.6,85.0,39.03,Moderate,Unhealthy,No,Obese Type II
23,M,164.0,82.4,30.64,Moderate,Moderate,No,Obese Type I
34,M,161.9,90.0,34.36,Low,Moderate,Yes,Obese Type I
56,M,180.9,88.4,27.03,High,Moderate,No,Overweight
42,M,182.1,84.3,25.4,Low,Moderate,No,Overweight
22,F,147.5,85.5,39.26,Moderate,Unhealthy,Yes,Obese Type II
22,M,156.1,114.5,47.02,Low,Moderate,No,Obese Type III
37,M,158.7,78.1,30.99,High,Unhealthy,Yes,Obese Type I
33,F,172.4,98.6,33.18,Moderate,Moderate,Yes,Obese Type I
58,F,152.2,115.8,49.97,Low,Moderate,Yes,Obese Type III
54,F,151.7,116.0,50.43,High,Unhealthy,Yes,Obese Type III
57,M,192.2,130.4,35.31,Low,Moderate,No,Obese Type II
26,M,185.2,130.3,37.98,Moderate,Moderate,No,Obese Type II
22,M,154.0,44.8,18.86,High,Unhealthy,No,Normal
59,F,165.3,86.4,31.61,Moderate,Healthy,No,Obese Type I
19,F,162.8,75.1,28.34,High,Moderate,No,Overweight
26,M,184.6,170.0,49.91,High,Unhealthy,No,Obese Type III
60,F,170.5,78.2,26.9,High,Unhealthy,No,Overweight
53,F,151.4,47.9,20.88,Low,Moderate,Yes,Normal
39,F,181.9,81.8,24.72,Low,Moderate,No,Normal
39,M,164.8,69.6,25.63,Moderate,Unhealthy,No,Overweight
39,F,158.1,55.0,22.0,Moderate,Unhealthy,No,Normal
51,F,163.8,67.5,25.17,Moderate,Moderate,No,Overweight
46,M,169.9,125.0,43.3,Low,Moderate,No,Obese Type III
55,M,162.2,37.7,14.34,High,Unhealthy,No,Underweight
63,F,157.1,63.4,25.68,High,Moderate,No,Overweight
50,F,164.9,42.6,15.67,Moderate,Healthy,No,Underweight
35,M,146.0,54.4,25.55,Low,Healthy,Yes,Overweight
24,M,183.6,71.4,21.17,Low,Healthy,Yes,Normal
18,F,153.5,51.3,21.74,Low,Healthy,No,Normal
50,F,147.2,30.8,14.2,Moderate,Unhealthy,Yes,Underweight
18,F,177.7,82.8,26.21,High,Unhealthy,Yes,Overweight
41,F,183.7,53.5,15.87,Low,Moderate,No,Underweight
21,M,185.7,167.9,48.69,Moderate,Moderate,Yes,Obese Type III
21,F,169.7,113.1,39.27,Moderate,Healthy,No,Obese Type II
35,F,155.3,118.5,49.16,Low,Unhealthy,No,Obese Type III
44,M,181.9,88.6,26.79,Moderate,Moderate,No,Overweight
60,F,180.0,74.2,22.89,Moderate,Moderate,No,Normal
49,M,157.3,112.9,45.61,High,Moderate,No,Obese Type III
50,F,190.2,117.3,32.43,Moderate,Moderate,No,Obese Type I
45,F,150.2,61.0,27.01,Moderate,Unhealthy,Yes,Overweight
59,M,194.1,101.0,26.8,Low,Healthy,No,Overweight
58,M,188.0,121.2,34.28,Low,Moderate,No,Obese Type I
53,F,179.4,116.2,36.12,Low,Moderate,Yes,Obese Type II
23,F,191.9,135.1,36.67,Low,Unhealthy,No,Obese Type II
33,F,181.1,75.9,23.15,Low,Moderate,No,Normal
51,M,154.5,45.0,18.84,Low,Unhealthy,Yes,Normal
40,F,167.1,64.6,23.12,Moderate,Unhealthy,No,Normal
59,M,148.6,49.7,22.53,Moderate,Unhealthy,Yes,Normal
41,M,164.5,90.9,33.6,Low,Unhealthy,Yes,Obese Type I
30,F,182.1,123.1,37.12,Low,Moderate,No,Obese Type II
35,M,164.3,55.5,20.54,Moderate,Moderate,No,Normal
30,F,161.5,74.3,28.5,Low,Healthy,Yes,Overweight
54,F,174.8,47.0,15.39,Moderate,Unhealthy,No,Underweight
60,F,188.6,118.4,33.29,Moderate,Unhealthy,Yes,Obese Type I
56,F,147.4,73.8,33.98,Low,Healthy,Yes,Obese Type I
59,F,164.3,90.0,33.34,Low,Unhealthy,Yes,Obese Type I
34,M,152.9,69.7,29.82,Low,Unhealthy,Yes,Overweight
32,M,179.8,84.0,25.99,Low,Unhealthy,Yes,Overweight
35,F,150.3,51.8,22.94,High,Healthy,No,Normal
40,F,178.2,133.9,42.14,Low,Healthy,Yes,Obese Type III
47,M,159.3,45.4,17.88,Moderate,Moderate,Yes,Underweight
51,M,154.9,104.0,43.32,Moderate,Moderate,No,Obese Type III
21,M,191.8,83.6,22.73,Low,Moderate,Yes,Normal
20,M,145.9,51.3,24.11,Low,Healthy,No,Normal
24,F,166.9,52.2,18.74,High,Unhealthy,Yes,Normal
35,F,146.1,43.4,20.33,High,Healthy,Yes,Normal
59,M,169.2,54.2,18.92,Low,Unhealthy,No,Normal
24,F,170.1,89.1,30.8,Low,Moderate,Yes,Obese Type I
57,M,161.1,115.2,44.42,Moderate,Unhealthy,Yes,Obese Type III
23,F,151.6,71.5,31.1,Low,Moderate,Yes,Obese Type I
39,M,163.8,59.5,22.18,Low,Moderate,No,Normal
18,F,178.6,91.8,28.77,Low,Moderate,No,Overweight
21,M,184.1,112.8,33.29,Low,Moderate,No,Obese Type I
63,M,171.5,86.4,29.36,Low,Moderate,No,Overweight
60,F,174.5,90.9,29.85,Moderate,Moderate,No,Overweight
46,M,155.0,84.6,35.22,Moderate,Unhealthy,Yes,Obese Type II
38,F,159.4,56.3,22.16,Moderate,Moderate,No,Normal
43,F,153.1,76.6,32.7,Low,Unhealthy,No,Obese Type I
31,M,157.5,77.8,31.39,Moderate,Moderate,No,Obese Type I
26,F,156.2,46.0,18.85,Moderate,Moderate,Yes,Normal
64,F,171.0,82.9,28.37,Low,Moderate,No,Overweight
29,F,173.1,67.2,22.43,Low,Moderate,Yes,Normal
59,F,192.2,53.4,14.44,Low,Moderate,No,Underweight
23,F,154.8,76.2,31.8,Low,Moderate,Yes,Obese Type I
37,M,177.1,106.9,34.08,High,Moderate,No,Obese Type I
41,F,185.9,123.8,35.84,Moderate,Healthy,Yes,Obese Type II
44,F,173.0,85.6,28.6,Low,Moderate,No,Overweight
55,F,157.8,84.2,33.84,Moderate,Moderate,Yes,Obese Type I
25,F,158.1,49.3,19.73,Low,Moderate,No,Normal
18,F,147.0,61.8,28.63,Low,Healthy,No,Overweight
41,M,160.3,49.2,19.17,Low,Moderate,Yes,Normal
64,F,182.2,104.5,31.47,Moderate,Moderate,No,Obese Type I
24,M,147.4,42.2,19.45,Low,Moderate,Yes,Normal
36,M,156.0,54.2,22.29,Low,Moderate,No,Normal
39,M,180.3,60.6,18.63,Low,Moderate,No,Normal
52,M,184.1,51.8,15.28,Low,Healthy,Yes,Underweight
47,F,167.8,85.8,30.48,Moderate,Unhealthy,No,Obese Type I
46,M,179.9,82.8,25.59,High,Moderate,Yes,Overweight
39,M,164.4,53.0,19.6,Moderate,Healthy,Yes,Normal
28,F,153.0,39.7,16.95,Moderate,Unhealthy,Yes,Underweight
37,F,164.9,79.1,29.07,High,Moderate,Yes,Overweight
46,F,174.0,44.3,14.64,Low,Healthy,No,Underweight
58,M,192.4,86.6,23.4,Low,Healthy,Yes,Normal
59,F,148.4,46.5,21.11,Moderate,Moderate,No,Normal
51,F,170.4,55.2,19.01,Low,Unhealthy,Yes,Normal
18,M,161.4,121.4,46.58,Moderate,Unhealthy,No,Obese Type III
48,F,170.4,96.5,33.23,Low,Moderate,Yes,Obese Type I
47,F,146.2,54.4,25.44,Low,Unhealthy,Yes,Overweight
35,F,160.7,66.5,25.76,Moderate,Unhealthy,No,Overweight
34,F,186.0,97.1,28.08,High,Moderate,No,Overweight
55,M,172.7,99.5,33.36,Low,Moderate,No,Obese Type I
31,F,167.5,86.2,30.73,Low,Healthy,No,Obese Type I
40,F,159.3,47.6,18.77,Moderate,Unhealthy,Yes,Normal
42,M,159.9,88.6,34.67,Low,Unhealthy,Yes,Obese Type I
32,F,164.2,51.4,19.06,Low,Healthy,No,Normal
63,M,186.8,101.9,29.2,Low,Moderate,No,Overweight
39,F,193.4,94.3,25.23,Moderate,Healthy,Yes,Overweight
20,M,166.9,139.2,49.94,High,Healthy,No,Obese Type III
36,M,164.7,66.2,24.4,Moderate,Healthy,No,Normal
61,M,187.3,94.1,26.82,Low,Moderate,No,Overweight
51,M,166.3,80.5,29.09,Low,Moderate,Yes,Overweight
52,F,172.6,90.2,30.29,Low,Moderate,No,Obese Type I
18,M,156.5,102.4,41.77,High,Moderate,Yes,Obese Type III
38,F,182.2,109.9,33.12,Moderate,Moderate,Yes,Obese Type I
46,M,171.6,57.7,19.59,Low,Moderate,No,Normal
23,M,185.5,127.4,37.06,Moderate,Unhealthy,No,Obese Type II
54,M,184.0,110.0,32.47,Moderate,Moderate,No,Obese Type I
18,F,155.8,78.5,32.35,High,Unhealthy,Yes,Obese Type I
18,M,180.8,68.1,20.83,High,Moderate,No,Normal
44,F,185.0,127.6,37.29,Low,Healthy,Yes,Obese Type II
38,F,162.3,64.5,24.48,Moderate,Unhealthy,No,Normal
33,F,153.6,71.5,30.27,Moderate,Moderate,Yes,Obese Type I
61,F,145.1,101.8,48.34,Low,Unhealthy,Yes,Obese Type III
57,F,167.5,56.2,20.02,Moderate,Healthy,Yes,Normal
43,F,162.6,89.4,33.82,Moderate,Healthy,Yes,Obese Type I
33,F,172.7,60.1,20.14,Low,Healthy,No,Normal
45,F,154.4,53.2,22.33,Moderate,Healthy,No,Normal
18,F,188.0,67.7,19.17,Moderate,Moderate,Yes,Normal
53,M,157.9,84.3,33.82,Low,Unhealthy,No,Obese Type I
27,M,156.3,65.4,26.78,Low,Moderate,No,Overweight
60,M,169.0,76.9,26.9,Moderate,Moderate,No,Overweight
34,M,169.9,142.1,49.22,Low,Moderate,Yes,Obese Type III
40,M,155.8,50.8,20.96,High,Moderate,No,Normal
24,F,158.6,70.4,28.0,Low,Unhealthy,Yes,Overweight
61,F,153.5,68.2,28.97,Low,Unhealthy,No,Overweight
24,F,180.9,106.3,32.48,Low,Moderate,No,Obese Type I
61,F,183.5,130.3,38.68,Moderate,Unhealthy,Yes,Obese Type II
32,F,168.1,98.0,34.69,Moderate,Moderate,No,Obese Type I
51,F,180.7,66.0,20.21,Moderate,Moderate,Yes,Normal
63,F,181.8,128.2,38.78,Low,Moderate,Yes,Obese Type II
62,M,151.9,94.1,40.76,High,Unhealthy,Yes,Obese Type III
21,M,193.3,96.1,25.71,Low,Healthy,No,Overweight
31,M,186.1,89.2,25.76,Low,Unhealthy,No,Overweight
31,M,155.2,44.8,18.58,Low,Moderate,Yes,Normal
33,F,154.3,63.7,26.76,Low,Moderate,Yes,Overweight
24,F,151.3,47.1,20.57,Low,Unhealthy,Yes,Normal
49,F,151.9,56.6,24.53,Low,Unhealthy,No,Normal
36,M,182.4,68.7,20.64,Low,Unhealthy,No,Normal
19,F,168.5,108.4,38.17,High,Moderate,No,Obese Type II
27,F,184.1,112.3,33.12,Low,Healthy,No,Obese Type I
34,F,182.3,141.2,42.48,Moderate,Moderate,No,Obese Type III
54,M,175.2,153.4,49.97,Moderate,Moderate,Yes,Obese Type III
29,F,179.3,90.8,28.25,Low,Moderate,Yes,Overweight
23,M,145.9,53.8,25.29,Moderate,Unhealthy,No,Overweight
39,M,160.6,63.6,24.65,Moderate,Unhealthy,No,Normal
49,M,176.9,84.0,26.85,Low,Healthy,No,Overweight
58,M,145.5,68.9,32.57,High,Unhealthy,Yes,Obese Type I
37,F,146.6,37.1,17.24,Moderate,Healthy,Yes,Underweight
18,M,187.6,108.4,30.81,High,Unhealthy,Yes,Obese Type I
64,M,179.2,137.1,42.69,High,Moderate,No,Obese Type III
23,F,158.3,64.0,25.56,Low,Healthy,No,Overweight
36,F,179.4,86.4,26.84,Low,Moderate,Yes,Overweight
35,M,184.6,81.1,23.79,Low,Moderate,No,Normal
23,F,160.3,45.0,17.51,High,Moderate,No,Underweight
62,M,146.8,64.3,29.83,High,Moderate,Yes,Overweight
50,M,191.6,92.8,25.27,Moderate,Unhealthy,Yes,Overweight
40,M,162.3,47.1,17.89,Low,Healthy,No,Underweight
40,M,150.3,82.9,36.69,Low,Unhealthy,No,Obese Type II
43,F,169.6,78.8,27.4,High,Unhealthy,No,Overweight
30,M,183.4,172.9,51.4,High,Healthy,No,Obese Type III
24,F,156.1,122.8,50.4,Low,Moderate,Yes,Obese Type III
32,F,158.5,107.0,42.61,Low,Moderate,Yes,Obese Type III
61,F,157.1,95.0,38.47,Low,Healthy,No,Obese Type II
44,F,194.6,177.4,46.86,Low,Moderate,No,Obese Type III
43,M,154.9,39.9,16.63,High,Moderate,Yes,Underweight
50,F,173.8,93.9,31.08,Moderate,Healthy,Yes,Obese Type I
32,M,191.3,81.7,22.33,Moderate,Moderate,Yes,Normal
53,F,152.3,48.5,20.9,Moderate,Unhealthy,Yes,Normal
62,F,193.5,91.9,24.52,Low,Moderate,Yes,Normal
44,M,192.4,111.0,30.01,Low,Moderate,No,Obese Type I
22,M,189.2,120.4,33.62,Moderate,Unhealthy,No,Obese Type I
19,M,155.7,37.9,15.63,Moderate,Moderate,Yes,Underweight
50,F,176.7,85.0,27.22,Low,Moderate,No,Overweight
33,F,183.0,107.5,32.08,Low,Unhealthy,No,Obese Type I
40,M,194.3,93.4,24.75,Low,Moderate,Yes,Normal
55,M,154.0,54.8,23.09,Low,Unhealthy,No,Normal
33,M,183.3,69.2,20.61,Moderate,Moderate,Yes,Normal
31,M,161.9,68.0,25.94,Moderate,Moderate,No,Overweight
46,F,153.8,60.9,25.77,Moderate,Unhealthy,Yes,Overweight
43,M,166.1,77.9,28.25,High,Unhealthy,Yes,Overweight
52,M,184.7,60.8,17.83,Moderate,Unhealthy,No,Underweight
32,M,168.2,56.4,19.94,Low,Unhealthy,Yes,Normal
20,M,171.9,95.4,32.3,Low,Moderate,Yes,Obese Type I
40,F,194.8,97.2,25.63,High,Moderate,Yes,Overweight
46,M,165.0,103.5,38.02,Moderate,Unhealthy,No,Obese Type II
51,F,175.8,64.6,20.89,Low,Moderate,No,Normal
50,M,163.3,100.7,37.78,Moderate,Healthy,Yes,Obese Type II
58,M,164.6,56.6,20.89,Moderate,Unhealthy,Yes,Normal
58,F,179.8,70.5,21.81,High,Moderate,No,Normal
40,M,191.9,136.8,37.14,High,Moderate,Yes,Obese Type II
24,F,172.1,87.2,29.44,Moderate,Unhealthy,No,Overweight
20,F,183.4,93.4,27.77,Moderate,Moderate,Yes,Overweight
49,M,149.5,50.0,22.39,Low,Healthy,No,Normal
48,F,155.6,65.2,26.94,Moderate,Unhealthy,No,Overweight
35,F,170.1,146.4,50.58,Moderate,Healthy,Yes,Obese Type III
60,F,146.0,69.6,32.63,Moderate,Moderate,No,Obese Type I
24,F,157.6,64.4,25.91,Moderate,Unhealthy,No,Overweight
58,F,170.9,68.5,23.45,High,Moderate,Yes,Normal
18,F,145.7,62.3,29.32,Low,Unhealthy,Yes,Overweight
31,F,158.2,54.5,21.75,Low,Moderate,Yes,Normal
49,F,170.7,80.2,27.53,Moderate,Unhealthy,Yes,Overweight
23,M,173.7,120.2,39.85,High,Moderate,Yes,Obese Type II
56,M,191.3,70.7,19.33,High,Moderate,No,Normal
27,F,177.3,71.8,22.86,Moderate,Moderate,No,Normal
24,M,165.7,63.7,23.19,High,Unhealthy,No,Normal
43,F,191.5,103.0,28.08,Moderate,Moderate,No,Overweight
51,F,184.2,111.0,32.69,Low,Unhealthy,No,Obese Type I
47,M,155.0,61.1,25.43,Moderate,Moderate,No,Overweight
53,F,151.5,63.6,27.67,Low,Unhealthy,No,Overweight
38,F,178.8,94.0,29.41,Low,Moderate,Yes,Overweight
34,F,173.0,149.2,49.86,Low,Unhealthy,Yes,Obese Type III
50,F,184.5,78.6,23.09,Low,Moderate,Yes,Normal
27,M,181.9,66.2,19.99,Low,Moderate,No,Normal
64,F,176.3,58.9,18.95,Low,Moderate,Yes,Normal
59,F,194.3,81.0,21.45,Low,Moderate,Yes,Normal
29,F,171.7,129.0,43.76,Low,Moderate,No,Obese Type III
33,M,150.7,97.0,42.75,Moderate,Healthy,No,Obese Type III
58,F,186.4,75.8,21.82,Moderate,Moderate,No,Normal
49,M,157.6,75.0,30.22,High,Moderate,No,Obese Type I
32,M,183.9,72.4,21.42,High,Healthy,Yes,Normal
44,F,192.9,85.8,23.06,Moderate,Healthy,No,Normal
45,F,179.8,83.4,25.79,Moderate,Moderate,No,Overweight
34,M,174.8,111.3,36.44,Low,Unhealthy,No,Obese Type II
63,F,168.0,95.5,33.82,Low,Moderate,No,Obese Type I
19,M,163.2,122.5,45.98,Moderate,Moderate,Yes,Obese Type III
53,M,162.7,70.5,26.64,Moderate,Moderate,Yes,Overweight
24,F,176.8,100.9,32.27,High,Moderate,No,Obese Type I
30,F,182.6,97.3,29.19,Moderate,Moderate,Yes,Overweight
32,M,178.9,57.2,17.88,Low,Moderate,Yes,Underweight
42,M,154.9,90.0,37.48,High,Moderate,No,Obese Type II
40,M,169.7,77.1,26.77,Moderate,Unhealthy,Yes,Overweight
39,M,184.6,140.8,41.33,High,Unhealthy,No,Obese Type III
43,F,168.8,80.7,28.34,Moderate,Moderate,Yes,Overweight
50,F,171.8,145.7,49.36,Low,Moderate,Yes,Obese Type III
28,F,183.6,86.2,25.57,Low,Moderate,No,Overweight
27,F,178.1,61.5,19.39,Low,Unhealthy,Yes,Normal
42,F,165.5,105.9,38.67,Low,Unhealthy,No,Obese Type II
54,M,189.8,119.5,33.2,Low,Moderate,No,Obese Type I
60,F,153.1,60.3,25.73,Moderate,Moderate,No,Overweight
55,F,194.8,73.5,19.38,High,Unhealthy,Yes,Normal
58,F,150.9,70.1,30.79,High,Moderate,No,Obese Type I
62,F,145.7,70.9,33.39,Moderate,Unhealthy,Yes,Obese Type I
41,F,189.5,92.2,25.66,Low,Unhealthy,No,Overweight
57,M,157.2,50.8,20.55,Low,Unhealthy,Yes,Normal
63,M,181.5,100.6,30.56,Moderate,Moderate,Yes,Obese Type I
50,M,185.6,133.3,38.73,Low,Healthy,No,Obese Type II
34,F,187.9,81.6,23.1,High,Unhealthy,No,Normal
41,M,194.6,127.5,33.67,High,Unhealthy,No,Obese Type I
54,M,159.7,49.8,19.51,Low,Moderate,No,Normal
19,F,180.5,67.9,20.84,Moderate,Healthy,Yes,Normal
49,F,150.8,76.4,33.62,Low,Unhealthy,Yes,Obese Type I
41,F,165.3,111.3,40.7,Moderate,Moderate,No,Obese Type III
26,M,187.4,60.0,17.08,Low,Unhealthy,Yes,Underweight
21,M,163.4,55.1,20.64,Low,Unhealthy,Yes,Normal
34,F,174.6,77.7,25.5,Moderate,Moderate,No,Overweight
34,F,170.2,77.0,26.59,Moderate,Healthy,Yes,Overweight
47,M,177.3,91.4,29.09,Moderate,Moderate,No,Overweight
57,M,193.6,91.7,24.46,Moderate,Healthy,No,Normal
28,F,147.8,64.5,29.52,Moderate,Moderate,No,Overweight
38,F,173.7,67.5,22.37,Moderate,Healthy,Yes,Normal
38,M,188.2,101.9,28.79,High,Unhealthy,Yes,Overweight
35,F,169.1,78.4,27.42,High,Unhealthy,No,Overweight
46,M,148.9,98.8,44.53,Moderate,Moderate,Yes,Obese Type III
41,M,173.0,67.0,22.39,Moderate,Moderate,Yes,Normal
27,M,161.6,70.9,27.15,Moderate,Moderate,No,Overweight
62,M,152.7,69.3,29.7,Low,Moderate,No,Overweight
34,F,187.5,107.3,30.54,Low,Moderate,Yes,Obese Type I
35,F,171.1,72.4,24.74,High,Moderate,Yes,Normal
59,M,191.7,126.7,34.48,High,Unhealthy,No,Obese Type I
37,M,185.3,79.8,23.25,Moderate,Moderate,Yes,Normal
54,M,179.6,101.5,31.44,Moderate,Moderate,No,Obese Type I
62,M,145.3,59.2,28.07,Low,Moderate,Yes,Overweight
35,M,166.4,80.4,29.05,Low,Unhealthy,No,Overweight
34,F,154.9,93.9,39.17,Moderate,Moderate,Yes,Obese Type II
26,F,190.5,135.8,37.39,Moderate,Moderate,Yes,Obese Type II
31,F,153.7,56.3,23.82,High,Unhealthy,Yes,Normal
46,F,159.3,66.5,26.21,Low,Unhealthy,Yes,Overweight
48,M,170.8,75.0,25.7,Moderate,Unhealthy,Yes,Overweight
21,M,158.2,79.2,31.65,Low,Moderate,Yes,Obese Type I
35,M,155.5,59.5,24.62,High,Moderate,No,Normal
37,M,175.0,103.6,33.86,High,Unhealthy,Yes,Obese Type I
64,M,149.4,65.0,29.11,Moderate,Moderate,No,Overweight
60,F,147.9,72.0,32.93,High,Healthy,Yes,Obese Type I
61,M,163.6,113.2,42.3,Moderate,Unhealthy,No,Obese Type III
26,F,181.0,146.9,44.82,Low,Moderate,No,Obese Type III
30,F,172.7,76.4,25.6,Moderate,Moderate,No,Overweight
32,F,166.1,77.3,27.99,Low,Moderate,Yes,Overweight
44,F,173.3,155.3,51.7,Moderate,Unhealthy,No,Obese Type III
32,M,163.3,117.8,44.18,High,Unhealthy,Yes,Obese Type III
45,F,191.8,167.3,45.47,Moderate,Unhealthy,Yes,Obese Type III
54,F,147.7,78.7,36.06,Low,Moderate,No,Obese Type II
36,F,178.7,94.9,29.73,Low,Moderate,Yes,Overweight
43,M,189.6,173.2,48.2,Low,Unhealthy,Yes,Obese Type III
43,M,185.2,105.9,30.86,Low,Moderate,Yes,Obese Type I
42,M,154.2,78.5,33.03,Low,Moderate,Yes,Obese Type I
43,F,159.8,37.0,14.5,Moderate,Healthy,Yes,Underweight
43,F,180.9,75.7,23.14,Moderate,Unhealthy,No,Normal
63,M,149.2,47.9,21.49,Moderate,Moderate,Yes,Normal
45,F,185.6,75.9,22.02,Low,Moderate,No,Normal
35,M,180.9,109.2,33.36,Low,Healthy,No,Obese Type I
49,M,181.5,89.8,27.28,Low,Moderate,No,Overweight
20,F,150.0,54.0,24.02,Low,Unhealthy,No,Normal
19,F,180.9,66.0,20.16,Low,Healthy,No,Normal
50,F,179.0,101.8,31.76,Low,Moderate,No,Obese Type I
59,F,186.5,127.4,36.61,Moderate,Moderate,Yes,Obese Type II
36,M,147.1,65.4,30.22,High,Unhealthy,No,Obese Type I
34,M,146.2,44.2,20.7,Moderate,Unhealthy,No,Normal
61,M,163.7,106.4,39.74,Moderate,Moderate,No,Obese Type II
50,M,152.4,67.5,29.04,Low,Healthy,Yes,Overweight
29,M,172.9,103.9,34.74,High,Moderate,Yes,Obese Type I
20,F,190.9,128.9,35.38,Low,Healthy,No,Obese Type II
60,M,164.6,88.4,32.62,Low,Moderate,No,Obese Type I
43,M,187.2,53.0,15.11,Low,Moderate,No,Underweight
52,M,145.0,107.5,51.11,Low,Moderate,No,Obese Type III
25,F,153.4,81.9,34.81,Moderate,Moderate,No,Obese Type I
53,F,146.5,75.2,35.05,High,Moderate,Yes,Obese Type II
24,F,161.4,48.7,18.7,Moderate,Healthy,No,Normal
63,F,190.4,54.2,14.96,Low,Moderate,Yes,Underweight
63,M,149.8,65.5,29.15,Moderate,Unhealthy,No,Overweight
53,M,175.3,116.9,38.02,Moderate,Healthy,Yes,Obese Type II
33,F,167.6,129.2,46.0,High,Unhealthy,Yes,Obese Type III
41,F,191.9,137.1,37.22,Moderate,Moderate,Yes,Obese Type II
18,M,151.1,55.6,24.37,Moderate,Healthy,No,Normal
42,M,155.6,52.6,21.72,Moderate,Moderate,No,Normal
27,F,146.5,48.8,22.74,Moderate,Healthy,Yes,Normal
33,F,166.7,112.0,40.31,Low,Moderate,No,Obese Type III
33,F,158.9,88.4,35.02,Low,Moderate,No,Obese Type II
25,F,188.5,69.6,19.58,Moderate,Unhealthy,No,Normal
46,M,175.2,92.9,30.25,High,Moderate,No,Obese Type I
56,M,175.7,81.6,26.45,Moderate,Moderate,Yes,Overweight
45,M,171.6,69.0,23.44,High,Moderate,Yes,Normal
23,F,149.6,44.6,19.93,Low,Moderate,Yes,Normal
33,F,167.3,62.3,22.26,Moderate,Healthy,No,Normal
37,M,195.0,114.4,30.09,Low,Moderate,Yes,Obese Type I
33,M,186.8,74.1,21.26,High,Healthy,No,Normal
24,M,189.7,86.9,24.16,Low,Moderate,Yes,Normal
58,M,186.2,114.6,33.07,Moderate,Moderate,Yes,Obese Type I
31,F,150.2,51.8,22.98,Low,Unhealthy,No,Normal
60,M,156.4,92.7,37.91,Moderate,Healthy,No,Obese Type II
43,M,145.2,70.9,33.67,High,Unhealthy,Yes,Obese Type I
43,M,160.2,68.1,26.53,Low,Moderate,No,Overweight
31,M,150.4,70.2,31.01,High,Unhealthy,No,Obese Type I
24,M,168.6,96.5,33.94,High,Moderate,No,Obese Type I
50,M,178.9,119.4,37.32,Low,Healthy,Yes,Obese Type II
43,M,188.7,68.2,19.14,Moderate,Moderate,Yes,Normal
62,F,182.5,114.3,34.34,Low,Healthy,No,Obese Type I
37,F,191.9,113.1,30.71,Low,Moderate,No,Obese Type I
20,F,147.7,113.1,51.87,Moderate,Healthy,No,Obese Type III
21,F,145.6,59.2,27.91,Moderate,Moderate,No,Overweight
43,M,178.1,106.6,33.61,Low,Moderate,No,Obese Type I
28,F,159.5,105.2,41.38,Low,Moderate,Yes,Obese Type III
19,F,157.7,70.6,28.39,High,Moderate,Yes,Overweight
31,M,161.5,102.5,39.28,Moderate,Unhealthy,Yes,Obese Type II
61,M,158.5,115.9,46.14,Low,Unhealthy,No,Obese Type III
47,F,170.6,107.9,37.09,Moderate,Unhealthy,No,Obese Type II
29,F,167.0,73.2,26.24,Low,Moderate,No,Overweight
43,M,170.6,116.0,39.83,Low,Moderate,No,Obese Type II
61,F,178.6,60.2,18.86,Moderate,Moderate,No,Normal
50,M,164.4,102.8,38.04,Moderate,Moderate,Yes,Obese Type II
30,M,157.6,106.8,43.03,Low,Healthy,Yes,Obese Type III
31,M,153.3,38.0,16.17,Moderate,Moderate,Yes,Underweight
41,M,162.5,40.0,15.15,Low,Moderate,No,Underweight
51,F,182.1,66.1,19.93,Moderate,Unhealthy,No,Normal
61,M,182.8,82.3,24.6,Low,Moderate,Yes,Normal
43,M,178.3,67.9,21.34,Moderate,Moderate,No,Normal
38,F,156.7,94.1,38.32,Low,Unhealthy,No,Obese Type II
45,M,174.4,86.6,28.46,Moderate,Unhealthy,Yes,Overweight
53,F,173.5,118.4,39.3,Moderate,Moderate,No,Obese Type II
57,F,169.2,84.1,29.36,Low,Healthy,Yes,Overweight
19,F,172.5,78.4,26.36,Low,Moderate,No,Overweight
59,M,169.6,108.3,37.65,Moderate,Healthy,No,Obese Type II
26,F,173.3,121.5,40.48,Low,Healthy,Yes,Obese Type III
40,F,180.8,80.3,24.57,Moderate,Unhealthy,No,Normal
32,M,150.5,55.5,24.53,Moderate,Unhealthy,Yes,Normal
30,F,182.5,168.4,50.59,Moderate,Moderate,Yes,Obese Type III
40,F,151.8,64.9,28.17,High,Moderate,No,Overweight
34,F,148.3,85.4,38.8,Moderate,Moderate,No,Obese Type II
19,F,193.8,112.0,29.81,Moderate,Unhealthy,Yes,Overweight
37,F,192.8,129.3,34.78,Moderate,Unhealthy,Yes,Obese Type I
37,M,148.0,32.0,14.61,High,Unhealthy,No,Underweight
63,F,167.2,75.1,26.89,Low,Healthy,Yes,Overweight
20,F,154.3,73.3,30.79,High,Healthy,Yes,Obese Type I
29,M,169.3,125.4,43.78,High,Unhealthy,Yes,Obese Type III
57,M,186.5,91.6,26.35,Low,Unhealthy,No,Overweight
19,M,192.5,93.7,25.29,Low,Unhealthy,No,Overweight
53,F,176.7,72.7,23.27,High,Healthy,Yes,Normal
31,M,162.7,53.0,20.01,Moderate,Healthy,No,Normal
33,F,175.2,93.5,30.46,Low,Unhealthy,Yes,Obese Type I
36,F,160.6,64.8,25.11,Moderate,Moderate,No,Overweight
51,M,190.5,83.4,22.97,Low,Moderate,Yes,Normal
61,M,188.5,63.6,17.91,Low,Moderate,Yes,Underweight
63,F,172.9,123.4,41.26,Moderate,Moderate,No,Obese Type III
23,M,161.2,113.3,43.57,Moderate,Moderate,Yes,Obese Type III
30,F,159.7,35.7,14.02,High,Healthy,Yes,Underweight
53,M,146.7,60.4,28.09,Moderate,Unhealthy,No,Overweight
39,M,185.8,82.3,23.85,High,Moderate,No,Normal
35,M,167.5,89.0,31.72,Low,Moderate,Yes,Obese Type I
29,F,161.3,90.0,34.61,Moderate,Moderate,No,Obese Type I
47,M,168.6,43.6,15.35,Low,Moderate,No,Underweight
57,F,185.9,94.9,27.44,Low,Healthy,No,Overweight
24,F,151.2,60.5,26.47,High,Moderate,No,Overweight
49,F,187.9,117.1,33.16,Low,Moderate,No,Obese Type I
36,F,189.9,92.1,25.56,High,Moderate,No,Overweight
23,M,192.3,98.9,26.75,Low,Moderate,Yes,Overweight
37,F,164.9,80.2,29.52,Low,Moderate,Yes,Overweight
44,F,155.9,60.9,25.07,Low,Moderate,No,Overweight
60,M,163.7,77.8,29.02,Moderate,Moderate,Yes,Overweight
54,F,161.6,85.0,32.52,Low,Moderate,Yes,Obese Type I
24,M,153.8,50.8,21.48,Moderate,Moderate,Yes,Normal
22,F,175.4,91.9,29.9,Moderate,Healthy,Yes,Overweight
28,M,168.8,81.0,28.4,Low,Moderate,Yes,Overweight
32,F,188.3,94.8,26.74,Moderate,Healthy,Yes,Overweight
20,M,146.6,80.4,37.43,Moderate,Healthy,Yes,Obese Type II
22,F,177.2,142.8,45.49,High,Unhealthy,No,Obese Type III
40,F,183.1,57.0,17.0,Low,Moderate,No,Underweight
54,M,183.0,50.6,15.1,Low,Unhealthy,Yes,Underweight
26,M,189.3,83.3,23.23,Low,Unhealthy,No,Normal
32,M,181.5,82.8,25.14,Moderate,Moderate,No,Overweight
20,M,191.4,99.0,27.02,Moderate,Healthy,No,Overweight
46,F,161.6,120.2,45.99,High,Unhealthy,No,Obese Type III
23,F,170.2,90.0,31.07,High,Healthy,Yes,Obese Type I
34,M,145.7,71.2,33.53,Low,Moderate,Yes,Obese Type I
43,F,145.3,85.4,40.41,Moderate,Healthy,Yes,Obese Type III
38,M,157.0,69.8,28.33,Moderate,Healthy,Yes,Overweight
25,M,150.0,35.6,15.81,High,Healthy,Yes,Underweight
38,F,158.0,112.9,45.23,Low,Moderate,No,Obese Type III
28,F,153.9,96.3,40.68,Moderate,Healthy,Yes,Obese Type III
55,F,146.4,70.4,32.85,High,Unhealthy,No,Obese Type I
25,F,190.5,108.0,29.76,Low,Moderate,No,Overweight
59,F,145.4,51.2,24.23,Moderate,Unhealthy,No,Normal
41,F,181.8,103.4,31.27,High,Moderate,Yes,Obese Type I
52,F,152.6,105.2,45.15,High,Unhealthy,No,Obese Type III
31,M,190.6,134.1,36.91,Low,Unhealthy,Yes,Obese Type II
31,M,189.6,137.1,38.12,Low,Healthy,Yes,Obese Type II
27,M,177.7,71.5,22.66,Low,Moderate,No,Normal
29,M,178.6,67.4,21.14,High,Healthy,Yes,Normal
55,M,145.3,39.3,18.64,High,Unhealthy,No,Normal
61,F,194.2,82.8,21.93,Moderate,Moderate,No,Normal
63,M,188.9,98.0,27.46,Moderate,Unhealthy,Yes,Overweight
51,M,189.8,82.4,22.89,Low,Unhealthy,No,Normal
58,M,178.0,100.6,31.75,Moderate,Unhealthy,No,Obese Type I
27,M,162.2,100.4,38.16,Low,Moderate,Yes,Obese Type II
34,M,189.7,112.8,31.36,Moderate,Unhealthy,No,Obese Type I
34,M,159.6,45.3,17.81,Moderate,Moderate,No,Underweight
20,M,173.1,106.7,35.6,Moderate,Moderate,No,Obese Type II
48,F,150.0,51.1,22.73,High,Unhealthy,No,Normal
18,F,191.1,125.0,34.22,Low,Moderate,No,Obese Type I
29,M,152.0,49.1,21.25,Moderate,Moderate,No,Normal
56,F,156.2,38.4,15.71,Moderate,Healthy,No,Underweight
21,F,172.9,53.7,17.95,Moderate,Moderate,Yes,Underweight
59,F,183.2,97.9,29.16,Moderate,Healthy,Yes,Overweight
30,F,176.0,46.4,15.0,Low,Healthy,No,Underweight
51,M,156.6,51.4,20.97,Low,Moderate,Yes,Normal
59,F,145.0,77.6,36.89,Low,Moderate,No,Obese Type II
38,F,182.9,63.2,18.92,Low,Unhealthy,No,Normal
39,F,194.3,65.5,17.34,Moderate,Moderate,Yes,Underweight
21,M,185.5,98.3,28.56,Low,Moderate,No,Overweight
35,M,168.0,86.6,30.66,Moderate,Healthy,Yes,Obese Type I
22,M,190.2,84.4,23.33,Low,Moderate,No,Normal
36,M,165.5,87.2,31.85,Moderate,Healthy,Yes,Obese Type I
19,M,171.2,41.2,14.05,Moderate,Healthy,Yes,Underweight
29,M,168.9,52.9,18.56,Low,Healthy,No,Normal
34,M,167.4,59.4,21.18,Moderate,Moderate,No,Normal
27,F,183.8,64.7,19.17,High,Unhealthy,Yes,Normal
51,F,171.3,111.2,37.87,Low,Moderate,Yes,Obese Type II
23,F,160.8,114.2,44.15,Moderate,Moderate,Yes,Obese Type III
25,M,157.9,77.3,31.0,Low,Unhealthy,Yes,Obese Type I
28,M,146.9,55.3,25.63,Low,Moderate,No,Overweight
29,M,174.2,54.9,18.1,Moderate,Moderate,Yes,Underweight
26,M,156.5,72.4,29.54,Low,Unhealthy,No,Overweight
19,M,152.4,47.8,20.6,High,Moderate,No,Normal
25,F,177.7,89.9,28.46,Low,Healthy,No,Overweight
28,F,179.1,94.7,29.53,Low,Moderate,No,Overweight
53,M,182.6,57.1,17.12,Moderate,Moderate,Yes,Underweight
27,M,170.2,56.9,19.65,Moderate,Unhealthy,Yes,Normal
38,M,189.7,98.9,27.47,Moderate,Moderate,No,Overweight
37,M,191.8,72.8,19.79,Low,Healthy,No,Normal
25,F,185.4,92.8,27.0,High,Moderate,No,Overweight
53,M,176.8,60.8,19.45,High,Moderate,No,Normal
46,M,160.2,46.9,18.27,Moderate,Moderate,No,Underweight
59,M,194.1,172.6,45.8,Moderate,Healthy,No,Obese Type III
29,M,158.7,121.1,48.08,Moderate,Unhealthy,No,Obese Type III
31,F,155.1,34.9,14.52,Low,Moderate,No,Underweight
38,M,167.1,132.8,47.56,Low,Unhealthy,No,Obese Type III
39,M,147.8,86.1,39.4,Low,Moderate,Yes,Obese Type II
38,F,193.9,94.9,25.24,High,Moderate,No,Overweight
61,F,174.4,57.6,18.93,Low,Healthy,Yes,Normal
47,F,172.8,63.1,21.13,Moderate,Moderate,Yes,Normal
56,M,177.8,61.9,19.57,Low,Moderate,No,Normal
37,M,169.9,76.9,26.67,Moderate,Healthy,No,Overweight
41,F,146.6,58.3,27.1,Low,Moderate,No,Overweight
40,F,175.6,91.3,29.59,Moderate,Moderate,Yes,Overweight
24,F,180.8,62.6,19.14,Low,Moderate,Yes,Normal
26,F,165.8,103.1,37.48,High,Moderate,Yes,Obese Type II
18,F,182.9,103.8,31.06,High,Unhealthy,No,Obese Type I
43,F,156.4,96.6,39.53,Moderate,Moderate,No,Obese Type II
55,M,156.1,62.2,25.52,Low,Moderate,Yes,Overweight
55,M,153.1,91.1,38.88,Low,Unhealthy,No,Obese Type II
61,M,163.6,80.8,30.18,High,Healthy,Yes,Obese Type I
39,F,187.4,107.7,30.68,Low,Moderate,No,Obese Type I
61,F,186.4,77.1,22.19,Low,Healthy,Yes,Normal
27,F,164.1,61.2,22.73,Moderate,Unhealthy,No,Normal
23,F,174.5,77.7,25.53,Low,Healthy,Yes,Overweight
34,F,181.0,113.2,34.53,Low,Moderate,Yes,Obese Type I
55,F,157.1,55.1,22.32,Moderate,Healthy,No,Normal
41,M,153.4,50.5,21.44,Low,Moderate,No,Normal
27,M,193.6,77.8,20.77,Low,Moderate,No,Normal
25,F,175.9,56.7,18.32,Moderate,Moderate,No,Underweight
38,M,194.1,103.4,27.45,Low,Moderate,No,Overweight
23,F,161.9,57.5,21.95,Moderate,Healthy,No,Normal
38,M,180.2,67.5,20.8,Low,Unhealthy,No,Normal
56,F,156.1,64.2,26.35,Moderate,Healthy,No,Overweight
41,F,158.1,55.1,22.06,Moderate,Healthy,Yes,Normal
50,M,170.6,104.0,35.75,Moderate,Moderate,Yes,Obese Type II
35,M,161.0,39.1,15.09,Low,Unhealthy,No,Underweight
45,F,153.4,117.5,49.95,Low,Healthy,No,Obese Type III
49,F,158.1,73.9,29.55,High,Moderate,Yes,Overweight
29,M,146.8,64.2,29.82,Low,Healthy,Yes,Overweight
59,M,180.2,65.1,20.04,Moderate,Healthy,Yes,Normal
44,F,169.6,77.2,26.85,High,Unhealthy,No,Overweight
27,M,149.7,59.4,26.49,Moderate,Moderate,Yes,Overweight
63,F,153.6,62.2,26.35,Low,Moderate,No,Overweight
59,F,150.1,40.6,18.01,Low,Healthy,No,Underweight
49,F,175.6,122.6,39.76,High,Unhealthy,No,Obese Type II
59,F,149.7,74.7,33.35,Moderate,Unhealthy,Yes,Obese Type I
43,M,182.7,85.5,25.62,Moderate,Healthy,No,Overweight
42,M,146.0,43.4,20.35,Moderate,Unhealthy,No,Normal
28,M,157.5,88.9,35.85,High,Moderate,Yes,Obese Type II
40,M,189.5,166.2,46.27,Moderate,Moderate,Yes,Obese Type III
51,M,180.9,100.0,30.54,Low,Moderate,No,Obese Type I
57,M,148.6,54.4,24.63,Moderate,Moderate,No,Normal
40,M,186.1,70.6,20.4,Moderate,Moderate,Yes,Normal
46,F,169.7,55.6,19.33,Low,Healthy,Yes,Normal
48,M,187.3,79.4,22.61,High,Unhealthy,No,Normal
24,M,175.0,84.9,27.71,Low,Moderate,No,Overweight
57,F,179.1,75.8,23.63,Moderate,Moderate,No,Normal
50,M,194.7,114.1,30.11,Low,Moderate,Yes,Obese Type I
38,M,156.6,46.5,18.94,Low,Moderate,Yes,Normal
19,F,176.2,104.4,33.61,Moderate,Unhealthy,No,Obese Type I
35,M,168.0,120.9,42.84,High,Healthy,No,Obese Type III
64,M,147.0,56.0,25.9,Moderate,Moderate,No,Overweight
50,M,145.7,46.4,21.84,Low,Moderate,No,Normal
54,F,151.0,39.1,17.15,Moderate,Moderate,Yes,Underweight
51,M,177.5,91.5,29.06,Low,Unhealthy,No,Overweight
37,M,173.4,73.0,24.28,Low,Unhealthy,Yes,Normal
52,F,172.7,152.2,51.03,Low,Unhealthy,No,Obese Type III
35,M,146.6,73.0,33.98,Low,Unhealthy,No,Obese Type I
63,F,168.5,73.6,25.93,Moderate,Unhealthy,No,Overweight
41,F,191.2,122.5,33.49,Moderate,Moderate,No,Obese Type I
25,M,164.9,126.4,46.5,Low,Moderate,Yes,Obese Type III
47,F,176.2,71.1,22.88,Moderate,Moderate,Yes,Normal
61,F,184.0,142.6,42.13,Low,Unhealthy,No,Obese Type III
27,M,184.2,74.5,21.97,High,Healthy,No,Normal
40,F,171.0,54.5,18.64,Moderate,Healthy,No,Normal
28,F,187.9,84.9,24.04,Low,Healthy,No,Normal
19,M,164.6,43.0,15.89,High,Moderate,No,Underweight
43,M,189.4,124.4,34.67,Low,Moderate,Yes,Obese Type I
53,M,157.0,111.1,45.06,Moderate,Unhealthy,Yes,Obese Type III
50,F,159.0,102.2,40.43,Low,Healthy,Yes,Obese Type III
64,M,147.7,72.3,33.15,Moderate,Unhealthy,No,Obese Type I
30,F,184.8,74.3,21.75,Moderate,Moderate,No,Normal
57,F,165.9,66.2,24.08,Low,Moderate,Yes,Normal
42,F,156.5,55.1,22.51,Low,Moderate,No,Normal
21,F,156.6,48.6,19.82,Moderate,Moderate,Yes,Normal
59,F,190.1,177.2,49.04,Low,Unhealthy,Yes,Obese Type III
36,F,186.7,151.8,43.55,Low,Moderate,No,Obese Type III
35,F,172.7,64.8,21.72,Moderate,Healthy,Yes,Normal
54,M,175.8,79.9,25.86,High,Healthy,No,Overweight
47,M,168.7,90.4,31.77,Low,Moderate,No,Obese Type I
36,F,164.6,55.9,20.62,Low,Moderate,Yes,Normal
40,F,190.8,103.9,28.56,High,Unhealthy,No,Overweight
33,M,151.3,63.1,27.58,Low,Unhealthy,No,Overweight
18,F,165.9,67.0,24.35,Moderate,Unhealthy,No,Normal
29,M,162.2,126.9,48.2,High,Moderate,Yes,Obese Type III
41,M,169.9,47.2,16.36,High,Moderate,Yes,Underweight
51,M,167.9,84.2,29.87,Low,Moderate,Yes,Overweight
25,F,170.9,147.0,50.29,Low,Unhealthy,Yes,Obese Type III
35,F,152.0,42.0,18.19,Low,Moderate,No,Underweight
22,M,170.7,84.2,28.92,High,Unhealthy,Yes,Overweight
43,M,157.1,65.6,26.57,High,Moderate,No,Overweight
47,M,154.2,61.2,25.72,Low,Unhealthy,No,Overweight
30,M,148.2,52.7,23.99,Moderate,Moderate,No,Normal
36,M,183.1,49.2,14.66,High,Moderate,Yes,Underweight
46,F,166.4,58.3,21.08,Low,Unhealthy,Yes,Normal
20,M,176.3,130.8,42.08,Low,Unhealthy,Yes,Obese Type III
43,F,181.4,80.1,24.36,Low,Moderate,Yes,Normal
57,M,179.0,112.6,35.16,Moderate,Unhealthy,Yes,Obese Type II
29,F,168.5,94.3,33.21,High,Moderate,No,Obese Type I
19,F,164.4,87.6,32.42,High,Moderate,Yes,Obese Type I
28,F,163.8,108.7,40.53,Low,Moderate,Yes,Obese Type III
61,F,177.0,65.9,21.04,Low,Moderate,Yes,Normal
45,F,169.7,85.0,29.51,Moderate,Healthy,No,Overweight
35,F,187.5,88.6,25.22,Moderate,Moderate,No,Overweight
30,M,188.7,96.3,27.04,Moderate,Healthy,No,Overweight
54,F,153.5,111.2,47.19,Moderate,Unhealthy,Yes,Obese Type III
39,M,151.8,65.7,28.49,Moderate,Moderate,No,Overweight
29,F,176.5,103.2,33.11,Low,Moderate,Yes,Obese Type I
19,F,160.1,61.7,24.09,Moderate,Healthy,Yes,Normal
54,M,145.9,71.6,33.64,High,Unhealthy,No,Obese Type I
24,F,189.4,178.1,49.63,Low,Unhealthy,No,Obese Type III
43,M,156.3,96.9,39.66,Moderate,Unhealthy,No,Obese Type II
43,M,191.5,79.5,21.69,Low,Healthy,No,Normal
41,M,180.9,87.1,26.61,Moderate,Moderate,Yes,Overweight
29,M,183.1,129.9,38.74,Moderate,Healthy,Yes,Obese Type II
33,F,155.1,83.9,34.89,Moderate,Unhealthy,No,Obese Type I
40,F,156.7,57.0,23.21,High,Unhealthy,Yes,Normal
57,M,171.1,77.6,26.53,Low,Unhealthy,No,Overweight
26,F,153.6,57.2,24.23,Moderate,Moderate,No,Normal
49,F,160.3,74.6,29.04,Low,Healthy,No,Overweight
32,M,161.1,67.7,26.08,Moderate,Moderate,No,Overweight
54,F,153.0,49.0,20.94,Low,Healthy,No,Normal
30,M,155.3,96.6,40.07,High,Unhealthy,Yes,Obese Type III
22,M,184.4,176.1,51.77,Low,Moderate,Yes,Obese Type III
28,F,153.4,107.5,45.72,Low,Moderate,No,Obese Type III
27,F,146.4,95.9,44.75,Low,Unhealthy,No,Obese Type III
30,F,176.5,46.7,14.99,High,Unhealthy,Yes,Underweight
58,M,193.8,150.9,40.17,Low,Moderate,No,Obese Type III
63,M,161.6,66.2,25.37,Low,Unhealthy,No,Overweight
32,F,150.9,43.4,19.06,Low,Healthy,No,Normal
59,F,173.5,114.1,37.9,Low,Healthy,Yes,Obese Type II
24,F,190.3,174.8,48.26,Low,Moderate,No,Obese Type III
57,F,184.2,156.5,46.12,Moderate,Moderate,Yes,Obese Type III
45,M,176.1,86.3,27.82,Low,Unhealthy,No,Overweight
49,F,160.8,75.3,29.15,Moderate,Unhealthy,Yes,Overweight
52,M,172.1,85.7,28.93,Low,Healthy,No,Overweight
32,M,149.6,69.2,30.94,Moderate,Moderate,No,Obese Type I
53,F,178.9,99.2,30.98,Moderate,Moderate,Yes,Obese Type I
38,F,181.3,93.0,28.32,Low,Moderate,No,Overweight
23,F,193.3,150.8,40.37,Low,Moderate,No,Obese Type III
18,M,158.0,35.8,14.34,Low,Unhealthy,No,Underweight
21,F,145.9,50.6,23.76,Low,Moderate,Yes,Normal
28,F,172.3,114.6,38.61,Moderate,Moderate,Yes,Obese Type II
61,M,180.3,119.0,36.58,Moderate,Healthy,No,Obese Type II
43,F,184.5,48.5,14.26,Moderate,Moderate,Yes,Underweight
54,M,154.7,92.3,38.58,Low,Unhealthy,No,Obese Type II
40,F,158.1,79.1,31.66,Low,Unhealthy,Yes,Obese Type I
46,M,170.6,71.7,24.63,Low,Moderate,Yes,Normal
38,F,161.5,45.4,17.4,Moderate,Moderate,Yes,Underweight
62,F,188.0,66.3,18.75,Moderate,Moderate,Yes,Normal
62,M,168.7,90.0,31.62,Low,Moderate,No,Obese Type I
44,M,185.0,114.5,33.47,Moderate,Moderate,No,Obese Type I
56,F,174.0,87.3,28.81,Low,Unhealthy,No,Overweight
57,M,183.7,89.1,26.4,High,Moderate,Yes,Overweight
30,M,161.6,85.9,32.89,Low,Unhealthy,No,Obese Type I
40,M,186.6,62.5,17.97,Moderate,Moderate,No,Underweight
33,M,158.7,73.7,29.26,Low,Moderate,No,Overweight
47,F,172.3,110.4,37.18,High,Unhealthy,No,Obese Type II
21,F,155.7,65.5,27.04,Low,Moderate,Yes,Overweight
57,M,168.8,83.7,29.39,Low,Moderate,Yes,Overweight
33,M,160.9,79.3,30.62,Low,Unhealthy,No,Obese Type I
48,M,158.3,74.9,29.88,High,Healthy,No,Overweight
59,M,193.3,107.9,28.85,High,Unhealthy,Yes,Overweight
42,F,153.0,74.2,31.72,Low,Moderate,Yes,Obese Type I
61,F,184.4,78.6,23.13,Moderate,Unhealthy,No,Normal
29,M,194.2,104.8,27.8,Moderate,Healthy,No,Overweight
43,M,146.0,72.1,33.81,Low,Healthy,No,Obese Type I
54,M,180.0,62.9,19.44,Low,Moderate,No,Normal
50,F,157.6,54.0,21.75,High,Healthy,Yes,Normal
45,M,147.0,47.9,22.14,Moderate,Unhealthy,Yes,Normal
26,F,165.1,44.3,16.24,Low,Unhealthy,No,Underweight
29,M,191.8,80.6,21.92,Low,Moderate,No,Normal
22,F,145.6,55.9,26.39,Low,Moderate,Yes,Overweight
45,M,174.4,128.4,42.22,Moderate,Moderate,Yes,Obese Type III
52,F,170.1,99.9,34.53,Low,Moderate,No,Obese Type I
22,M,188.7,104.3,29.29,Moderate,Moderate,Yes,Overweight
51,M,149.2,48.2,21.66,Low,Moderate,No,Normal
63,M,179.1,80.3,25.04,Low,Unhealthy,No,Overweight
51,F,179.0,85.9,26.81,Low,Unhealthy,No,Overweight
30,M,178.5,110.2,34.6,High,Moderate,No,Obese Type I
56,F,192.1,57.0,15.44,Low,Moderate,Yes,Underweight
59,F,186.2,94.4,27.23,Moderate,Unhealthy,No,Overweight
62,M,147.1,69.6,32.17,Low,Unhealthy,Yes,Obese Type I
31,M,168.6,48.7,17.12,Moderate,Moderate,No,Underweight
28,M,164.9,102.0,37.52,Low,Unhealthy,No,Obese Type II
59,F,160.5,66.5,25.8,Moderate,Healthy,Yes,Overweight
55,M,167.6,56.2,20.01,High,Unhealthy,Yes,Normal
21,F,164.2,79.7,29.55,Low,Unhealthy,Yes,Overweight
50,F,166.6,72.0,25.94,Low,Moderate,No,Overweight
24,M,194.0,78.8,20.96,Moderate,Healthy,Yes,Normal
58,M,149.4,60.6,27.16,Low,Moderate,No,Overweight
25,M,191.1,80.8,22.11,Moderate,Moderate,No,Normal
54,M,169.0,54.3,19.0,Low,Unhealthy,No,Normal
27,M,176.2,46.9,15.11,Moderate,Moderate,No,Underweight
60,M,186.5,53.8,15.48,Moderate,Unhealthy,Yes,Underweight
32,F,163.0,89.1,33.51,Low,Moderate,No,Obese Type I
55,F,166.5,80.9,29.18,Moderate,Moderate,Yes,Overweight
32,F,165.5,66.2,24.16,Moderate,Unhealthy,Yes,Normal
22,M,163.7,56.5,21.07,Low,Unhealthy,Yes,Normal
46,F,191.3,93.2,25.48,Low,Moderate,No,Overweight
36,F,186.4,144.8,41.66,Moderate,Moderate,Yes,Obese Type III
27,F,150.4,46.5,20.54,Low,Healthy,No,Normal
29,F,150.4,33.2,14.67,High,Unhealthy,Yes,Underweight
21,F,166.4,42.3,15.29,Moderate,Moderate,No,Underweight
48,M,149.9,82.4,36.66,Low,Unhealthy,No,Obese Type II
35,M,176.0,70.1,22.63,High,Unhealthy,No,Normal
33,F,152.2,99.1,42.79,Low,Moderate,No,Obese Type III
57,F,171.1,72.4,24.72,Moderate,Healthy,No,Normal
53,F,145.4,46.0,21.77,Low,Moderate,Yes,Normal
42,M,160.8,63.3,24.47,Moderate,Moderate,No,Normal
40,M,178.9,159.2,49.78,Moderate,Moderate,No,Obese Type III
29,F,169.2,60.4,21.08,Moderate,Moderate,Yes,Normal
51,M,193.9,91.0,24.2,Low,Healthy,Yes,Normal
53,M,188.7,160.3,45.03,Low,Moderate,Yes,Obese Type III
54,F,163.0,81.8,30.81,Low,Moderate,No,Obese Type I
20,M,147.3,60.9,28.09,Low,Moderate,Yes,Overweight
26,M,187.3,72.9,20.79,Low,Moderate,Yes,Normal
35,F,190.6,63.7,17.54,Moderate,Healthy,Yes,Underweight
60,M,186.0,137.6,39.75,High,Unhealthy,No,Obese Type II
52,M,151.4,74.9,32.69,Low,Unhealthy,No,Obese Type I
51,F,194.9,94.6,24.9,Low,Healthy,No,Normal
58,M,157.9,70.7,28.34,High,Healthy,Yes,Overweight
31,M,181.2,112.1,34.14,High,Moderate,No,Obese Type I
21,F,190.4,54.3,14.97,Moderate,Unhealthy,No,Underweight
46,F,156.8,84.5,34.39,Low,Moderate,No,Obese Type I
58,F,190.4,116.1,32.03,Moderate,Unhealthy,No,Obese Type I
62,M,160.5,59.8,23.22,Moderate,Moderate,No,Normal
32,F,193.8,123.9,32.97,Low,Unhealthy,No,Obese Type I
45,M,159.1,61.8,24.42,Moderate,Moderate,No,Normal
59,F,192.7,107.2,28.87,Moderate,Unhealthy,No,Overweight
33,M,147.7,45.1,20.7,Low,Moderate,Yes,Normal
29,F,180.5,114.8,35.25,Moderate,Moderate,Yes,Obese Type II
22,F,171.6,80.6,27.36,Moderate,Moderate,No,Overweight
51,F,168.9,89.5,31.38,Moderate,Unhealthy,No,Obese Type I
59,F,156.2,59.6,24.43,Moderate,Unhealthy,Yes,Normal
18,M,180.3,82.9,25.51,Low,Moderate,No,Overweight
56,F,154.5,59.5,24.89,Moderate,Moderate,Yes,Normal
49,F,172.6,66.8,22.41,Moderate,Moderate,Yes,Normal
43,M,157.7,72.9,29.34,High,Unhealthy,Yes,Overweight
34,F,192.8,122.4,32.93,Low,Moderate,No,Obese Type I
44,M,146.4,38.3,17.87,Low,Moderate,No,Underweight
41,F,155.0,71.0,29.56,High,Moderate,No,Overweight
52,F,157.1,70.1,28.4,Moderate,Moderate,No,Overweight
63,F,165.7,47.4,17.28,High,Healthy,No,Underweight
59,M,156.6,50.9,20.75,Low,Moderate,No,Normal
56,F,169.6,55.9,19.44,Low,Healthy,Yes,Normal
43,F,188.6,73.3,20.6,Low,Moderate,No,Normal
55,F,180.6,120.0,36.8,High,Healthy,Yes,Obese Type II
40,M,174.0,92.1,30.41,High,Unhealthy,No,Obese Type I
39,M,149.5,61.1,27.36,Moderate,Moderate,No,Overweight
21,F,179.7,162.0,50.15,Low,Moderate,No,Obese Type III
26,M,153.3,67.7,28.8,Low,Moderate,No,Overweight
21,F,184.3,75.1,22.1,Moderate,Moderate,No,Normal
24,F,157.5,38.5,15.53,Moderate,Unhealthy,Yes,Underweight
40,F,165.9,63.5,23.1,Moderate,Healthy,Yes,Normal
19,F,162.5,75.8,28.68,Low,Moderate,No,Overweight
41,F,187.9,89.8,25.42,Moderate,Healthy,Yes,Overweight
57,F,151.3,78.0,34.08,Low,Unhealthy,No,Obese Type I
48,F,173.3,140.7,46.86,Moderate,Moderate,Yes,Obese Type III
64,M,152.1,77.9,33.69,Moderate,Moderate,No,Obese Type I
48,M,180.2,63.5,19.55,High,Moderate,No,Normal
64,M,190.3,55.8,15.41,Moderate,Moderate,Yes,Underweight
57,M,166.7,83.1,29.89,Low,Unhealthy,Yes,Overweight
60,M,169.4,82.0,28.56,Low,Unhealthy,No,Overweight
51,M,191.4,113.5,31.0,High,Moderate,No,Obese Type I
41,M,171.0,48.0,16.4,Low,Moderate,Yes,Underweight
43,F,169.4,100.1,34.89,Low,Unhealthy,Yes,Obese Type I
33,F,173.9,73.3,24.24,High,Moderate,No,Normal
64,F,179.5,73.8,22.91,Moderate,Moderate,Yes,Normal
30,F,150.3,57.1,25.26,Moderate,Moderate,Yes,Overweight
32,M,186.1,48.8,14.09,Low,Unhealthy,No,Underweight
44,M,166.8,64.7,23.27,High,Moderate,No,Normal
21,F,148.6,49.4,22.38,Low,Moderate,No,Normal
33,F,184.3,80.2,23.6,Low,Moderate,No,Normal
47,M,163.8,90.7,33.8,Low,Healthy,No,Obese Type I
61,F,150.0,59.4,26.39,Low,Moderate,No,Overweight
47,F,176.7,112.1,35.91,High,Moderate,Yes,Obese Type II
53,F,189.0,70.3,19.68,Moderate,Unhealthy,Yes,Normal
20,F,189.4,119.7,33.36,Moderate,Moderate,Yes,Obese Type I
39,M,192.9,119.2,32.04,High,Unhealthy,Yes,Obese Type I
39,F,188.4,86.4,24.33,Low,Healthy,No,Normal
29,F,145.1,56.8,26.99,Low,Healthy,No,Overweight
38,M,164.0,69.8,25.94,Moderate,Moderate,No,Overweight
21,M,185.9,72.9,21.1,Moderate,Unhealthy,No,Normal
48,F,163.3,53.5,20.06,Moderate,Unhealthy,No,Normal
61,M,175.1,115.3,37.6,Low,Healthy,No,Obese Type II
48,F,175.3,87.2,28.38,Moderate,Healthy,Yes,Overweight
40,F,163.3,110.2,41.35,Low,Unhealthy,No,Obese Type III
37,M,190.2,137.0,37.86,Low,Moderate,No,Obese Type II
32,F,170.2,59.1,20.4,Low,Unhealthy,Yes,Normal
40,F,168.2,80.3,28.39,Low,Unhealthy,Yes,Overweight
45,F,194.9,83.3,21.92,Low,Unhealthy,Yes,Normal
33,F,169.7,92.7,32.2,Low,Moderate,No,Obese Type I
54,M,153.9,93.0,39.26,High,Unhealthy,Yes,Obese Type II
38,M,170.7,86.7,29.77,High,Unhealthy,No,Overweight
32,F,185.7,48.3,14.01,Moderate,Unhealthy,Yes,Underweight
34,M,183.8,75.5,22.35,High,Moderate,Yes,Normal
54,F,184.4,93.0,27.33,High,Moderate,No,Overweight
30,F,180.4,63.8,19.59,Low,Unhealthy,No,Normal
36,F,157.7,97.6,39.25,Moderate,Healthy,Yes,Obese Type II
47,F,188.1,117.7,33.25,High,Unhealthy,No,Obese Type I
62,F,189.7,93.5,25.99,Moderate,Moderate,Yes,Overweight
35,M,154.7,68.0,28.41,Low,Unhealthy,No,Overweight
31,F,151.5,57.6,25.09,Moderate,Unhealthy,No,Overweight
53,M,193.8,188.3,50.14,Low,Unhealthy,Yes,Obese Type III
53,M,188.4,79.7,22.45,Low,Unhealthy,No,Normal
37,F,189.7,148.0,41.15,Low,Healthy,Yes,Obese Type III
36,F,189.3,97.6,27.24,Low,Moderate,Yes,Overweight
62,F,172.1,86.2,29.09,Low,Healthy,Yes,Overweight
61,F,177.3,59.4,18.91,High,Unhealthy,Yes,Normal
24,F,172.3,42.1,14.19,Low,Moderate,No,Underweight
61,M,147.6,62.1,28.52,Low,Unhealthy,No,Overweight
21,F,182.3,75.2,22.64,Low,Moderate,No,Normal
51,F,170.3,90.6,31.25,Moderate,Healthy,Yes,Obese Type I
19,M,177.4,89.2,28.36,High,Healthy,No,Overweight
22,M,170.1,77.1,26.65,Low,Unhealthy,Yes,Overweight
27,F,169.6,85.7,29.79,Low,Moderate,No,Overweight
49,M,153.6,63.5,26.92,Moderate,Unhealthy,No,Overweight
59,F,158.9,64.1,25.37,Moderate,Unhealthy,Yes,Overweight
58,M,152.9,62.2,26.61,Low,Unhealthy,No,Overweight
30,M,154.8,51.5,21.48,Low,Unhealthy,No,Normal
56,F,193.6,59.1,15.77,Moderate,Moderate,No,Underweight
22,M,152.7,43.5,18.66,Low,Moderate,No,Normal
27,M,158.5,99.2,39.49,High,Moderate,No,Obese Type II
27,M,174.5,66.9,21.95,Low,Moderate,No,Normal
55,M,175.5,66.7,21.66,Low,Unhealthy,No,Normal
44,M,152.7,61.4,26.32,High,Unhealthy,Yes,Overweight
38,M,184.7,104.4,30.62,High,Moderate,No,Obese Type I
25,F,184.3,59.0,17.38,Low,Moderate,Yes,Underweight
18,F,156.9,79.8,32.44,High,Unhealthy,No,Obese Type I
45,M,159.4,69.7,27.44,Moderate,Healthy,No,Overweight
56,F,191.9,99.2,26.93,Low,Moderate,No,Overweight
31,F,186.3,95.7,27.59,Moderate,Moderate,No,Overweight
38,F,179.9,108.4,33.48,Low,Moderate,No,Obese Type I
47,M,149.1,47.0,21.15,Low,Moderate,Yes,Normal
38,F,165.9,60.4,21.93,Low,Moderate,No,Normal
26,M,173.0,87.8,29.36,Moderate,Moderate,No,Overweight
34,F,154.4,82.0,34.4,High,Unhealthy,No,Obese Type I
22,M,167.4,97.4,34.76,Low,Healthy,Yes,Obese Type I
48,M,175.1,91.1,29.72,Low,Moderate,No,Overweight
57,F,161.4,49.0,18.84,Moderate,Moderate,Yes,Normal
55,F,184.0,101.0,29.82,Moderate,Moderate,Yes,Overweight
60,M,187.0,91.1,26.04,Moderate,Moderate,Yes,Overweight
36,F,161.2,73.2,28.18,Low,Unhealthy,Yes,Overweight
53,F,186.9,80.6,23.07,Moderate,Moderate,Yes,Normal
50,F,150.2,114.5,50.76,Low,Moderate,No,Obese Type III
30,M,186.9,71.9,20.59,Moderate,Unhealthy,No,Normal
31,M,152.6,49.0,21.03,Low,Unhealthy,Yes,Normal
50,F,149.1,52.0,23.38,Low,Healthy,No,Normal
46,F,177.1,75.7,24.13,Moderate,Healthy,No,Normal
60,F,168.6,114.5,40.29,High,Moderate,Yes,Obese Type III
53,M,190.4,175.9,48.52,Moderate,Moderate,Yes,Obese Type III
61,M,163.2,71.6,26.91,High,Healthy,No,Overweight
27,F,159.4,67.5,26.59,Low,Unhealthy,Yes,Overweight
48,F,170.0,73.6,25.46,Moderate,Moderate,Yes,Overweight
23,F,167.8,74.2,26.35,Moderate,Moderate,No,Overweight
18,F,162.2,43.2,16.43,Moderate,Moderate,No,Underweight
24,F,179.7,87.5,27.09,High,Unhealthy,No,Overweight
44,F,183.0,60.0,17.93,High,Moderate,No,Underweight
38,M,187.6,90.0,25.57,Moderate,Moderate,No,Overweight
45,F,193.6,102.9,27.44,Moderate,Healthy,No,Overweight
33,M,158.3,41.8,16.67,High,Moderate,Yes,Underweight
63,F,180.8,126.4,38.67,Low,Healthy,No,Obese Type II
40,F,164.7,65.2,24.02,High,Healthy,No,Normal
37,M,178.9,78.6,24.56,High,Moderate,Yes,Normal
55,M,168.8,46.0,16.14,Moderate,Unhealthy,No,Underweight
42,M,194.7,99.4,26.21,Moderate,Moderate,Yes,Overweight
45,M,181.4,108.9,33.07,Low,Healthy,Yes,Obese Type I
22,F,192.6,61.9,16.68,Low,Unhealthy,No,Underweight
38,M,186.7,90.5,25.96,Moderate,Moderate,Yes,Overweight
35,F,190.1,183.5,50.77,Low,Unhealthy,Yes,Obese Type III
64,M,185.7,75.8,21.96,Moderate,Unhealthy,No,Normal
23,F,168.0,66.2,23.46,High,Moderate,Yes,Normal
46,F,157.6,110.0,44.31,Low,Moderate,No,Obese Type III
36,F,163.5,100.1,37.44,Low,Moderate,Yes,Obese Type II
50,F,146.0,52.2,24.51,Moderate,Healthy,Yes,Normal
18,F,171.2,80.0,27.29,Low,Unhealthy,Yes,Overweight
62,F,170.3,90.7,31.28,Moderate,Unhealthy,No,Obese Type I
20,M,171.3,71.8,24.47,Moderate,Healthy,Yes,Normal
59,F,193.7,127.8,34.05,Low,Moderate,No,Obese Type I
38,M,190.6,79.8,21.98,Low,Unhealthy,No,Normal
52,M,153.1,102.7,43.82,High,Moderate,No,Obese Type III
58,F,163.4,58.2,21.77,Low,Healthy,No,Normal
57,M,166.2,53.9,19.52,Moderate,Moderate,Yes,Normal
20,F,163.0,105.9,39.85,High,Moderate,No,Obese Type II
42,M,184.9,98.5,28.8,High,Unhealthy,No,Overweight
62,F,171.2,112.7,38.43,Low,Unhealthy,No,Obese Type II
55,M,173.6,44.3,14.69,Moderate,Healthy,No,Underweight
62,F,187.7,49.5,14.04,Moderate,Moderate,No,Underweight
37,F,185.3,72.1,21.01,Moderate,Unhealthy,No,Normal
61,F,151.6,43.5,18.91,Moderate,Moderate,Yes,Normal
62,F,180.7,86.0,26.34,Moderate,Moderate,No,Overweight
51,M,166.8,83.5,30.04,Low,Unhealthy,No,Obese Type I
38,F,159.7,101.2,39.68,Moderate,Moderate,No,Obese Type II
40,M,147.5,73.1,33.59,Moderate,Unhealthy,No,Obese Type I
23,M,169.4,121.9,42.51,Moderate,Moderate,No,Obese Type III
30,M,162.8,130.6,49.28,Low,Moderate,No,Obese Type III
40,F,157.6,78.9,31.77,Low,Unhealthy,Yes,Obese Type I
26,M,179.7,91.1,28.2,High,Unhealthy,No,Overweight
34,M,183.5,95.8,28.45,Low,Healthy,No,Overweight
19,M,157.2,38.5,15.56,Low,Moderate,No,Underweight
36,F,147.5,57.1,26.28,Moderate,Moderate,No,Overweight
36,F,187.4,68.1,19.39,Moderate,Unhealthy,No,Normal
24,M,145.5,45.8,21.66,Low,Moderate,Yes,Normal
59,F,191.9,66.9,18.16,Moderate,Moderate,Yes,Underweight
59,F,176.4,104.5,33.58,Moderate,Unhealthy,No,Obese Type I
37,M,161.1,58.0,22.36,Moderate,Moderate,Yes,Normal
26,M,157.3,73.8,29.81,High,Moderate,Yes,Overweight
34,F,145.5,69.4,32.82,Low,Moderate,No,Obese Type I
44,M,156.8,87.9,35.76,Moderate,Unhealthy,Yes,Obese Type II
64,F,151.9,39.3,17.04,Low,Unhealthy,Yes,Underweight
19,F,175.6,44.7,14.51,Low,Healthy,No,Underweight
53,F,153.3,73.6,31.33,Moderate,Healthy,No,Obese Type I
36,F,171.4,86.7,29.5,Low,Moderate,No,Overweight
34,F,174.5,60.6,19.89,Moderate,Moderate,No,Normal
22,F,159.9,49.4,19.33,Low,Moderate,No,Normal
56,M,146.8,31.0,14.39,Low,Unhealthy,Yes,Underweight
35,M,146.9,57.3,26.57,Moderate,Unhealthy,No,Overweight
24,F,146.3,73.4,34.26,Moderate,Moderate,Yes,Obese Type I
34,F,182.0,107.9,32.6,Low,Moderate,Yes,Obese Type I
56,F,160.9,59.7,23.04,High,Moderate,Yes,Normal
53,M,184.8,65.1,19.05,Low,Healthy,No,Normal
57,F,166.6,101.7,36.66,Low,Moderate,No,Obese Type II
62,M,167.6,67.7,24.08,Low,Healthy,Yes,Normal
21,F,170.6,128.3,44.07,Low,Healthy,No,Obese Type III
55,F,180.7,72.5,22.21,Low,Healthy,No,Normal
42,M,158.7,76.3,30.31,Moderate,Moderate,Yes,Obese Type I
22,M,151.1,67.7,29.67,Moderate,Unhealthy,No,Overweight
47,F,172.8,72.6,24.32,Low,Moderate,No,Normal
29,F,161.3,112.5,43.23,High,Moderate,Yes,Obese Type III
21,F,167.1,87.1,31.17,Low,Moderate,Yes,Obese Type I
41,M,177.3,106.6,33.91,Low,Healthy,Yes,Obese Type I
46,M,169.7,66.5,23.08,Low,Healthy,No,Normal
26,M,176.0,113.9,36.76,Low,Moderate,No,Obese Type II
21,M,172.2,56.6,19.09,Moderate,Moderate,No,Normal
41,M,182.0,98.7,29.79,Low,Healthy,No,Overweight
31,M,180.3,120.7,37.14,Moderate,Unhealthy,No,Obese Type II
22,F,171.7,77.7,26.37,Moderate,Unhealthy,Yes,Overweight
35,F,178.9,69.1,21.59,Moderate,Healthy,No,Normal
59,M,188.7,98.1,27.56,Moderate,Moderate,No,Overweight
36,F,166.6,131.2,47.25,Low,Moderate,Yes,Obese Type III
29,F,165.6,70.3,25.63,Low,Healthy,Yes,Overweight
35,M,183.2,165.4,49.27,Moderate,Moderate,No,Obese Type III
34,F,174.1,112.3,37.03,Low,Moderate,No,Obese Type II
47,M,148.6,60.8,27.56,Low,Moderate,Yes,Overweight
41,M,189.6,82.4,22.91,Moderate,Unhealthy,Yes,Normal
28,F,146.5,90.1,41.96,Low,Unhealthy,Yes,Obese Type III
52,M,182.4,57.4,17.25,Moderate,Healthy,Yes,Underweight
40,M,182.9,75.3,22.49,Low,Unhealthy,Yes,Normal
34,M,192.7,117.2,31.58,High,Unhealthy,Yes,Obese Type I
18,M,147.7,82.2,37.69,Moderate,Moderate,Yes,Obese Type II
32,M,174.8,118.4,38.74,Low,Unhealthy,No,Obese Type II
49,M,166.4,97.2,35.1,Moderate,Healthy,Yes,Obese Type II
26,M,161.5,49.8,19.08,Moderate,Unhealthy,Yes,Normal
32,M,149.5,65.6,29.36,Moderate,Moderate,Yes,Overweight
45,F,173.1,87.4,29.16,Moderate,Moderate,Yes,Overweight
41,F,169.0,59.0,20.67,Moderate,Healthy,Yes,Normal
52,F,150.2,83.7,37.09,Low,Moderate,No,Obese Type II
39,M,175.6,96.1,31.16,Low,Moderate,No,Obese Type I
44,M,181.9,155.2,46.89,High,Healthy,Yes,Obese Type III
36,F,183.4,102.3,30.44,Low,Unhealthy,No,Obese Type I
62,F,190.3,106.5,29.42,Low,Moderate,No,Overweight
29,F,165.5,96.5,35.23,Low,Healthy,Yes,Obese Type II
37,M,192.7,79.2,21.34,High,Moderate,Yes,Normal
18,F,188.3,82.1,23.17,Moderate,Moderate,No,Normal
38,F,159.8,52.9,20.72,Moderate,Unhealthy,No,Normal
62,M,153.0,75.7,32.36,High,Unhealthy,Yes,Obese Type I
18,F,166.8,96.5,34.71,High,Unhealthy,Yes,Obese Type I
27,M,165.1,62.8,23.04,Moderate,Healthy,No,Normal
64,M,173.8,63.9,21.15,Low,Healthy,No,Normal
49,M,174.2,44.3,14.6,Low,Moderate,Yes,Underweight
56,F,182.5,68.9,20.69,Moderate,Unhealthy,No,Normal
39,F,170.5,112.3,38.63,Low,Unhealthy,Yes,Obese Type II
35,M,150.2,106.5,47.19,Moderate,Moderate,Yes,Obese Type III
63,F,187.9,72.7,20.6,Moderate,Moderate,No,Normal
49,F,160.5,53.0,20.59,Moderate,Moderate,No,Normal
44,F,193.6,122.1,32.6,Low,Healthy,Yes,Obese Type I
45,F,150.9,44.3,19.45,Low,Moderate,No,Normal
35,M,192.9,55.7,14.96,Moderate,Moderate,Yes,Underweight
56,F,149.6,52.6,23.53,Low,Moderate,Yes,Normal
46,M,156.6,56.7,23.14,Moderate,Moderate,No,Normal
35,M,147.3,41.2,18.97,Moderate,Moderate,No,Normal
61,F,180.3,123.0,37.84,High,Moderate,No,Obese Type II
25,M,187.5,85.2,24.23,High,Unhealthy,Yes,Normal
48,F,166.7,41.4,14.89,Moderate,Moderate,Yes,Underweight
51,F,191.4,122.7,33.48,Moderate,Healthy,No,Obese Type I
24,M,174.5,57.6,18.9,Low,Moderate,Yes,Normal
53,M,176.5,113.8,36.54,Low,Healthy,Yes,Obese Type II
35,M,187.3,76.5,21.8,Moderate,Unhealthy,No,Normal
55,M,159.8,103.5,40.52,Moderate,Moderate,Yes,Obese Type III
26,F,162.7,86.9,32.81,Moderate,Healthy,Yes,Obese Type I
26,F,190.3,103.7,28.65,Low,Moderate,No,Overweight
63,F,190.0,154.4,42.75,High,Healthy,Yes,Obese Type III
25,M,193.8,91.4,24.34,Low,Moderate,No,Normal
52,M,190.1,116.2,32.15,High,Unhealthy,No,Obese Type I
35,M,151.4,65.7,28.65,Moderate,Unhealthy,Yes,Overweight
22,F,186.2,119.6,34.51,Low,Moderate,Yes,Obese Type I
31,M,165.5,72.4,26.44,Low,Healthy,No,Overweight
45,F,194.5,102.3,27.04,Low,Unhealthy,No,Overweight
47,M,168.6,76.9,27.06,High,Moderate,No,Overweight
21,F,172.7,64.1,21.5,High,Moderate,Yes,Normal
56,F,171.5,99.7,33.92,Moderate,Unhealthy,Yes,Obese Type I
37,M,161.1,67.0,25.81,Moderate,Unhealthy,Yes,Overweight
42,M,148.8,63.8,28.85,Moderate,Moderate,No,Overweight
45,F,189.8,102.3,28.41,Moderate,Unhealthy,Yes,Overweight
29,F,185.1,89.7,26.18,Moderate,Unhealthy,No,Overweight
19,M,152.0,70.2,30.41,Low,Unhealthy,No,Obese Type I
60,M,183.8,88.0,26.02,High,Unhealthy,Yes,Overweight
31,F,176.3,50.4,16.21,Moderate,Moderate,Yes,Underweight
39,M,165.5,77.9,28.46,Low,Moderate,Yes,Overweight
48,F,157.7,83.5,33.57,High,Moderate,No,Obese Type I
40,F,188.0,99.3,28.1,Moderate,Moderate,No,Overweight
37,M,180.0,87.7,27.07,Low,Healthy,Yes,Overweight
55,M,172.4,88.1,29.64,Low,Healthy,Yes,Overweight
21,M,175.5,74.8,24.3,Moderate,Healthy,Yes,Normal
32,M,149.6,34.3,15.36,High,Moderate,Yes,Underweight
41,M,168.7,64.1,22.51,High,Healthy,No,Normal
42,F,154.7,57.8,24.15,Moderate,Moderate,No,Normal
18,F,155.4,92.3,38.2,Low,Moderate,Yes,Obese Type II
24,M,178.1,93.8,29.57,Low,Unhealthy,No,Overweight
48,M,190.6,136.0,37.45,Low,Moderate,Yes,Obese Type II
29,M,165.2,89.4,32.78,High,Unhealthy,Yes,Obese Type I
59,F,155.4,64.3,26.62,High,Unhealthy,Yes,Overweight
22,M,177.4,79.9,25.38,Low,Moderate,No,Overweight
61,M,188.6,81.6,22.95,Moderate,Moderate,Yes,Normal
59,F,182.4,171.6,51.56,Moderate,Healthy,Yes,Obese Type III
55,F,188.4,99.3,27.97,Low,Moderate,Yes,Overweight
29,M,171.8,67.8,22.95,Moderate,Moderate,Yes,Normal
56,M,182.6,50.9,15.25,High,Moderate,Yes,Underweight
35,M,152.0,72.8,31.52,Low,Moderate,Yes,Obese Type I
19,F,162.4,46.6,17.66,High,Moderate,Yes,Underweight
27,M,164.5,51.1,18.9,Low,Healthy,Yes,Normal
32,M,170.6,44.0,15.11,Low,Moderate,Yes,Underweight
47,M,191.5,86.0,23.46,Low,Moderate,No,Normal
61,F,188.7,84.2,23.65,High,Moderate,No,Normal
34,F,151.7,49.9,21.65,Moderate,Healthy,No,Normal
21,M,153.6,78.4,33.19,Moderate,Healthy,Yes,Obese Type I
24,M,162.9,78.3,29.53,Moderate,Moderate,Yes,Overweight
58,F,159.5,55.1,21.66,Moderate,Moderate,Yes,Normal
48,F,175.7,109.3,35.38,High,Moderate,Yes,Obese Type II
56,F,190.1,54.3,15.03,Moderate,Healthy,Yes,Underweight
51,F,193.1,98.0,26.27,High,Moderate,Yes,Overweight
23,F,177.7,67.7,21.44,Low,Unhealthy,No,Normal
55,F,186.9,91.6,26.22,Moderate,Moderate,Yes,Overweight
62,F,171.3,65.8,22.43,Moderate,Moderate,No,Normal
51,F,155.4,116.2,48.1,High,Moderate,No,Obese Type III
61,F,171.2,93.2,31.8,Low,Unhealthy,No,Obese Type I
32,M,172.8,63.9,21.41,Moderate,Unhealthy,No,Normal
31,M,182.1,123.5,37.24,Moderate,Moderate,Yes,Obese Type II
23,M,156.0,97.0,39.84,Low,Healthy,Yes,Obese Type II
54,F,163.4,37.9,14.2,Low,Healthy,Yes,Underweight
49,M,163.2,55.8,20.96,Low,Moderate,Yes,Normal
20,F,193.0,89.6,24.07,High,Healthy,Yes,Normal
20,F,167.2,43.0,15.39,Moderate,Unhealthy,No,Underweight
39,M,182.8,81.7,24.46,Low,Moderate,Yes,Normal
39,F,182.5,114.9,34.47,High,Unhealthy,Yes,Obese Type I
27,M,158.3,115.2,45.97,Low,Moderate,No,Obese Type III
20,M,173.6,59.5,19.74,Moderate,Healthy,Yes,Normal
29,M,189.7,82.9,23.03,High,Healthy,Yes,Normal
46,F,168.8,40.5,14.23,High,Moderate,Yes,Underweight
34,M,192.3,104.0,28.15,Low,Moderate,No,Overweight
24,F,155.7,77.2,31.82,Moderate,Healthy,No,Obese Type I
30,M,148.7,83.2,37.61,Moderate,Unhealthy,No,Obese Type II
19,M,189.6,84.8,23.6,High,Moderate,Yes,Normal
21,M,187.4,143.0,40.72,Moderate,Unhealthy,No,Obese Type III
27,F,194.6,81.9,21.62,Moderate,Healthy,Yes,Normal
56,F,179.0,77.0,24.05,Low,Unhealthy,No,Normal
41,F,191.8,86.5,23.51,Moderate,Unhealthy,No,Normal
34,M,186.3,114.4,32.93,Moderate,Moderate,No,Obese Type I
23,M,187.2,69.8,19.91,Moderate,Unhealthy,No,Normal
36,F,173.5,45.3,15.06,Moderate,Unhealthy,Yes,Underweight
22,F,164.1,64.2,23.83,High,Moderate,Yes,Normal
49,F,191.7,85.8,23.33,Moderate,Healthy,No,Normal
27,F,166.6,80.1,28.85,Low,Unhealthy,Yes,Overweight
26,F,171.9,126.8,42.88,High,Healthy,No,Obese Type III
44,F,167.3,106.5,38.05,Low,Healthy,No,Obese Type II
30,M,173.2,114.6,38.19,Moderate,Moderate,Yes,Obese Type II
36,F,168.5,74.2,26.12,High,Moderate,No,Overweight
38,M,147.4,35.5,16.36,Low,Unhealthy,Yes,Underweight
41,M,189.1,174.7,48.86,High,Moderate,Yes,Obese Type III
55,F,167.2,66.5,23.79,Moderate,Unhealthy,Yes,Normal
21,F,174.4,95.5,31.38,Moderate,Unhealthy,Yes,Obese Type I
41,M,152.0,33.5,14.52,Low,Moderate,No,Underweight
52,F,145.2,82.4,39.1,Moderate,Moderate,Yes,Obese Type II
20,F,157.3,50.3,20.33,High,Moderate,No,Normal
21,M,180.2,112.4,34.59,Low,Moderate,Yes,Obese Type I
54,M,150.0,74.1,32.97,Moderate,Healthy,No,Obese Type I
57,M,190.4,79.3,21.86,Low,Unhealthy,No,Normal
52,F,155.8,57.4,23.67,Low,Unhealthy,Yes,Normal
48,M,155.2,57.4,23.84,Moderate,Moderate,No,Normal
61,F,154.1,56.4,23.77,Low,Unhealthy,No,Normal
42,M,145.7,45.3,21.32,High,Moderate,No,Normal
57,M,183.6,85.4,25.34,Moderate,Moderate,No,Overweight
30,M,188.8,167.0,46.88,Moderate,Moderate,No,Obese Type III
21,F,175.7,89.9,29.11,Low,Moderate,No,Overweight
63,F,154.4,89.6,37.56,High,Moderate,Yes,Obese Type II
31,M,159.3,103.4,40.78,Low,Moderate,Yes,Obese Type III
30,M,168.8,63.6,22.32,Moderate,Unhealthy,No,Normal
44,M,192.7,79.7,21.47,Low,Unhealthy,Yes,Normal
23,F,157.4,52.2,21.09,Moderate,Moderate,Yes,Normal
34,M,181.6,125.0,37.91,Moderate,Unhealthy,Yes,Obese Type II
53,F,167.0,137.8,49.44,Moderate,Moderate,Yes,Obese Type III
57,M,159.9,51.6,20.19,Low,Unhealthy,Yes,Normal
52,M,167.8,67.3,23.9,Moderate,Unhealthy,No,Normal
34,M,148.6,33.1,15.01,Moderate,Unhealthy,No,Underweight
58,M,184.9,163.1,47.68,Moderate,Moderate,Yes,Obese Type III
19,M,157.2,49.2,19.9,Low,Unhealthy,No,Normal
30,M,181.3,129.4,39.38,Low,Unhealthy,Yes,Obese Type II
19,F,148.4,46.7,21.19,Low,Moderate,Yes,Normal
45,M,192.8,144.1,38.78,Low,Moderate,No,Obese Type II
60,F,154.7,89.8,37.54,Low,Healthy,No,Obese Type II
43,M,189.1,157.1,43.91,Moderate,Healthy,Yes,Obese Type III
39,M,185.5,79.2,23.04,Low,Unhealthy,Yes,Normal
64,F,193.4,109.2,29.19,Moderate,Unhealthy,Yes,Overweight
60,M,168.9,50.5,17.71,High,Moderate,No,Underweight
20,F,181.4,74.6,22.69,High,Healthy,Yes,Normal
52,F,163.5,44.6,16.68,High,Healthy,Yes,Underweight
29,M,154.2,75.6,31.81,Low,Unhealthy,No,Obese Type I
41,F,167.2,61.3,21.94,Low,Moderate,No,Normal
22,F,153.3,86.0,36.59,High,Moderate,No,Obese Type II
37,M,194.1,76.4,20.29,Low,Healthy,No,Normal
56,F,149.8,99.5,44.31,Low,Unhealthy,No,Obese Type III
56,M,174.5,53.1,17.44,Moderate,Moderate,No,Underweight
30,M,176.3,95.2,30.63,Low,Unhealthy,Yes,Obese Type I
58,M,171.9,139.8,47.3,High,Unhealthy,No,Obese Type III
62,M,178.1,85.2,26.87,Moderate,Moderate,Yes,Overweight
29,F,150.8,82.3,36.2,Moderate,Unhealthy,No,Obese Type II
30,M,172.8,57.5,19.28,High,Moderate,Yes,Normal
27,M,159.4,83.6,32.92,Low,Moderate,Yes,Obese Type I
50,F,192.0,96.1,26.07,Moderate,Healthy,Yes,Overweight
57,M,183.1,113.2,33.75,Low,Moderate,No,Obese Type I
33,M,193.6,88.6,23.63,Moderate,Unhealthy,Yes,Normal
62,F,146.9,50.4,23.35,Low,Unhealthy,Yes,Normal
52,F,159.3,41.7,16.43,Moderate,Moderate,Yes,Underweight
20,F,154.8,124.0,51.77,High,Moderate,Yes,Obese Type III
22,F,145.6,45.2,21.32,Low,Moderate,No,Normal
43,F,157.1,44.0,17.84,Low,Moderate,Yes,Underweight
28,F,178.9,86.1,26.89,Low,Moderate,Yes,Overweight
24,F,156.6,60.2,24.56,Moderate,Unhealthy,No,Normal
27,M,170.5,76.7,26.39,Low,Moderate,No,Overweight
59,F,189.4,72.6,20.23,High,Moderate,No,Normal
51,F,179.7,95.4,29.56,Moderate,Healthy,No,Overweight
20,F,164.7,101.1,37.26,Moderate,Moderate,Yes,Obese Type II
25,M,163.6,99.3,37.07,Moderate,Unhealthy,No,Obese Type II
48,M,167.8,69.8,24.79,Low,Moderate,No,Normal
28,F,153.9,48.7,20.57,Low,Moderate,No,Normal
62,F,176.7,129.9,41.61,Moderate,Unhealthy,No,Obese Type III
24,F,163.2,92.1,34.59,Moderate,Moderate,Yes,Obese Type I
62,M,187.6,88.0,25.01,Low,Unhealthy,Yes,Overweight
19,M,182.8,64.2,19.21,Low,Moderate,No,Normal
23,F,175.5,88.9,28.87,Low,Healthy,Yes,Overweight
58,M,163.2,72.2,27.12,Low,Moderate,No,Overweight
49,F,155.5,67.3,27.85,Low,Moderate,No,Overweight
37,M,183.8,123.4,36.51,Moderate,Unhealthy,Yes,Obese Type II
51,M,169.3,108.3,37.77,High,Unhealthy,Yes,Obese Type II
33,F,156.2,49.8,20.39,Low,Moderate,Yes,Normal
42,F,154.8,53.9,22.49,Moderate,Moderate,Yes,Normal
29,F,153.3,57.3,24.39,Low,Moderate,Yes,Normal
24,F,183.9,99.7,29.51,Moderate,Healthy,Yes,Overweight
56,M,156.4,38.0,15.51,Moderate,Moderate,Yes,Underweight
34,M,171.3,44.6,15.2,High,Moderate,Yes,Underweight
62,M,167.6,98.8,35.18,Low,Moderate,Yes,Obese Type II
28,F,174.0,77.4,25.58,Low,Moderate,No,Overweight
23,M,188.9,103.8,29.11,Moderate,Moderate,No,Overweight
40,F,188.4,101.5,28.61,Low,Moderate,Yes,Overweight
44,M,167.6,68.9,24.54,Low,Healthy,Yes,Normal
63,F,145.8,68.1,32.07,Low,Moderate,No,Obese Type I
23,F,166.3,81.6,29.5,Moderate,Moderate,Yes,Overweight
55,M,175.3,87.5,28.46,Low,Moderate,No,Overweight
19,F,172.9,78.0,26.1,High,Unhealthy,Yes,Overweight
39,F,177.6,104.0,32.98,Moderate,Moderate,Yes,Obese Type I
37,M,152.7,65.4,28.06,Low,Moderate,No,Overweight
42,F,177.3,74.2,23.58,Moderate,Moderate,No,Normal
32,F,154.1,120.4,50.69,Low,Moderate,No,Obese Type III
46,F,182.5,70.3,21.1,Moderate,Healthy,Yes,Normal
25,M,162.0,99.5,37.92,Moderate,Moderate,No,Obese Type II
54,M,180.5,96.2,29.54,Moderate,Healthy,No,Overweight
50,F,147.4,59.8,27.52,Moderate,Unhealthy,No,Overweight
39,M,165.4,39.1,14.31,Low,Moderate,No,Underweight
64,F,180.3,58.5,18.02,High,Unhealthy,No,Underweight
22,F,156.3,66.7,27.3,Moderate,Unhealthy,No,Overweight
56,F,184.8,129.7,37.99,Low,Unhealthy,Yes,Obese Type II
35,F,176.5,82.4,26.45,Low,Moderate,No,Overweight
55,F,174.4,108.9,35.81,Low,Unhealthy,No,Obese Type II
54,M,162.7,39.3,14.84,Low,Moderate,No,Underweight
47,F,169.1,58.1,20.31,Moderate,Moderate,No,Normal
48,M,174.9,95.0,31.07,Low,Moderate,Yes,Obese Type I
27,M,168.6,86.6,30.45,High,Unhealthy,Yes,Obese Type I
32,F,179.9,70.4,21.76,Low,Unhealthy,Yes,Normal
59,F,166.7,139.8,50.31,Low,Moderate,No,Obese Type III
61,M,155.1,115.0,47.81,Low,Moderate,Yes,Obese Type III
35,M,155.7,80.1,33.06,Low,Unhealthy,No,Obese Type I
40,M,145.3,54.3,25.72,High,Healthy,No,Overweight
50,F,160.0,68.9,26.89,Moderate,Unhealthy,Yes,Overweight
33,M,182.4,91.8,27.57,Low,Moderate,No,Overweight
55,F,184.7,71.0,20.8,High,Unhealthy,No,Normal
52,F,155.1,44.1,18.31,High,Healthy,Yes,Underweight
51,F,193.0,75.0,20.15,Moderate,Moderate,Yes,Normal
45,M,170.1,108.1,37.37,High,Healthy,No,Obese Type II
19,F,190.8,76.3,20.96,Moderate,Moderate,Yes,Normal
47,F,180.3,64.3,19.78,Moderate,Unhealthy,No,Normal
30,F,181.1,52.3,15.93,Low,Moderate,No,Underweight
58,F,149.3,84.4,37.87,Low,Moderate,Yes,Obese Type II
33,F,156.0,63.2,25.98,Moderate,Unhealthy,Yes,Overweight
22,M,145.4,50.6,23.91,High,Unhealthy,Yes,Normal
45,F,180.8,58.1,17.77,Moderate,Moderate,Yes,Underweight
56,F,162.2,76.6,29.1,High,Unhealthy,No,Overweight
62,M,184.3,70.2,20.67,Low,Moderate,No,Normal
37,F,161.9,88.8,33.85,Moderate,Moderate,Yes,Obese Type I
41,M,186.0,85.5,24.73,Moderate,Moderate,No,Normal
44,F,151.5,32.8,14.3,Moderate,Unhealthy,Yes,Underweight
47,M,153.7,67.4,28.54,Moderate,Moderate,No,Overweight
62,M,162.0,117.8,44.86,Low,Unhealthy,Yes,Obese Type III
44,F,165.4,45.6,16.65,Low,Unhealthy,Yes,Underweight
43,F,162.4,56.1,21.27,High,Moderate,No,Normal
24,F,183.2,85.0,25.32,Low,Healthy,No,Overweight
59,M,149.8,60.8,27.09,Moderate,Unhealthy,Yes,Overweight
64,M,162.6,87.6,33.16,Moderate,Unhealthy,Yes,Obese Type I
55,M,186.9,69.2,19.82,Low,Moderate,Yes,Normal
22,F,148.3,43.2,19.65,Moderate,Moderate,Yes,Normal
40,M,192.1,128.7,34.87,Moderate,Moderate,Yes,Obese Type I
45,M,194.3,124.5,32.97,High,Healthy,No,Obese Type I
51,F,149.4,59.2,26.53,Low,Healthy,No,Overweight
32,M,159.6,131.4,51.63,Moderate,Moderate,No,Obese Type III
49,M,163.6,70.7,26.42,High,Moderate,Yes,Overweight
43,F,183.8,103.6,30.65,High,Healthy,No,Obese Type I
48,M,174.8,103.9,34.01,High,Unhealthy,No,Obese Type I
36,F,177.2,77.7,24.75,Moderate,Moderate,Yes,Normal
26,F,182.9,171.4,51.24,Low,Moderate,No,Obese Type III
46,F,150.9,59.7,26.21,Low,Unhealthy,Yes,Overweight
56,F,186.7,94.3,27.06,High,Healthy,Yes,Overweight
21,F,180.3,68.9,21.21,High,Moderate,Yes,Normal
20,M,173.9,91.7,30.35,Moderate,Moderate,No,Obese Type I
46,M,189.5,66.8,18.61,Low,Healthy,Yes,Normal
28,F,180.0,107.4,33.14,Moderate,Moderate,No,Obese Type I
50,F,155.1,43.9,18.24,Low,Healthy,No,Underweight
55,M,166.5,46.0,16.6,Moderate,Unhealthy,Yes,Underweight
28,F,169.7,97.5,33.86,Low,Unhealthy,Yes,Obese Type I
44,F,147.8,39.3,17.99,High,Unhealthy,No,Underweight
50,F,192.7,173.6,46.74,Low,Moderate,No,Obese Type III
38,M,151.4,57.8,25.22,Moderate,Unhealthy,Yes,Overweight
56,M,179.9,87.4,27.01,Low,Unhealthy,No,Overweight
48,F,170.3,92.8,31.98,Moderate,Healthy,Yes,Obese Type I
55,F,146.3,65.3,30.5,Moderate,Healthy,Yes,Obese Type I
63,M,191.2,70.9,19.39,High,Moderate,No,Normal
19,M,187.6,57.6,16.38,Low,Healthy,No,Underweight
44,F,171.2,96.7,32.99,Low,Healthy,Yes,Obese Type I
53,F,156.4,69.4,28.34,Moderate,Moderate,Yes,Overweight
28,M,151.1,47.5,20.82,Low,Moderate,Yes,Normal
64,M,163.2,61.4,23.06,Low,Healthy,No,Normal
35,M,157.8,46.3,18.58,Moderate,Moderate,Yes,Normal
18,F,170.3,85.9,29.62,Moderate,Unhealthy,Yes,Overweight
52,M,193.3,107.8,28.84,Low,Moderate,No,Overweight
52,F,173.7,97.9,32.44,Low,Moderate,Yes,Obese Type I
48,M,189.5,122.2,34.04,High,Healthy,Yes,Obese Type I
45,M,177.5,65.1,20.65,Moderate,Moderate,No,Normal
56,M,168.8,60.9,21.39,Low,Healthy,No,Normal
18,M,187.7,129.3,36.69,Low,Moderate,No,Obese Type II
42,F,168.6,68.2,24.01,Moderate,Moderate,Yes,Normal
60,F,188.4,98.1,27.62,Low,Moderate,No,Overweight
55,M,159.6,95.2,37.4,High,Unhealthy,Yes,Obese Type II
37,F,151.4,69.8,30.42,Moderate,Moderate,Yes,Obese Type I
20,M,187.8,74.3,21.09,Moderate,Healthy,Yes,Normal
19,M,174.4,90.4,29.73,High,Moderate,No,Overweight
35,M,189.5,180.2,50.21,Low,Healthy,No,Obese Type III
61,M,191.9,90.8,24.67,Low,Unhealthy,No,Normal
27,F,147.7,69.6,31.93,Moderate,Moderate,No,Obese Type I
22,M,170.0,87.0,30.08,Moderate,Unhealthy,Yes,Obese Type I
26,M,163.7,63.8,23.81,Low,Moderate,Yes,Normal
19,F,176.3,83.2,26.78,Low,Moderate,No,Overweight
51,M,184.7,100.4,29.44,Low,Moderate,Yes,Overweight
55,M,159.0,68.2,26.95,Low,Unhealthy,Yes,Overweight
48,M,172.8,60.9,20.38,Moderate,Moderate,No,Normal
27,F,180.4,147.3,45.25,Moderate,Moderate,No,Obese Type III
29,M,151.7,63.2,27.44,Moderate,Moderate,Yes,Overweight
53,F,185.7,130.9,37.96,Low,Moderate,No,Obese Type II
38,M,175.3,98.1,31.91,Low,Moderate,No,Obese Type I
64,M,192.5,67.0,18.1,Low,Healthy,Yes,Underweight
23,F,162.0,134.8,51.39,Low,Healthy,Yes,Obese Type III
20,M,150.4,112.6,49.78,Low,Moderate,Yes,Obese Type III
27,M,170.3,99.0,34.14,Low,Moderate,Yes,Obese Type I
22,F,149.3,57.2,25.66,Moderate,Moderate,Yes,Overweight
63,F,193.5,92.5,24.72,Moderate,Unhealthy,No,Normal
43,F,146.9,51.9,24.05,Low,Moderate,No,Normal
38,F,182.7,51.6,15.47,High,Unhealthy,No,Underweight
62,F,171.3,55.2,18.83,High,Unhealthy,Yes,Normal
43,M,163.4,52.7,19.74,High,Moderate,Yes,Normal
55,F,148.3,77.7,35.31,High,Moderate,No,Obese Type II
61,M,176.1,57.6,18.57,Moderate,Unhealthy,No,Normal
43,M,174.3,100.3,33.04,Moderate,Healthy,No,Obese Type I
25,M,159.0,67.9,26.83,Low,Healthy,Yes,Overweight
22,F,190.5,83.9,23.11,Moderate,Healthy,No,Normal
32,F,160.2,91.6,35.68,Moderate,Moderate,Yes,Obese Type II
33,M,167.5,73.5,26.22,Moderate,Unhealthy,Yes,Overweight
18,F,172.2,68.8,23.2,Moderate,Unhealthy,No,Normal
33,F,150.0,58.6,26.06,Moderate,Unhealthy,No,Overweight
54,F,191.6,90.6,24.69,Moderate,Unhealthy,Yes,Normal
20,F,163.7,105.4,39.31,Low,Healthy,No,Obese Type II
64,M,149.0,62.3,28.06,Moderate,Healthy,No,Overweight
48,M,164.4,51.3,19.0,High,Healthy,Yes,Normal
30,F,175.0,85.5,27.91,High,Moderate,Yes,Overweight
33,M,170.7,69.7,23.93,Moderate,Moderate,Yes,Normal
60,F,179.7,67.3,20.85,Low,Moderate,Yes,Normal
38,F,147.8,46.1,21.09,High,Healthy,No,Normal
19,M,159.2,38.5,15.2,Low,Moderate,No,Underweight
44,M,186.0,94.6,27.34,High,Unhealthy,No,Overweight
55,M,149.0,58.5,26.35,Low,Unhealthy,Yes,Overweight
43,F,187.8,96.9,27.49,Moderate,Moderate,Yes,Overweight
55,M,149.6,53.3,23.81,Moderate,Moderate,No,Normal
63,F,186.7,92.8,26.63,Moderate,Healthy,Yes,Overweight
42,M,163.0,133.3,50.14,Moderate,Moderate,Yes,Obese Type III
28,M,175.6,149.0,48.31,Moderate,Moderate,No,Obese Type III
25,F,152.6,47.3,20.3,Moderate,Unhealthy,No,Normal
25,F,148.3,76.6,34.81,Low,Moderate,No,Obese Type I
50,F,155.8,71.2,29.32,Moderate,Moderate,No,Overweight
24,F,151.4,48.4,21.1,Low,Moderate,No,Normal
55,F,160.6,126.6,49.08,Moderate,Moderate,Yes,Obese Type III
38,F,170.7,143.7,49.3,Low,Healthy,Yes,Obese Type III
25,F,174.4,84.0,27.6,Moderate,Moderate,No,Overweight
38,F,184.5,158.7,46.62,Moderate,Moderate,Yes,Obese Type III
37,M,177.8,67.3,21.29,Low,Healthy,Yes,Normal
25,F,175.4,78.4,25.47,Moderate,Healthy,Yes,Overweight
63,F,165.6,83.7,30.54,Moderate,Unhealthy,Yes,Obese Type I
48,M,168.7,82.4,28.94,High,Healthy,No,Overweight
46,F,165.7,80.0,29.13,High,Unhealthy,Yes,Overweight
26,M,187.1,86.2,24.63,Moderate,Moderate,Yes,Normal
32,M,156.5,45.9,18.74,Moderate,Unhealthy,No,Normal
47,F,145.3,81.7,38.69,Low,Moderate,No,Obese Type II
43,M,177.6,78.2,24.8,Low,Moderate,No,Normal
27,F,155.1,71.4,29.66,Low,Moderate,Yes,Overweight
46,M,189.5,98.1,27.31,High,Moderate,Yes,Overweight
33,M,188.0,94.1,26.64,Low,Moderate,Yes,Overweight
53,M,148.8,60.3,27.22,Moderate,Unhealthy,No,Overweight
37,F,150.3,34.2,15.15,Low,Healthy,No,Underweight
62,F,169.8,69.3,24.05,Low,Moderate,Yes,Normal
54,M,175.5,88.5,28.74,Low,Moderate,No,Overweight
39,M,158.7,120.3,47.73,Moderate,Healthy,No,Obese Type III
24,F,180.8,143.0,43.74,Moderate,Unhealthy,Yes,Obese Type III
40,F,174.7,64.4,21.08,Moderate,Moderate,No,Normal
58,M,161.2,76.4,29.39,Moderate,Moderate,No,Overweight
57,M,146.3,56.5,26.43,Moderate,Unhealthy,Yes,Overweight
46,F,182.5,108.2,32.48,Moderate,Moderate,Yes,Obese Type I
33,F,155.7,53.8,22.19,Moderate,Healthy,No,Normal
55,F,186.7,174.7,50.11,Moderate,Unhealthy,No,Obese Type III
45,F,166.0,74.0,26.85,Low,Moderate,Yes,Overweight
55,F,173.9,48.6,16.07,High,Moderate,No,Underweight
48,M,188.6,113.0,31.77,Low,Moderate,Yes,Obese Type I
31,F,188.2,86.6,24.46,Low,Moderate,Yes,Normal
50,M,163.6,102.0,38.13,Moderate,Healthy,Yes,Obese Type II
26,F,155.4,46.9,19.43,Moderate,Moderate,No,Normal
44,M,183.8,75.8,22.44,Low,Moderate,No,Normal
41,F,166.7,66.4,23.89,Moderate,Moderate,No,Normal
30,F,154.6,106.1,44.4,Moderate,Moderate,No,Obese Type III
43,M,190.2,103.1,28.49,Moderate,Healthy,No,Overweight
46,M,154.9,121.7,50.73,Moderate,Healthy,Yes,Obese Type III
60,F,146.3,31.6,14.74,Moderate,Unhealthy,No,Underweight
45,F,146.0,71.2,33.38,Low,Moderate,No,Obese Type I
45,F,176.1,67.3,21.71,Low,Moderate,Yes,Normal
25,F,178.1,98.5,31.07,Low,Moderate,Yes,Obese Type I
40,F,160.6,90.9,35.26,Moderate,Healthy,No,Obese Type II
46,M,161.0,85.6,33.02,Moderate,Moderate,Yes,Obese Type I
22,M,162.0,60.6,23.11,Moderate,Moderate,Yes,Normal
59,F,179.0,110.8,34.58,Moderate,Unhealthy,No,Obese Type I
24,M,147.9,50.1,22.89,Moderate,Moderate,No,Normal
59,M,191.5,101.1,27.57,Low,Moderate,Yes,Overweight
53,M,156.1,85.4,35.02,Low,Moderate,Yes,Obese Type II
58,F,195.0,83.4,21.94,High,Moderate,No,Normal
44,M,153.6,57.3,24.31,Moderate,Unhealthy,No,Normal
63,F,183.6,92.1,27.34,Moderate,Moderate,No,Overweight
19,M,156.2,90.8,37.21,Moderate,Moderate,No,Obese Type II
42,F,149.0,55.6,25.01,Moderate,Moderate,No,Overweight
26,M,188.7,69.1,19.39,Moderate,Moderate,No,Normal
44,F,187.9,114.3,32.35,Low,Moderate,Yes,Obese Type I
18,F,165.2,58.6,21.49,High,Unhealthy,Yes,Normal
40,M,180.1,79.2,24.42,Low,Unhealthy,No,Normal
27,F,172.9,53.2,17.81,Low,Unhealthy,Yes,Underweight
59,F,187.6,98.7,28.03,Low,Moderate,Yes,Overweight
42,F,160.8,63.8,24.69,Moderate,Unhealthy,Yes,Normal
20,F,171.2,65.3,22.27,Moderate,Moderate,No,Normal
23,F,169.3,144.9,50.57,Moderate,Moderate,No,Obese Type III
23,F,162.7,79.0,29.85,High,Healthy,Yes,Overweight
19,F,189.6,111.5,31.02,Low,Healthy,No,Obese Type I
35,F,153.3,62.6,26.64,Moderate,Healthy,Yes,Overweight
40,M,152.5,54.3,23.37,Moderate,Moderate,No,Normal
19,M,173.8,76.1,25.19,High,Moderate,No,Overweight
29,F,177.9,115.3,36.45,Low,Moderate,No,Obese Type II
39,F,154.7,123.2,51.45,High,Healthy,Yes,Obese Type III
54,M,164.5,134.6,49.73,Low,Healthy,No,Obese Type III
37,M,192.3,81.0,21.91,Moderate,Moderate,Yes,Normal
56,M,157.3,49.9,20.16,Moderate,Moderate,No,Normal
41,F,178.4,80.2,25.2,High,Moderate,No,Overweight
37,M,182.0,169.0,51.02,Low,Moderate,No,Obese Type III
18,F,167.4,61.1,21.8,Low,Moderate,Yes,Normal
18,F,191.9,108.0,29.32,Low,Healthy,No,Overweight
34,M,181.8,103.7,31.36,Moderate,Moderate,Yes,Obese Type I
18,F,167.9,76.4,27.1,Moderate,Moderate,Yes,Overweight
62,F,173.5,126.7,42.1,High,Healthy,No,Obese Type III
47,F,179.6,57.7,17.87,Moderate,Unhealthy,Yes,Underweight
58,F,174.6,119.7,39.27,Low,Unhealthy,Yes,Obese Type II
64,M,188.9,100.8,28.23,Low,Moderate,Yes,Overweight
20,M,162.8,67.2,25.34,Low,Unhealthy,Yes,Overweight
63,F,160.0,64.2,25.07,Moderate,Moderate,Yes,Overweight
28,F,155.7,59.3,24.47,High,Unhealthy,No,Normal
41,M,146.9,52.9,24.51,High,Unhealthy,Yes,Normal
39,F,147.2,44.4,20.51,Moderate,Moderate,No,Normal
61,M,188.5,102.1,28.73,Low,Moderate,Yes,Overweight
62,F,178.9,93.9,29.32,Low,Moderate,No,Overweight
43,F,178.0,57.2,18.06,Moderate,Unhealthy,No,Underweight
30,M,175.7,74.6,24.16,High,Moderate,No,Normal
18,M,187.5,102.2,29.08,Low,Moderate,No,Overweight
41,M,169.0,88.2,30.86,Low,Moderate,Yes,Obese Type I
27,M,188.5,152.6,42.95,Moderate,Unhealthy,No,Obese Type III
52,F,163.0,63.0,23.71,Moderate,Moderate,Yes,Normal
41,M,191.3,72.9,19.92,Low,Moderate,Yes,Normal
45,F,179.9,94.1,29.07,High,Moderate,No,Overweight
53,M,157.9,54.8,22.01,Low,Healthy,Yes,Normal
33,M,173.2,102.6,34.22,High,Healthy,Yes,Obese Type I
57,F,171.7,145.6,49.42,Low,Moderate,No,Obese Type III
33,M,151.9,74.1,32.12,Low,Unhealthy,No,Obese Type I
34,M,174.6,70.2,23.04,Low,Moderate,Yes,Normal
32,M,160.7,126.2,48.84,Low,Unhealthy,No,Obese Type III
33,M,147.6,35.3,16.18,Moderate,Moderate,No,Underweight
32,F,192.4,105.1,28.38,Moderate,Moderate,No,Overweight
51,F,177.1,102.6,32.73,Moderate,Healthy,No,Obese Type I
28,M,188.8,87.5,24.53,Moderate,Healthy,No,Normal
18,M,178.8,99.6,31.16,Low,Moderate,No,Obese Type I
32,M,162.8,64.7,24.4,Low,Moderate,No,Normal
43,F,170.6,107.7,36.99,High,Moderate,No,Obese Type II
21,F,178.8,45.4,14.21,High,Unhealthy,No,Underweight
60,F,193.0,83.9,22.53,Low,Healthy,No,Normal
22,F,157.7,69.9,28.11,Moderate,Moderate,No,Overweight
52,M,188.7,107.2,30.09,Moderate,Unhealthy,Yes,Obese Type I
30,M,191.2,76.0,20.8,Low,Moderate,Yes,Normal
27,M,178.5,60.5,18.98,Moderate,Unhealthy,No,Normal
28,F,191.6,106.4,29.0,Moderate,Unhealthy,Yes,Overweight
35,M,164.9,92.5,34.0,Low,Moderate,No,Obese Type I
51,F,192.7,124.7,33.6,Low,Moderate,Yes,Obese Type I
56,F,180.1,80.7,24.86,Moderate,Moderate,No,Normal
58,M,147.1,43.0,19.87,Low,Moderate,No,Normal
59,M,190.3,89.6,24.74,Low,Unhealthy,No,Normal
40,M,169.2,141.9,49.54,Moderate,Moderate,Yes,Obese Type III
24,F,168.0,77.8,27.55,Moderate,Moderate,No,Overweight
56,F,173.3,145.2,48.35,Low,Healthy,Yes,Obese Type III
20,M,152.5,101.8,43.8,High,Unhealthy,Yes,Obese Type III
29,M,168.5,68.0,23.97,Moderate,Unhealthy,No,Normal
24,F,186.6,85.5,24.55,Low,Healthy,No,Normal
43,M,145.8,62.8,29.54,Moderate,Healthy,Yes,Overweight
50,F,158.6,58.1,23.08,Moderate,Healthy,No,Normal
54,F,145.1,59.1,28.07,Low,Unhealthy,Yes,Overweight
32,M,165.8,81.7,29.74,Moderate,Moderate,Yes,Overweight
19,M,181.4,102.8,31.23,Moderate,Moderate,No,Obese Type I
58,M,184.9,148.9,43.53,Moderate,Healthy,No,Obese Type III
24,M,192.3,70.8,19.15,Moderate,Unhealthy,No,Normal
49,F,175.4,112.0,36.4,Moderate,Unhealthy,Yes,Obese Type II
21,F,157.7,60.7,24.39,Low,Moderate,No,Normal
37,F,191.2,130.5,35.69,Moderate,Unhealthy,No,Obese Type II
53,M,183.8,116.4,34.47,Moderate,Moderate,Yes,Obese Type I
49,F,173.7,53.2,17.63,Moderate,Healthy,No,Underweight
45,M,179.8,91.4,28.28,Moderate,Moderate,No,Overweight
30,M,191.2,103.9,28.42,Moderate,Moderate,No,Overweight
18,M,180.6,56.6,17.36,High,Healthy,Yes,Underweight
52,M,163.4,42.7,16.0,Low,Unhealthy,No,Underweight
47,M,180.7,77.6,23.77,Low,Unhealthy,No,Normal
53,M,147.0,46.3,21.41,Low,Moderate,Yes,Normal
42,F,164.3,77.7,28.79,Low,Unhealthy,No,Overweight
33,M,165.3,78.9,28.87,Moderate,Unhealthy,No,Overweight
36,F,153.3,34.9,14.84,Low,Moderate,No,Underweight
18,F,146.2,63.3,29.64,Low,Healthy,No,Overweight
22,M,151.7,32.6,14.19,Low,Healthy,Yes,Underweight
39,M,177.7,71.4,22.6,Moderate,Moderate,No,Normal
41,M,185.1,81.5,23.78,High,Unhealthy,No,Normal
60,F,194.4,56.2,14.86,Moderate,Unhealthy,Yes,Underweight
62,M,162.3,59.3,22.51,Low,Moderate,No,Normal
54,F,175.0,93.7,30.61,Moderate,Unhealthy,No,Obese Type I
53,M,191.9,162.3,44.09,Low,Unhealthy,Yes,Obese Type III
53,M,153.4,76.6,32.57,Low,Moderate,No,Obese Type I
21,F,180.9,78.2,23.92,High,Moderate,No,Normal
53,F,182.7,123.4,36.94,Moderate,Unhealthy,Yes,Obese Type II
35,M,149.4,58.7,26.26,Low,Moderate,No,Overweight
33,F,188.1,111.5,31.51,Moderate,Moderate,No,Obese Type I
58,F,185.7,124.3,36.07,Low,Moderate,Yes,Obese Type II
35,F,146.7,32.7,15.18,Low,Unhealthy,Yes,Underweight
39,F,149.6,48.7,21.75,Moderate,Healthy,Yes,Normal
19,F,147.5,50.8,23.38,Low,Moderate,Yes,Normal
38,M,161.7,60.2,23.02,High,Unhealthy,No,Normal
53,M,170.5,86.7,29.83,Moderate,Moderate,Yes,Overweight
61,F,171.6,148.5,50.43,High,Moderate,No,Obese Type III
56,M,158.4,80.0,31.89,Moderate,Moderate,No,Obese Type I
64,M,190.6,126.0,34.69,Moderate,Moderate,Yes,Obese Type I
56,F,163.4,43.7,16.37,Moderate,Moderate,No,Underweight
46,M,147.3,47.9,22.07,Low,Moderate,No,Normal
43,F,160.0,71.2,27.82,Moderate,Moderate,No,Overweight
38,F,171.6,87.4,29.7,Low,Unhealthy,Yes,Overweight
34,M,165.4,79.7,29.15,Low,Unhealthy,Yes,Overweight
33,F,158.7,53.6,21.3,Moderate,Moderate,Yes,Normal
48,F,151.6,60.6,26.37,Moderate,Moderate,Yes,Overweight
26,F,186.0,77.2,22.33,High,Unhealthy,No,Normal
48,F,194.8,106.7,28.12,Low,Moderate,Yes,Overweight
31,F,161.5,53.5,20.52,Moderate,Unhealthy,Yes,Normal
54,M,164.1,69.1,25.65,High,Moderate,No,Overweight
19,M,175.9,58.1,18.77,Low,Moderate,Yes,Normal
63,F,180.9,49.3,15.07,Low,Unhealthy,Yes,Underweight
31,F,164.6,40.9,15.08,Low,Moderate,No,Underweight
50,M,190.2,109.7,30.3,High,Healthy,No,Obese Type I
52,F,173.0,88.2,29.47,Low,Unhealthy,Yes,Overweight
56,M,167.5,88.4,31.5,Low,Healthy,No,Obese Type I
64,F,177.3,138.2,43.96,Moderate,Moderate,Yes,Obese Type III
37,F,192.6,68.2,18.37,High,Moderate,No,Underweight
19,F,184.7,127.2,37.28,High,Unhealthy,No,Obese Type II
58,F,147.0,71.9,33.29,Moderate,Moderate,Yes,Obese Type I
36,F,161.6,51.7,19.78,High,Moderate,Yes,Normal
54,F,168.5,83.7,29.47,Low,Moderate,No,Overweight
35,F,160.7,45.1,17.44,Low,Healthy,No,Underweight
33,M,180.0,52.2,16.1,High,Moderate,No,Underweight
21,M,186.3,98.5,28.37,Moderate,Unhealthy,No,Overweight
29,M,181.6,52.2,15.84,Low,Unhealthy,No,Underweight
46,F,194.5,95.8,25.32,Moderate,Unhealthy,No,Overweight
24,F,158.6,57.2,22.75,Moderate,Healthy,No,Normal
31,F,188.7,91.9,25.79,High,Unhealthy,No,Overweight
29,F,183.3,99.1,29.47,High,Moderate,Yes,Overweight
52,F,163.1,44.8,16.83,Moderate,Moderate,Yes,Underweight
22,F,181.7,46.3,14.03,High,Healthy,Yes,Underweight
34,F,150.2,47.8,21.21,Moderate,Moderate,Yes,Normal
59,M,184.5,123.8,36.38,Moderate,Healthy,No,Obese Type II
49,F,171.6,79.6,27.01,Moderate,Moderate,Yes,Overweight
27,M,159.6,55.5,21.79,Moderate,Healthy,Yes,Normal
60,M,177.8,107.7,34.08,Low,Unhealthy,No,Obese Type I
34,F,177.1,115.0,36.66,Low,Unhealthy,Yes,Obese Type II
22,F,155.5,75.0,31.04,Moderate,Unhealthy,Yes,Obese Type I
62,M,146.5,74.4,34.65,Low,Moderate,Yes,Obese Type I
59,M,166.7,44.3,15.94,Low,Moderate,No,Underweight
26,F,173.5,85.6,28.44,Low,Unhealthy,Yes,Overweight
50,F,188.8,88.2,24.72,Low,Unhealthy,No,Normal
53,M,191.4,94.5,25.81,Moderate,Moderate,Yes,Overweight
53,F,171.4,51.3,17.45,Low,Unhealthy,No,Underweight
35,F,182.7,48.8,14.62,Low,Moderate,Yes,Underweight
26,F,167.0,77.9,27.96,Moderate,Unhealthy,No,Overweight
46,M,182.3,106.1,31.93,High,Moderate,Yes,Obese Type I
31,M,155.2,83.8,34.77,Low,Moderate,Yes,Obese Type I
42,M,163.6,61.5,23.0,Low,Moderate,No,Normal
32,F,176.7,150.6,48.24,High,Unhealthy,Yes,Obese Type III
23,F,145.9,66.2,31.1,Low,Unhealthy,Yes,Obese Type I
59,M,181.1,91.1,27.76,High,Healthy,No,Overweight
46,M,186.8,121.7,34.88,Low,Moderate,Yes,Obese Type I
32,M,165.0,38.9,14.29,Low,Moderate,No,Underweight
46,F,167.4,48.4,17.27,Low,Moderate,Yes,Underweight
21,M,187.6,79.1,22.48,Low,Unhealthy,No,Normal
35,M,183.8,72.4,21.43,High,Healthy,No,Normal
61,F,159.4,61.1,24.04,High,Moderate,Yes,Normal
56,F,161.2,77.0,29.63,High,Moderate,No,Overweight
33,F,178.9,82.0,25.61,High,Healthy,Yes,Overweight
28,M,173.2,74.5,24.83,High,Unhealthy,No,Normal
31,F,153.1,70.9,30.24,Moderate,Moderate,Yes,Obese Type I
20,F,160.5,82.5,32.02,High,Healthy,No,Obese Type I
59,M,190.0,70.3,19.49,Low,Moderate,No,Normal
55,F,179.4,113.7,35.31,Low,Unhealthy,Yes,Obese Type II
62,M,194.3,77.2,20.46,Moderate,Moderate,Yes,Normal
59,M,183.4,73.1,21.75,High,Unhealthy,Yes,Normal
35,F,192.1,56.5,15.32,Moderate,Healthy,No,Underweight
37,F,155.8,106.2,43.73,High,Unhealthy,Yes,Obese Type III
42,F,183.6,72.5,21.53,Moderate,Moderate,No,Normal
55,F,146.0,61.7,28.96,Moderate,Moderate,Yes,Overweight
30,F,178.5,76.8,24.08,High,Unhealthy,Yes,Normal
21,F,168.5,95.2,33.54,Low,Healthy,No,Obese Type I
31,M,162.3,37.1,14.1,High,Moderate,No,Underweight
50,M,188.1,103.4,29.23,Moderate,Moderate,No,Overweight
45,F,187.7,91.8,26.04,Moderate,Unhealthy,No,Overweight
54,M,146.1,36.5,17.08,High,Moderate,No,Underweight
25,F,175.5,95.0,30.85,Moderate,Healthy,No,Obese Type I
61,M,163.4,42.2,15.8,Moderate,Moderate,Yes,Underweight
51,M,165.8,78.2,28.46,Moderate,Moderate,No,Overweight
61,M,186.6,132.3,37.99,Low,Unhealthy,No,Obese Type II
22,F,160.5,58.9,22.87,Moderate,Healthy,No,Normal
22,M,192.2,187.8,50.87,Low,Moderate,No,Obese Type III
48,F,154.0,86.5,36.48,High,Moderate,Yes,Obese Type II
62,M,178.1,108.4,34.17,Low,Moderate,Yes,Obese Type I
26,M,178.6,99.6,31.23,Moderate,Moderate,Yes,Obese Type I
59,M,157.6,112.8,45.41,High,Healthy,No,Obese Type III
49,M,161.2,49.9,19.2,High,Moderate,Yes,Normal
50,M,186.7,94.7,27.14,Moderate,Healthy,Yes,Overweight
20,F,183.1,57.9,17.26,Moderate,Moderate,No,Underweight
47,F,161.5,87.5,33.55,Low,Moderate,No,Obese Type I
29,M,171.7,67.6,22.91,Low,Healthy,Yes,Normal
46,M,148.1,33.6,15.34,Low,Unhealthy,No,Underweight
20,M,155.4,57.6,23.85,Moderate,Moderate,Yes,Normal
43,M,169.3,53.2,18.57,Low,Moderate,No,Normal
47,F,149.3,48.4,21.69,Moderate,Healthy,No,Normal
26,M,187.2,179.7,51.29,Low,Unhealthy,Yes,Obese Type III
43,F,180.9,64.4,19.68,Moderate,Unhealthy,Yes,Normal
19,M,192.2,87.0,23.55,Moderate,Unhealthy,Yes,Normal
20,F,179.7,47.0,14.56,High,Moderate,Yes,Underweight
63,M,192.0,96.7,26.21,Low,Unhealthy,Yes,Overweight
21,M,172.7,46.5,15.58,Low,Moderate,No,Underweight
42,F,175.0,66.7,21.77,Low,Healthy,Yes,Normal
30,M,193.8,155.9,41.49,Low,Moderate,No,Obese Type III
56,M,177.1,76.7,24.46,Moderate,Unhealthy,No,Normal
61,M,146.5,79.3,36.93,Low,Healthy,No,Obese Type II
52,F,181.2,99.9,30.43,Low,Moderate,Yes,Obese Type I
40,M,190.3,125.9,34.77,High,Unhealthy,Yes,Obese Type I
26,M,184.8,93.7,27.44,Moderate,Moderate,No,Overweight
19,F,174.2,68.4,22.56,Low,Moderate,No,Normal
58,F,178.6,89.9,28.19,Low,Moderate,Yes,Overweight
61,F,194.5,62.1,16.41,Low,Moderate,No,Underweight
48,M,149.5,58.2,26.02,Moderate,Unhealthy,Yes,Overweight
61,M,178.4,64.5,20.27,Moderate,Healthy,No,Normal
64,M,159.2,83.5,32.97,Moderate,Moderate,No,Obese Type I
19,F,177.0,114.2,36.45,Low,Moderate,No,Obese Type II
49,M,175.4,150.5,48.92,Moderate,Moderate,Yes,Obese Type III
35,M,152.7,44.5,19.11,Moderate,Unhealthy,Yes,Normal
30,F,155.3,59.4,24.62,Moderate,Unhealthy,No,Normal
63,F,176.1,63.9,20.61,High,Unhealthy,No,Normal
22,F,151.4,54.3,23.66,Low,Unhealthy,Yes,Normal
59,F,158.3,51.6,20.61,Low,Unhealthy,Yes,Normal
61,F,186.8,94.6,27.13,High,Moderate,Yes,Overweight
27,M,161.4,71.5,27.47,Low,Moderate,Yes,Overweight
60,F,169.4,112.0,39.01,Low,Moderate,No,Obese Type II
42,M,192.1,112.5,30.5,Moderate,Moderate,Yes,Obese Type I
51,M,156.4,74.8,30.59,Moderate,Healthy,No,Obese Type I
54,F,164.5,66.5,24.57,High,Healthy,No,Normal
47,F,175.3,115.9,37.71,Low,Unhealthy,No,Obese Type II
24,F,182.8,133.1,39.85,Low,Moderate,Yes,Obese Type II
23,M,190.1,101.2,28.0,Low,Unhealthy,No,Overweight
20,F,190.8,113.3,31.14,Moderate,Unhealthy,Yes,Obese Type I
30,F,183.8,78.9,23.36,Low,Moderate,No,Normal
20,F,156.4,47.4,19.36,Moderate,Moderate,No,Normal
43,F,146.2,44.5,20.8,Low,Moderate,No,Normal
41,F,164.2,130.4,48.38,Low,Moderate,Yes,Obese Type III
23,M,152.1,68.8,29.75,Moderate,Unhealthy,No,Overweight
60,M,180.5,150.4,46.14,High,Healthy,Yes,Obese Type III
59,M,178.1,142.2,44.85,High,Unhealthy,No,Obese Type III
29,F,147.2,43.3,19.99,High,Unhealthy,Yes,Normal
53,F,186.8,113.3,32.46,Moderate,Unhealthy,Yes,Obese Type I
19,F,157.4,82.7,33.36,Low,Healthy,Yes,Obese Type I
28,M,166.6,39.5,14.24,Low,Moderate,Yes,Underweight
56,F,178.4,82.5,25.94,Moderate,Moderate,Yes,Overweight
51,F,166.5,76.8,27.71,Low,Moderate,Yes,Overweight
43,F,167.1,73.9,26.48,Low,Moderate,No,Overweight
35,M,148.3,63.9,29.06,Low,Healthy,No,Overweight
38,F,165.1,136.4,50.06,Moderate,Moderate,Yes,Obese Type III
53,M,183.2,87.1,25.95,Low,Healthy,Yes,Overweight
57,F,190.8,125.9,34.59,Low,Moderate,No,Obese Type I
63,M,165.7,55.3,20.14,Moderate,Moderate,Yes,Normal
61,M,166.2,64.1,23.22,Low,Moderate,No,Normal
39,M,180.1,82.1,25.31,Moderate,Healthy,No,Overweight
47,F,192.1,139.3,37.73,Moderate,Moderate,No,Obese Type II
60,F,158.4,51.9,20.7,Low,Moderate,No,Normal
47,M,167.0,59.7,21.42,Moderate,Moderate,No,Normal
25,M,184.8,75.2,22.01,Low,Moderate,Yes,Normal
51,F,175.5,102.6,33.3,Moderate,Unhealthy,Yes,Obese Type I
64,F,150.5,49.6,21.88,Moderate,Moderate,Yes,Normal
26,M,176.4,109.9,35.33,High,Moderate,No,Obese Type II
37,F,154.3,39.2,16.45,Moderate,Unhealthy,No,Underweight
57,F,170.5,75.7,26.04,Low,Moderate,No,Overweight
42,F,171.5,97.5,33.17,Moderate,Moderate,Yes,Obese Type I
36,F,188.8,149.8,42.03,Low,Unhealthy,Yes,Obese Type III
22,M,168.1,86.0,30.41,Moderate,Unhealthy,Yes,Obese Type I
28,F,159.0,70.0,27.7,Low,Healthy,No,Overweight
32,F,156.5,58.6,23.91,Moderate,Moderate,No,Normal
25,M,188.7,58.0,16.29,Low,Unhealthy,No,Underweight
36,M,153.6,54.8,23.26,Moderate,Healthy,No,Normal
40,F,166.3,48.8,17.66,Moderate,Moderate,No,Underweight
44,F,154.4,93.1,39.08,Low,Moderate,No,Obese Type II
57,F,183.7,76.0,22.53,High,Moderate,Yes,Normal
49,F,168.7,50.5,17.73,Moderate,Unhealthy,Yes,Underweight
43,M,162.6,86.2,32.6,Low,Healthy,Yes,Obese Type I
44,M,163.1,81.0,30.46,Low,Moderate,No,Obese Type I
36,M,187.6,93.0,26.43,Moderate,Moderate,Yes,Overweight
59,F,172.7,150.0,50.29,Low,Healthy,Yes,Obese Type III
46,F,180.9,113.1,34.58,High,Unhealthy,No,Obese Type I
56,F,189.9,87.5,24.27,Low,Unhealthy,Yes,Normal
58,F,190.1,83.8,23.19,Low,Unhealthy,No,Normal
50,M,161.4,78.4,30.09,High,Unhealthy,No,Obese Type I
36,M,192.6,69.1,18.62,High,Moderate,No,Normal
54,F,146.2,88.7,41.47,Low,Moderate,No,Obese Type III
36,M,163.8,77.5,28.87,Moderate,Unhealthy,No,Overweight
50,F,189.8,77.8,21.6,Low,Unhealthy,No,Normal
64,F,158.7,65.0,25.79,Moderate,Unhealthy,Yes,Overweight
33,M,158.7,79.2,31.47,High,Healthy,No,Obese Type I
40,F,160.1,56.6,22.07,Low,Moderate,No,Normal
24,F,175.6,91.0,29.51,Low,Moderate,Yes,Overweight
43,M,166.9,104.1,37.37,Low,Moderate,Yes,Obese Type II
49,F,181.3,67.7,20.58,Low,Moderate,Yes,Normal
29,F,189.7,79.2,21.99,Low,Unhealthy,No,Normal
25,M,178.7,116.6,36.52,High,Healthy,Yes,Obese Type II
22,F,155.2,51.9,21.54,Low,Moderate,No,Normal
59,M,191.6,62.7,17.09,Moderate,Moderate,Yes,Underweight
45,F,158.2,68.7,27.43,Moderate,Moderate,Yes,Overweight
22,M,152.5,56.5,24.29,Moderate,Moderate,Yes,Normal
43,M,149.5,39.8,17.83,Moderate,Unhealthy,No,Underweight
22,M,173.2,72.4,24.14,Low,Unhealthy,Yes,Normal
39,F,150.7,69.3,30.51,Moderate,Moderate,Yes,Obese Type I
32,M,151.9,88.5,38.34,Low,Unhealthy,No,Obese Type II
30,M,160.0,37.3,14.59,Moderate,Unhealthy,No,Underweight
45,M,159.1,71.5,28.25,Low,Moderate,No,Overweight
50,M,175.2,102.9,33.53,Moderate,Healthy,No,Obese Type I
60,M,185.8,116.6,33.75,Moderate,Healthy,No,Obese Type I
40,F,183.1,88.1,26.28,Moderate,Unhealthy,No,Overweight
50,F,158.1,100.6,40.22,Low,Unhealthy,No,Obese Type III
60,F,157.3,57.3,23.16,Low,Moderate,Yes,Normal
35,F,193.3,93.9,25.12,High,Healthy,Yes,Overweight
47,F,145.4,35.6,16.85,Low,Healthy,Yes,Underweight
43,F,189.0,166.5,46.62,Low,Healthy,No,Obese Type III
33,F,155.0,63.8,26.56,Moderate,Moderate,No,Overweight
30,M,192.4,69.0,18.63,High,Unhealthy,Yes,Normal
56,F,162.1,56.2,21.37,Low,Unhealthy,No,Normal
50,M,167.0,53.2,19.06,Moderate,Unhealthy,No,Normal
43,M,180.4,111.8,34.38,Moderate,Moderate,No,Obese Type I
18,F,174.4,144.2,47.42,Low,Unhealthy,No,Obese Type III
55,M,160.9,44.7,17.26,Moderate,Moderate,No,Underweight
19,M,172.7,68.0,22.79,High,Moderate,Yes,Normal
23,M,181.5,110.6,33.56,High,Unhealthy,No,Obese Type I
63,M,147.1,105.7,48.86,Low,Healthy,No,Obese Type III
55,F,145.6,66.3,31.28,Moderate,Moderate,No,Obese Type I
59,F,167.9,118.8,42.15,Moderate,Healthy,No,Obese Type III
41,F,151.6,100.5,43.75,Low,Healthy,Yes,Obese Type III
35,F,178.2,75.6,23.79,Moderate,Unhealthy,Yes,Normal
44,F,155.7,42.8,17.66,Low,Moderate,Yes,Underweight
58,F,166.6,67.1,24.16,Low,Unhealthy,No,Normal
25,F,154.9,79.8,33.26,Low,Moderate,No,Obese Type I
45,F,172.4,56.1,18.88,Low,Moderate,No,Normal
27,F,150.8,81.5,35.84,Moderate,Healthy,No,Obese Type II
34,F,146.2,47.7,22.34,Low,Unhealthy,Yes,Normal
46,M,147.6,56.6,25.97,Moderate,Moderate,Yes,Overweight
23,F,192.7,71.6,19.29,Low,Healthy,No,Normal
31,M,152.1,81.3,35.15,Moderate,Moderate,No,Obese Type II
39,M,180.4,138.0,42.38,High,Unhealthy,No,Obese Type III
23,M,148.4,48.9,22.19,Low,Moderate,No,Normal
43,M,150.4,37.7,16.65,Moderate,Unhealthy,Yes,Underweight
56,F,170.4,102.4,35.23,Moderate,Unhealthy,Yes,Obese Type II
29,M,168.2,90.4,31.93,Moderate,Moderate,Yes,Obese Type I
52,F,192.6,72.8,19.63,Low,Unhealthy,Yes,Normal
31,F,192.2,152.7,41.33,Moderate,Moderate,No,Obese Type III
39,M,184.0,127.5,37.67,Low,Moderate,No,Obese Type II
40,F,175.1,49.2,16.04,Low,Moderate,No,Underweight
24,M,167.7,108.5,38.56,Moderate,Unhealthy,No,Obese Type II
57,M,162.8,77.4,29.21,Low,Unhealthy,No,Overweight
42,F,192.4,90.0,24.32,Moderate,Unhealthy,No,Normal
30,F,175.1,118.0,38.47,Moderate,Unhealthy,No,Obese Type II
38,M,174.0,114.0,37.66,Moderate,Moderate,Yes,Obese Type II
58,F,156.6,80.3,32.75,Low,Moderate,No,Obese Type I
27,F,147.3,48.1,22.14,High,Healthy,No,Normal
26,F,192.3,78.8,21.32,Moderate,Moderate,No,Normal
32,M,160.7,49.8,19.29,Low,Unhealthy,No,Normal
19,M,167.1,66.9,23.95,Low,Unhealthy,No,Normal
42,F,150.7,52.9,23.29,Moderate,Healthy,Yes,Normal
30,F,186.8,74.1,21.22,High,Moderate,No,Normal
51,F,146.4,41.5,19.39,Moderate,Moderate,No,Normal
51,F,186.7,97.5,27.98,Moderate,Unhealthy,No,Overweight
52,F,152.0,49.8,21.54,Low,Unhealthy,Yes,Normal
55,M,189.3,128.5,35.85,Low,Unhealthy,No,Obese Type II
20,F,181.5,55.6,16.87,Low,Healthy,No,Underweight
59,M,153.2,43.0,18.31,Moderate,Unhealthy,No,Underweight
23,F,173.3,82.0,27.3,Low,Moderate,Yes,Overweight
36,M,160.6,71.8,27.81,Low,Moderate,No,Overweight
20,F,153.9,42.9,18.09,Low,Moderate,Yes,Underweight
35,M,188.0,91.5,25.9,High,Unhealthy,No,Overweight
56,F,165.2,70.0,25.65,Moderate,Moderate,Yes,Overweight
26,M,164.9,45.6,16.77,Low,Unhealthy,No,Underweight
29,M,153.5,65.6,27.86,High,Healthy,No,Overweight
22,M,164.2,60.3,22.36,Low,Unhealthy,Yes,Normal
20,M,188.6,59.3,16.68,Low,Unhealthy,Yes,Underweight
28,M,163.2,75.1,28.21,Low,Moderate,Yes,Overweight
47,M,192.6,145.3,39.17,Low,Healthy,No,Obese Type II
21,F,192.3,191.3,51.71,Low,Unhealthy,No,Obese Type III
22,M,152.2,80.4,34.69,Moderate,Moderate,No,Obese Type I
18,F,153.9,91.3,38.57,Moderate,Unhealthy,No,Obese Type II
44,F,188.1,50.3,14.22,Moderate,Unhealthy,No,Underweight
45,F,164.6,101.4,37.4,Moderate,Moderate,No,Obese Type II
46,F,145.2,77.0,36.53,Moderate,Unhealthy,No,Obese Type II
35,F,158.7,57.9,22.98,Low,Moderate,Yes,Normal
29,M,174.9,125.6,41.05,Moderate,Moderate,No,Obese Type III
30,M,185.0,133.0,38.89,Moderate,Healthy,Yes,Obese Type II
58,M,151.7,47.8,20.77,High,Unhealthy,No,Normal
19,F,150.5,31.9,14.07,Low,Moderate,Yes,Underweight
54,M,191.1,93.0,25.47,Low,Healthy,Yes,Overweight
62,M,182.6,79.7,23.92,Moderate,Moderate,Yes,Normal
33,M,174.5,85.6,28.1,Moderate,Unhealthy,No,Overweight
41,M,183.5,80.1,23.8,Low,Moderate,Yes,Normal
52,M,166.4,104.1,37.56,Moderate,Healthy,No,Obese Type II
39,F,182.9,167.8,50.14,Low,Moderate,Yes,Obese Type III
53,M,163.6,89.9,33.6,High,Healthy,Yes,Obese Type I
28,F,157.2,50.0,20.23,Low,Moderate,Yes,Normal
63,F,181.5,46.2,14.04,Low,Unhealthy,Yes,Underweight
46,F,166.0,66.5,24.14,Low,Unhealthy,Yes,Normal
52,F,194.1,93.1,24.71,Moderate,Unhealthy,Yes,Normal
32,F,162.5,69.1,26.16,Low,Unhealthy,Yes,Overweight
48,M,191.1,95.2,26.07,Moderate,Healthy,Yes,Overweight
59,M,191.6,184.3,50.17,High,Moderate,Yes,Obese Type III
58,M,157.1,44.8,18.17,Low,Moderate,No,Underweight
60,F,184.9,104.0,30.4,Moderate,Moderate,Yes,Obese Type I
33,M,166.7,92.1,33.17,Low,Moderate,Yes,Obese Type I
27,M,190.9,85.1,23.35,Low,Unhealthy,Yes,Normal
49,F,167.5,45.3,16.15,Low,Healthy,No,Underweight
19,F,182.2,60.6,18.26,Low,Moderate,Yes,Underweight
41,F,168.3,87.2,30.78,Moderate,Moderate,No,Obese Type I
40,F,156.4,47.8,19.53,Low,Healthy,No,Normal
19,M,155.0,72.7,30.29,High,Moderate,Yes,Obese Type I
55,F,166.3,109.5,39.62,Moderate,Healthy,Yes,Obese Type II
48,F,182.8,103.7,31.04,Moderate,Healthy,Yes,Obese Type I
57,M,175.3,66.2,21.55,High,Unhealthy,Yes,Normal
43,M,179.4,91.0,28.28,High,Unhealthy,Yes,Overweight
46,F,159.1,67.7,26.72,Moderate,Healthy,No,Overweight
20,M,169.1,101.2,35.4,Moderate,Moderate,No,Obese Type II
31,F,147.2,62.4,28.8,Low,Unhealthy,Yes,Overweight
42,F,185.9,59.1,17.1,Moderate,Moderate,Yes,Underweight
18,M,194.5,144.6,38.24,Moderate,Moderate,No,Obese Type II
20,M,165.3,40.4,14.79,High,Moderate,Yes,Underweight
43,F,145.5,42.4,20.0,Low,Healthy,Yes,Normal
35,F,153.5,112.7,47.82,Low,Healthy,No,Obese Type III
26,F,177.6,77.1,24.45,Low,Healthy,Yes,Normal
55,M,175.6,96.8,31.39,High,Unhealthy,No,Obese Type I
40,F,184.4,67.2,19.78,Low,Moderate,Yes,Normal
38,F,157.7,114.9,46.21,Moderate,Unhealthy,No,Obese Type III
18,F,183.2,123.1,36.7,Moderate,Unhealthy,No,Obese Type II
38,F,179.4,113.5,35.26,Low,Healthy,Yes,Obese Type II
44,F,161.1,132.3,50.94,Moderate,Moderate,Yes,Obese Type III
59,M,172.3,69.6,23.46,Moderate,Healthy,Yes,Normal
23,F,152.4,79.9,34.42,Low,Unhealthy,No,Obese Type I
61,F,167.6,60.4,21.48,Moderate,Healthy,No,Normal
53,F,189.1,138.7,38.82,High,Unhealthy,Yes,Obese Type II
45,F,166.1,65.9,23.91,High,Unhealthy,No,Normal
62,M,187.0,61.0,17.44,Moderate,Moderate,No,Underweight
34,M,174.5,61.9,20.33,Moderate,Moderate,No,Normal
57,M,154.6,65.0,27.2,Low,Moderate,Yes,Overweight
20,F,174.1,83.8,27.67,High,Healthy,No,Overweight
29,F,170.3,56.9,19.62,Low,Moderate,Yes,Normal
56,M,164.9,86.9,31.96,Moderate,Unhealthy,No,Obese Type I
29,M,151.0,64.2,28.16,Low,Unhealthy,Yes,Overweight
19,M,165.8,133.4,48.49,Low,Moderate,Yes,Obese Type III
63,F,148.6,39.1,17.69,Low,Moderate,No,Underweight
39,F,149.9,102.7,45.67,Moderate,Moderate,No,Obese Type III
40,M,165.8,128.0,46.57,Moderate,Unhealthy,Yes,Obese Type III
47,M,160.3,68.4,26.62,Moderate,Moderate,No,Overweight
22,M,191.3,113.9,31.13,Low,Unhealthy,Yes,Obese Type I
26,F,163.8,50.1,18.67,High,Moderate,Yes,Normal
38,F,182.9,70.4,21.03,Low,Moderate,Yes,Normal
28,F,171.5,77.8,26.43,Low,Unhealthy,Yes,Overweight
22,M,180.2,141.3,43.5,Moderate,Healthy,No,Obese Type III
52,M,158.0,63.7,25.51,High,Moderate,Yes,Overweight
44,F,192.1,69.4,18.81,Low,Moderate,Yes,Normal
19,M,171.5,84.4,28.68,Moderate,Moderate,No,Overweight
41,F,186.6,72.6,20.85,Moderate,Healthy,Yes,Normal
48,M,163.3,47.2,17.69,High,Moderate,No,Underweight
50,M,150.0,68.2,30.31,Low,Moderate,No,Obese Type I
56,M,178.7,78.6,24.61,Moderate,Unhealthy,Yes,Normal
47,M,145.4,46.2,21.87,Low,Unhealthy,Yes,Normal
63,F,168.8,63.6,22.32,Low,Unhealthy,No,Normal
54,M,154.6,124.3,51.97,Low,Healthy,No,Obese Type III
45,F,176.4,99.5,31.98,High,Moderate,No,Obese Type I
48,F,194.0,100.6,26.75,Low,Healthy,No,Overweight
28,F,168.2,137.2,48.49,High,Unhealthy,No,Obese Type III
40,M,185.9,86.6,25.06,Low,Moderate,Yes,Overweight
19,F,170.4,86.6,29.82,High,Healthy,No,Overweight
57,F,169.8,74.7,25.89,Moderate,Unhealthy,Yes,Overweight
58,F,191.5,57.1,15.56,Low,Moderate,Yes,Underweight
44,M,189.5,186.6,51.96,Moderate,Healthy,Yes,Obese Type III
52,M,184.3,165.6,48.75,Low,Healthy,Yes,Obese Type III
19,F,159.8,71.2,27.89,Low,Healthy,No,Overweight
56,M,172.3,84.5,28.46,Moderate,Healthy,Yes,Overweight
54,F,156.2,69.0,28.28,Moderate,Moderate,Yes,Overweight
38,F,167.2,56.5,20.2,Moderate,Unhealthy,Yes,Normal
22,M,169.2,112.9,39.43,Moderate,Moderate,Yes,Obese Type II
62,F,186.6,87.6,25.16,Low,Healthy,No,Overweight
38,M,189.8,174.4,48.42,High,Moderate,No,Obese Type III
46,M,165.7,76.7,27.93,High,Unhealthy,No,Overweight
37,F,145.9,58.1,27.28,Low,Moderate,No,Overweight
55,M,188.1,126.6,35.79,Low,Moderate,No,Obese Type II
37,M,153.7,43.8,18.52,Moderate,Unhealthy,Yes,Normal
42,F,176.1,60.3,19.44,Moderate,Moderate,No,Normal
19,F,146.2,39.7,18.57,Low,Moderate,Yes,Normal
49,M,165.0,56.1,20.63,Low,Moderate,No,Normal
43,M,194.3,63.0,16.67,Moderate,Moderate,No,Underweight
23,F,150.0,57.3,25.48,Moderate,Unhealthy,No,Overweight
58,M,166.2,82.6,29.89,Low,Moderate,Yes,Overweight
20,M,160.4,102.9,40.03,High,Moderate,Yes,Obese Type III
50,M,190.3,114.9,31.73,Moderate,Moderate,No,Obese Type I
18,M,188.5,54.4,15.3,Low,Unhealthy,No,Underweight
22,M,156.9,53.8,21.85,Moderate,Moderate,No,Normal
30,M,149.1,74.8,33.67,Low,Moderate,Yes,Obese Type I
36,M,176.4,63.9,20.56,Moderate,Healthy,No,Normal
29,F,161.8,54.5,20.82,Low,Moderate,No,Normal
42,F,178.6,157.4,49.34,Low,Healthy,Yes,Obese Type III
52,F,146.6,103.8,48.32,Low,Moderate,No,Obese Type III
29,F,151.7,61.9,26.91,Low,Moderate,Yes,Overweight
47,F,179.3,87.0,27.04,Moderate,Unhealthy,No,Overweight
22,M,155.6,90.3,37.28,Moderate,Moderate,No,Obese Type II
51,M,187.9,82.8,23.46,Low,Moderate,No,Normal
39,M,147.9,81.1,37.06,Low,Moderate,Yes,Obese Type II
56,M,155.8,73.5,30.29,Moderate,Moderate,No,Obese Type I
30,F,194.9,95.8,25.22,Low,Unhealthy,No,Overweight
64,M,166.7,46.4,16.7,Low,Unhealthy,No,Underweight
20,M,180.1,75.5,23.25,Moderate,Healthy,No,Normal
37,F,154.1,84.8,35.68,High,Unhealthy,Yes,Obese Type II
48,M,175.5,100.2,32.52,High,Unhealthy,No,Obese Type I
22,M,181.3,74.5,22.67,Moderate,Healthy,Yes,Normal
41,F,160.7,71.1,27.53,Low,Moderate,No,Overweight
57,M,186.4,160.8,46.25,Moderate,Unhealthy,Yes,Obese Type III
50,M,175.2,141.5,46.11,Low,Unhealthy,Yes,Obese Type III
25,M,164.5,58.2,21.51,Low,Unhealthy,No,Normal
41,M,172.9,66.7,22.32,Moderate,Moderate,Yes,Normal
37,M,173.8,97.6,32.3,Moderate,Moderate,No,Obese Type I
33,F,153.3,37.7,16.06,Low,Unhealthy,Yes,Underweight
29,F,165.1,46.4,17.0,Low,Healthy,No,Underweight
30,F,162.2,91.3,34.72,Moderate,Unhealthy,No,Obese Type I
62,F,165.0,59.7,21.91,High,Unhealthy,No,Normal
59,F,183.1,98.9,29.52,Moderate,Healthy,Yes,Overweight
56,F,169.1,73.5,25.71,Moderate,Unhealthy,Yes,Overweight
42,M,192.0,104.0,28.21,High,Healthy,Yes,Overweight
63,F,159.7,87.3,34.23,Moderate,Moderate,No,Obese Type I
49,F,165.8,67.6,24.59,Moderate,Unhealthy,No,Normal
41,M,184.3,62.3,18.33,Low,Moderate,No,Underweight
64,M,172.3,113.5,38.24,Low,Moderate,No,Obese Type II
61,F,172.4,90.2,30.36,Moderate,Healthy,No,Obese Type I
26,M,147.7,31.5,14.45,Low,Moderate,Yes,Underweight
57,F,164.9,44.6,16.41,Low,Moderate,Yes,Underweight
40,M,158.5,60.3,24.01,Moderate,Unhealthy,No,Normal
30,F,195.0,108.0,28.41,Low,Moderate,Yes,Overweight
49,M,160.4,81.2,31.57,High,Unhealthy,No,Obese Type I
32,M,189.2,74.1,20.69,Low,Unhealthy,Yes,Normal
53,F,178.8,105.1,32.87,Moderate,Healthy,Yes,Obese Type I
22,F,162.0,62.3,23.73,Moderate,Unhealthy,No,Normal
39,F,172.2,50.6,17.08,Moderate,Unhealthy,No,Underweight
33,F,187.0,100.0,28.58,Low,Moderate,No,Overweight
58,F,189.2,175.3,49.0,Moderate,Healthy,No,Obese Type III
27,M,153.0,60.3,25.74,High,Unhealthy,Yes,Overweight
41,F,162.0,97.8,37.26,High,Unhealthy,Yes,Obese Type II
35,F,161.8,44.9,17.16,Moderate,Unhealthy,No,Underweight
35,M,147.1,40.7,18.81,Moderate,Unhealthy,No,Normal
24,M,174.9,140.1,45.8,Low,Moderate,Yes,Obese Type III
21,F,187.7,81.4,23.08,High,Moderate,No,Normal
43,M,164.1,94.2,35.0,High,Moderate,No,Obese Type II
22,M,182.0,111.8,33.76,Moderate,Moderate,Yes,Obese Type I
33,F,176.4,67.3,21.63,Moderate,Healthy,No,Normal
52,M,163.8,46.4,17.29,Moderate,Moderate,No,Underweight
43,M,152.1,82.1,35.53,Low,Healthy,Yes,Obese Type II
35,F,180.5,126.3,38.78,High,Moderate,No,Obese Type II
46,F,187.7,80.8,22.92,Moderate,Moderate,No,Normal
40,M,179.3,58.2,18.1,Moderate,Moderate,No,Underweight
31,M,145.9,59.7,28.04,Moderate,Moderate,No,Overweight
32,F,155.8,79.5,32.75,High,Healthy,Yes,Obese Type I
50,M,148.5,83.7,37.99,Moderate,Unhealthy,Yes,Obese Type II
42,M,173.5,141.5,46.99,Low,Moderate,No,Obese Type III
38,M,182.8,81.4,24.35,Moderate,Moderate,No,Normal
34,F,150.5,75.7,33.43,High,Moderate,Yes,Obese Type I
40,M,186.9,142.9,40.9,Moderate,Moderate,Yes,Obese Type III
60,M,172.8,78.1,26.17,High,Moderate,No,Overweight
34,F,179.5,93.3,28.95,High,Unhealthy,No,Overweight
31,M,193.6,170.3,45.46,Moderate,Healthy,Yes,Obese Type III
46,M,149.2,76.8,34.49,Low,Moderate,No,Obese Type I
37,F,190.1,112.7,31.19,Low,Moderate,Yes,Obese Type I
47,F,151.3,68.1,29.75,Moderate,Unhealthy,Yes,Overweight
36,F,164.6,129.3,47.71,Moderate,Unhealthy,Yes,Obese Type III
56,F,187.6,126.6,35.98,Moderate,Moderate,No,Obese Type II
30,M,190.3,89.1,24.6,Moderate,Moderate,No,Normal
35,M,170.3,57.2,19.72,Low,Moderate,No,Normal
40,F,174.7,85.1,27.89,Moderate,Unhealthy,Yes,Overweight
63,F,180.4,86.0,26.43,Moderate,Unhealthy,No,Overweight
50,M,186.6,177.6,50.98,Low,Unhealthy,Yes,Obese Type III
56,F,151.1,48.6,21.28,Moderate,Unhealthy,No,Normal
57,M,185.5,114.4,33.25,High,Unhealthy,No,Obese Type I
35,F,169.1,60.5,21.15,Low,Moderate,Yes,Normal
26,M,167.5,56.2,20.01,Low,Moderate,Yes,Normal
50,F,166.2,78.3,28.36,Low,Moderate,No,Overweight
49,F,170.5,98.3,33.82,Low,Healthy,No,Obese Type I
34,M,192.3,86.5,23.39,Moderate,Moderate,Yes,Normal
36,F,172.4,47.9,16.1,Low,Healthy,No,Underweight
44,M,192.7,122.8,33.09,High,Unhealthy,Yes,Obese Type I
23,M,154.0,66.8,28.16,Low,Moderate,Yes,Overweight
52,M,181.2,153.7,46.8,Moderate,Moderate,No,Obese Type III
54,M,185.6,119.9,34.81,Low,Moderate,No,Obese Type I
51,M,179.0,105.1,32.81,High,Moderate,Yes,Obese Type I
37,F,175.3,48.1,15.65,Moderate,Unhealthy,Yes,Underweight
42,F,173.2,86.8,28.91,High,Moderate,No,Overweight
21,M,188.0,105.0,29.7,Moderate,Moderate,No,Overweight
27,F,186.1,80.6,23.27,Moderate,Unhealthy,No,Normal
27,M,151.1,62.5,27.38,High,Moderate,No,Overweight
41,F,187.4,128.1,36.45,Low,Moderate,No,Obese Type II
38,F,165.7,44.7,16.29,Moderate,Unhealthy,Yes,Underweight
28,F,157.7,71.9,28.91,Low,Unhealthy,No,Overweight
44,F,188.5,144.5,40.66,Moderate,Healthy,Yes,Obese Type III
33,M,166.6,78.7,28.34,High,Healthy,No,Overweight
43,M,185.4,176.4,51.31,High,Unhealthy,No,Obese Type III
47,F,158.2,81.4,32.56,Low,Healthy,No,Obese Type I
33,F,145.2,44.2,20.96,Low,Moderate,No,Normal
24,M,169.8,82.3,28.55,Low,Healthy,No,Overweight
33,F,150.0,64.1,28.5,Low,Moderate,No,Overweight
52,M,182.7,95.4,28.57,Low,Healthy,No,Overweight
33,M,158.8,49.3,19.54,Low,Moderate,No,Normal
57,M,167.2,67.6,24.2,High,Unhealthy,No,Normal
29,F,149.4,39.1,17.53,Moderate,Unhealthy,Yes,Underweight
52,M,159.3,54.6,21.5,Moderate,Moderate,No,Normal
38,F,184.1,159.4,47.03,Moderate,Unhealthy,Yes,Obese Type III
60,M,152.6,47.3,20.32,Moderate,Moderate,Yes,Normal
53,F,177.4,141.9,45.13,High,Healthy,No,Obese Type III
34,F,190.9,99.3,27.25,Moderate,Unhealthy,Yes,Overweight
49,F,179.0,63.8,19.93,Low,Moderate,Yes,Normal
58,M,185.6,115.4,33.52,Moderate,Moderate,Yes,Obese Type I
23,M,150.4,53.3,23.55,High,Moderate,Yes,Normal
41,F,157.5,98.1,39.51,Low,Unhealthy,Yes,Obese Type II
44,F,189.7,73.6,20.45,Moderate,Unhealthy,No,Normal
37,F,180.8,117.5,35.97,Low,Healthy,No,Obese Type II
42,M,177.0,55.9,17.83,Low,Healthy,Yes,Underweight
19,M,178.2,67.2,21.15,High,Moderate,Yes,Normal
26,M,165.7,80.1,29.16,Low,Moderate,No,Overweight
45,M,147.2,52.5,24.21,Low,Moderate,No,Normal
55,F,184.2,93.6,27.58,Low,Moderate,No,Overweight
20,F,178.9,64.2,20.06,High,Moderate,Yes,Normal
37,M,168.6,77.3,27.19,Low,Unhealthy,Yes,Overweight
23,M,190.0,165.7,45.9,High,Moderate,Yes,Obese Type III
56,F,161.8,70.8,27.04,Low,Unhealthy,No,Overweight
50,M,159.7,81.8,32.08,High,Moderate,No,Obese Type I
18,M,188.6,85.5,24.02,High,Unhealthy,No,Normal
54,M,184.8,95.3,27.9,Low,Moderate,Yes,Overweight
23,M,170.7,83.2,28.52,Low,Moderate,No,Overweight
62,M,151.5,43.0,18.72,Low,Moderate,No,Normal
51,M,155.8,86.4,35.63,Moderate,Moderate,No,Obese Type II
64,F,177.8,96.1,30.4,Low,Healthy,No,Obese Type I
32,M,164.3,51.0,18.9,Low,Unhealthy,No,Normal
62,M,186.8,98.4,28.2,Low,Moderate,Yes,Overweight
43,F,192.5,77.4,20.88,Low,Moderate,Yes,Normal
31,F,185.3,155.5,45.31,Low,Healthy,No,Obese Type III
24,F,163.9,106.2,39.54,High,Moderate,No,Obese Type II
63,M,184.4,172.7,50.78,High,Moderate,No,Obese Type III
48,F,162.6,65.2,24.66,Moderate,Unhealthy,No,Normal
41,M,153.4,92.0,39.1,Moderate,Unhealthy,Yes,Obese Type II
48,M,146.7,39.1,18.2,Moderate,Moderate,No,Underweight
46,M,164.3,91.1,33.76,Moderate,Healthy,No,Obese Type I
59,F,190.2,54.3,15.02,Moderate,Unhealthy,Yes,Underweight
49,F,156.9,113.3,46.01,Moderate,Unhealthy,Yes,Obese Type III
34,F,155.3,57.6,23.88,Moderate,Unhealthy,No,Normal
31,F,193.5,59.3,15.83,Moderate,Unhealthy,Yes,Underweight
57,F,146.3,44.4,20.74,Low,Healthy,Yes,Normal
53,M,184.3,67.4,19.84,Low,Healthy,Yes,Normal
41,M,161.1,58.6,22.6,Low,Moderate,No,Normal
62,M,146.9,99.5,46.11,Moderate,Unhealthy,No,Obese Type III
44,M,190.9,71.1,19.52,Low,Healthy,No,Normal
42,F,152.0,91.8,39.76,Moderate,Unhealthy,Yes,Obese Type II
49,F,172.6,60.7,20.36,Moderate,Moderate,No,Normal
35,M,158.7,72.5,28.8,High,Healthy,Yes,Overweight
63,F,148.3,61.7,28.09,Low,Moderate,Yes,Overweight
35,F,147.5,75.5,34.71,Moderate,Unhealthy,Yes,Obese Type I
54,M,150.8,56.6,24.88,Moderate,Unhealthy,Yes,Normal
43,M,148.6,51.1,23.13,Low,Healthy,Yes,Normal
26,F,183.0,91.7,27.38,Moderate,Unhealthy,Yes,Overweight
52,F,169.3,91.5,31.94,High,Moderate,Yes,Obese Type I
25,M,162.1,56.9,21.63,Low,Moderate,No,Normal
37,M,165.9,71.5,25.99,High,Healthy,Yes,Overweight
59,M,191.4,156.6,42.73,High,Moderate,No,Obese Type III
39,F,190.5,93.5,25.76,Moderate,Unhealthy,No,Overweight
36,M,180.8,86.6,26.51,Moderate,Moderate,Yes,Overweight
47,M,189.2,93.5,26.1,Moderate,Unhealthy,No,Overweight
45,F,161.0,45.2,17.43,Moderate,Unhealthy,No,Underweight
52,F,164.1,71.8,26.67,High,Healthy,Yes,Overweight
60,F,175.7,55.0,17.81,Low,Unhealthy,Yes,Underweight
28,F,176.2,75.9,24.46,Low,Unhealthy,No,Normal
48,F,169.1,76.2,26.67,Low,Moderate,No,Overweight
56,M,165.0,93.4,34.3,Moderate,Moderate,No,Obese Type I
53,M,194.3,79.7,21.11,Low,Moderate,Yes,Normal
47,F,186.1,102.2,29.52,High,Moderate,No,Overweight
40,F,166.7,86.8,31.21,Moderate,Moderate,No,Obese Type I
36,F,181.4,65.7,19.97,High,Moderate,No,Normal
29,F,158.5,50.2,19.97,Low,Moderate,No,Normal
32,F,150.0,68.8,30.57,Low,Unhealthy,Yes,Obese Type I
48,M,162.6,59.5,22.5,Low,Moderate,Yes,Normal
60,M,165.1,51.6,18.92,Low,Moderate,Yes,Normal
54,M,145.8,31.0,14.55,Moderate,Unhealthy,No,Underweight
54,M,185.7,131.9,38.22,High,Unhealthy,Yes,Obese Type II
32,F,163.0,41.7,15.72,Low,Moderate,No,Underweight
46,M,174.0,67.2,22.2,Moderate,Moderate,No,Normal
60,F,148.7,60.5,27.36,Moderate,Moderate,Yes,Overweight
43,F,153.7,45.8,19.38,Low,Moderate,No,Normal
61,F,189.5,123.2,34.31,Moderate,Moderate,No,Obese Type I
19,M,175.4,125.3,40.7,Low,Healthy,Yes,Obese Type III
37,F,192.5,124.4,33.56,High,Moderate,No,Obese Type I
32,M,194.9,163.5,43.03,Moderate,Moderate,No,Obese Type III
21,M,163.6,81.0,30.27,Low,Unhealthy,Yes,Obese Type I
39,F,159.9,68.3,26.72,Moderate,Moderate,No,Overweight
55,F,187.9,120.9,34.23,Low,Healthy,No,Obese Type I
40,F,194.9,83.1,21.86,Moderate,Moderate,No,Normal
43,M,176.5,65.9,21.17,High,Unhealthy,No,Normal
28,F,184.8,67.2,19.67,High,Moderate,Yes,Normal
45,M,184.1,121.1,35.73,Low,Unhealthy,Yes,Obese Type II
19,F,162.8,77.8,29.36,Low,Moderate,No,Overweight
25,F,173.7,149.4,49.52,Moderate,Moderate,Yes,Obese Type III
46,M,186.7,82.7,23.73,High,Moderate,No,Normal
28,M,179.4,78.5,24.4,High,Moderate,Yes,Normal
54,M,146.1,72.2,33.85,Low,Moderate,No,Obese Type I
35,M,161.8,43.4,16.56,Moderate,Moderate,No,Underweight
31,M,152.2,90.9,39.22,High,Moderate,No,Obese Type II
27,M,156.6,44.5,18.13,Low,Moderate,No,Underweight
52,F,190.3,60.5,16.7,High,Moderate,No,Underweight
26,F,146.8,65.8,30.53,Low,Unhealthy,Yes,Obese Type I
52,M,156.0,42.5,17.45,Low,Moderate,Yes,Underweight
28,F,160.5,49.4,19.19,Low,Moderate,No,Normal
61,M,175.8,105.6,34.16,Moderate,Unhealthy,No,Obese Type I
29,F,171.7,76.0,25.79,High,Unhealthy,Yes,Overweight
20,F,155.9,41.5,17.08,Moderate,Unhealthy,Yes,Underweight
56,M,153.2,66.2,28.19,Low,Healthy,Yes,Overweight
31,M,156.8,91.3,37.13,Low,Moderate,No,Obese Type II
45,M,170.1,71.0,24.52,Moderate,Moderate,Yes,Normal
28,F,158.6,70.4,28.01,Moderate,Moderate,Yes,Overweight
56,M,192.4,189.4,51.18,Moderate,Moderate,Yes,Obese Type III
42,F,168.2,74.8,26.46,Low,Moderate,No,Overweight
38,M,147.9,105.4,48.17,Moderate,Moderate,No,Obese Type III
27,F,181.5,91.4,27.74,High,Unhealthy,Yes,Overweight
60,F,161.4,76.5,29.35,Moderate,Moderate,Yes,Overweight
32,M,177.7,91.7,29.04,Moderate,Moderate,No,Overweight
36,F,159.0,98.7,39.04,High,Moderate,Yes,Obese Type II
39,F,173.5,103.0,34.19,Moderate,Moderate,Yes,Obese Type I
38,M,183.6,64.8,19.23,Moderate,Moderate,No,Normal
61,F,191.4,137.2,37.44,Moderate,Moderate,No,Obese Type II
49,M,158.1,48.1,19.24,Low,Moderate,No,Normal
40,M,161.7,61.0,23.31,Moderate,Unhealthy,No,Normal
30,M,168.2,87.7,31.0,High,Moderate,Yes,Obese Type I
22,M,191.4,133.2,36.38,Low,Healthy,No,Obese Type II
21,F,190.1,117.0,32.4,High,Moderate,Yes,Obese Type I
45,F,149.5,71.2,31.87,Moderate,Healthy,Yes,Obese Type I
31,F,151.6,54.9,23.88,Moderate,Unhealthy,Yes,Normal
25,M,169.8,52.7,18.29,Moderate,Unhealthy,No,Underweight
26,F,150.3,61.3,27.12,Moderate,Moderate,No,Overweight
52,F,162.3,67.4,25.6,High,Unhealthy,Yes,Overweight
54,M,152.4,69.3,29.83,Moderate,Unhealthy,Yes,Overweight
38,M,176.8,72.3,23.12,High,Moderate,No,Normal
35,F,192.5,104.5,28.2,Moderate,Unhealthy,No,Overweight
50,M,194.8,81.7,21.51,Moderate,Unhealthy,No,Normal
25,M,163.8,113.6,42.34,High,Healthy,Yes,Obese Type III
34,M,175.0,85.2,27.82,Low,Unhealthy,No,Overweight
60,M,187.8,98.8,28.01,Moderate,Unhealthy,No,Overweight
48,F,150.9,57.1,25.08,Low,Unhealthy,No,Overweight
51,M,179.5,160.8,49.92,High,Healthy,Yes,Obese Type III
23,M,165.4,57.9,21.14,Moderate,Moderate,No,Normal
39,M,155.3,83.9,34.8,High,Unhealthy,Yes,Obese Type I
31,M,165.1,138.5,50.79,High,Unhealthy,Yes,Obese Type III
20,M,148.8,53.9,24.35,Low,Moderate,Yes,Normal
29,M,179.8,119.1,36.85,Low,Unhealthy,No,Obese Type II
53,M,157.6,53.3,21.44,Moderate,Healthy,Yes,Normal
29,M,160.6,80.6,31.28,Moderate,Moderate,Yes,Obese Type I
62,F,151.1,33.4,14.62,Low,Unhealthy,Yes,Underweight
19,M,188.2,93.5,26.38,Low,Healthy,No,Overweight
19,F,169.7,87.9,30.52,Moderate,Moderate,No,Obese Type I
32,M,173.6,152.9,50.74,Low,Unhealthy,Yes,Obese Type III
40,M,173.5,147.1,48.88,High,Moderate,Yes,Obese Type III
46,M,165.5,58.4,21.3,High,Moderate,No,Normal
34,M,154.6,59.3,24.82,Moderate,Unhealthy,Yes,Normal
49,F,182.3,73.9,22.25,Low,Moderate,Yes,Normal
24,M,151.4,79.1,34.51,Low,Unhealthy,No,Obese Type I
47,M,150.2,75.1,33.31,Moderate,Healthy,Yes,Obese Type I
45,F,180.5,91.1,27.97,High,Moderate,No,Overweight
31,F,155.4,43.2,17.89,Low,Unhealthy,Yes,Underweight
61,M,160.3,64.8,25.2,Low,Moderate,Yes,Overweight
47,F,168.8,130.6,45.87,Low,Moderate,Yes,Obese Type III
34,F,167.5,109.9,39.2,Moderate,Healthy,No,Obese Type II
49,F,180.4,114.9,35.3,Moderate,Moderate,Yes,Obese Type II
63,M,176.2,74.8,24.1,Low,Healthy,No,Normal
23,M,177.2,117.0,37.24,Moderate,Moderate,Yes,Obese Type II
41,M,180.7,84.4,25.86,Moderate,Unhealthy,Yes,Overweight
23,F,159.6,108.4,42.56,Moderate,Healthy,No,Obese Type III
44,M,161.1,59.0,22.73,Moderate,Moderate,No,Normal
35,F,166.9,68.3,24.51,High,Moderate,No,Normal
41,M,160.4,36.1,14.03,Moderate,Healthy,No,Underweight
54,M,194.2,103.4,27.39,Moderate,Moderate,Yes,Overweight
41,F,185.7,74.7,21.66,High,Unhealthy,Yes,Normal
55,M,153.2,68.9,29.36,High,Healthy,Yes,Overweight
51,F,145.3,38.6,18.3,Low,Unhealthy,No,Underweight
57,F,147.1,55.7,25.74,Low,Moderate,No,Overweight
64,M,157.2,40.4,16.37,High,Unhealthy,Yes,Underweight
32,F,150.7,46.4,20.43,Low,Unhealthy,Yes,Normal
28,M,171.7,66.8,22.66,High,Moderate,Yes,Normal
39,M,187.9,89.6,25.38,Low,Moderate,Yes,Overweight
41,F,181.8,95.5,28.88,High,Moderate,No,Overweight
18,M,155.8,43.5,17.91,Moderate,Healthy,Yes,Underweight
35,F,165.0,80.7,29.66,Moderate,Moderate,Yes,Overweight
61,M,170.4,72.2,24.86,Low,Moderate,Yes,Normal
29,M,185.5,95.6,27.78,High,Moderate,No,Overweight
60,M,187.0,87.8,25.12,Low,Moderate,No,Overweight
45,M,190.5,173.2,47.73,Low,Moderate,Yes,Obese Type III
57,M,170.5,40.9,14.09,Low,Moderate,No,Underweight
24,F,179.7,53.9,16.68,High,Moderate,Yes,Underweight
40,F,150.6,62.2,27.45,Moderate,Moderate,Yes,Overweight
38,F,173.3,65.8,21.9,Moderate,Moderate,No,Normal
51,F,157.4,62.2,25.1,Moderate,Moderate,Yes,Overweight
28,F,166.6,52.3,18.84,High,Unhealthy,Yes,Normal
39,F,176.7,152.1,48.7,Moderate,Healthy,No,Obese Type III
59,M,157.8,108.7,43.63,Moderate,Moderate,Yes,Obese Type III
52,M,147.6,82.7,37.95,Moderate,Unhealthy,Yes,Obese Type II
46,F,145.5,55.2,26.09,Moderate,Unhealthy,No,Overweight
59,F,146.1,73.5,34.43,Low,Moderate,Yes,Obese Type I
45,M,145.4,41.5,19.62,Low,Moderate,No,Normal
35,M,150.5,78.8,34.79,Low,Healthy,Yes,Obese Type I
31,M,157.0,77.4,31.39,Low,Unhealthy,No,Obese Type I
35,F,156.1,65.5,26.88,Moderate,Unhealthy,No,Overweight
45,F,194.3,146.5,38.78,Moderate,Healthy,Yes,Obese Type II
41,F,160.3,67.7,26.35,High,Unhealthy,No,Overweight
25,M,151.4,109.6,47.84,Low,Moderate,No,Obese Type III
59,M,172.3,139.4,46.96,Moderate,Unhealthy,Yes,Obese Type III
62,F,187.9,137.6,38.98,Moderate,Moderate,No,Obese Type II
25,F,178.9,79.0,24.67,Low,Unhealthy,Yes,Normal
21,M,159.8,44.4,17.38,Moderate,Moderate,Yes,Underweight
44,M,173.1,132.0,44.07,High,Moderate,No,Obese Type III
53,M,180.7,90.7,27.75,Low,Healthy,No,Overweight
22,M,181.4,112.7,34.24,Moderate,Unhealthy,Yes,Obese Type I
50,F,178.3,92.2,29.0,Low,Unhealthy,No,Overweight
51,M,188.5,71.0,19.96,Low,Unhealthy,Yes,Normal
47,M,188.5,100.6,28.32,Moderate,Healthy,No,Overweight
25,M,173.9,69.2,22.85,High,Moderate,No,Normal
56,F,166.5,65.4,23.59,Moderate,Moderate,No,Normal
64,F,177.1,53.1,16.94,Moderate,Unhealthy,Yes,Underweight
43,M,185.9,102.3,29.61,High,Moderate,Yes,Overweight
54,M,145.3,71.6,33.9,Low,Moderate,Yes,Obese Type I
51,M,194.6,182.2,48.1,Moderate,Moderate,Yes,Obese Type III
24,F,154.1,57.2,24.07,Moderate,Moderate,No,Normal
57,F,168.5,91.1,32.08,High,Unhealthy,No,Obese Type I
45,F,188.6,121.8,34.25,Moderate,Moderate,No,Obese Type I
56,M,156.3,125.6,51.43,High,Healthy,No,Obese Type III
56,F,168.8,60.4,21.2,Low,Healthy,No,Normal
45,M,151.6,46.2,20.08,Moderate,Moderate,Yes,Normal
31,M,164.8,99.8,36.77,Moderate,Unhealthy,Yes,Obese Type II
55,M,153.9,66.9,28.26,Moderate,Moderate,Yes,Overweight
21,F,163.2,82.3,30.9,Moderate,Unhealthy,No,Obese Type I
59,M,163.7,57.2,21.37,Low,Unhealthy,No,Normal
35,F,194.7,93.9,24.79,Low,Moderate,No,Normal
61,F,194.7,141.6,37.35,Low,Healthy,Yes,Obese Type II
42,M,150.7,83.4,36.7,High,Unhealthy,No,Obese Type II
24,M,181.3,102.2,31.1,High,Unhealthy,No,Obese Type I
55,F,147.6,70.2,32.24,Low,Moderate,Yes,Obese Type I
45,M,146.5,43.5,20.25,High,Unhealthy,No,Normal
22,F,150.3,64.7,28.67,Low,Moderate,Yes,Overweight
20,M,193.3,63.1,16.9,Moderate,Unhealthy,No,Underweight
61,F,192.0,122.5,33.2,Low,Unhealthy,No,Obese Type I
48,F,154.7,73.9,30.87,High,Moderate,Yes,Obese Type I
64,F,153.1,69.4,29.61,Moderate,Healthy,Yes,Overweight
59,F,157.0,69.0,28.0,Low,Moderate,Yes,Overweight
37,M,170.8,92.3,31.63,Moderate,Healthy,No,Obese Type I
36,M,173.5,103.8,34.49,Low,Unhealthy,No,Obese Type I
28,F,156.1,43.4,17.83,Low,Healthy,No,Underweight
57,F,182.8,71.6,21.42,Low,Moderate,Yes,Normal
20,M,160.5,100.5,39.04,Low,Healthy,No,Obese Type II
40,M,191.1,144.7,39.61,High,Moderate,No,Obese Type II
24,M,177.8,89.2,28.22,Moderate,Unhealthy,Yes,Overweight
40,M,166.8,57.7,20.74,Low,Unhealthy,Yes,Normal
24,M,184.5,97.5,28.64,Low,Moderate,No,Overweight
63,M,185.9,100.2,28.99,Low,Unhealthy,No,Overweight
51,F,159.5,76.6,30.1,Low,Healthy,No,Obese Type I
59,M,162.0,71.2,27.14,Moderate,Unhealthy,Yes,Overweight
36,M,191.8,106.7,29.01,Low,Moderate,No,Overweight
26,F,153.2,68.9,29.34,Moderate,Unhealthy,No,Overweight
35,M,147.1,70.8,32.71,Moderate,Unhealthy,Yes,Obese Type I
58,M,167.7,84.9,30.19,Low,Moderate,No,Obese Type I
62,M,185.1,49.2,14.37,High,Moderate,No,Underweight
59,M,183.6,88.1,26.15,Low,Healthy,No,Overweight
42,M,191.0,169.6,46.51,Low,Unhealthy,No,Obese Type III
31,F,171.7,92.4,31.37,Low,Healthy,No,Obese Type I
61,M,150.0,46.5,20.65,Low,Moderate,No,Normal
42,F,174.4,98.3,32.32,Low,Healthy,No,Obese Type I
36,F,183.9,94.4,27.9,Low,Unhealthy,No,Overweight
56,M,149.7,68.2,30.44,High,Moderate,Yes,Obese Type I
32,F,153.6,77.3,32.76,Moderate,Moderate,No,Obese Type I
33,M,145.6,67.0,31.61,Moderate,Moderate,No,Obese Type I
44,F,174.7,79.7,26.13,Moderate,Unhealthy,Yes,Overweight
57,F,189.3,164.8,45.96,Moderate,Moderate,No,Obese Type III
27,M,178.5,146.2,45.88,Low,Unhealthy,Yes,Obese Type III
21,M,194.1,81.9,21.75,Low,Moderate,No,Normal
36,M,148.2,39.5,17.98,Low,Moderate,No,Underweight
45,M,190.2,139.4,38.56,Moderate,Moderate,No,Obese Type II
38,M,185.7,96.0,27.84,Low,Healthy,No,Overweight
64,F,160.7,111.9,43.34,Low,Unhealthy,No,Obese Type III
31,F,193.7,123.2,32.85,Low,Moderate,No,Obese Type I
50,F,159.4,126.9,49.93,Low,Moderate,No,Obese Type III
27,F,189.5,168.9,47.06,Low,Moderate,Yes,Obese Type III
36,F,189.0,77.6,21.72,Low,Healthy,Yes,Normal
47,F,182.9,113.0,33.79,Low,Healthy,No,Obese Type I
39,F,173.2,48.6,16.22,Low,Healthy,No,Underweight
20,M,151.0,54.9,24.1,Low,Healthy,Yes,Normal
54,M,171.6,67.0,22.77,Low,Healthy,Yes,Normal
58,F,162.8,55.1,20.78,Low,Moderate,Yes,Normal
35,F,184.6,146.2,42.89,Moderate,Healthy,Yes,Obese Type III
28,M,182.9,47.9,14.3,Low,Moderate,No,Underweight
19,M,190.5,102.2,28.14,Low,Unhealthy,Yes,Overweight
29,M,145.7,48.7,22.92,Low,Unhealthy,Yes,Normal
23,M,185.5,61.1,17.77,Low,Unhealthy,No,Underweight
60,F,191.9,146.7,39.83,Low,Moderate,Yes,Obese Type II
57,M,184.5,150.7,44.27,High,Moderate,No,Obese Type III
61,F,151.5,53.4,23.27,High,Unhealthy,Yes,Normal
46,F,149.1,45.6,20.51,Low,Moderate,No,Normal
47,F,146.0,45.7,21.41,Moderate,Unhealthy,Yes,Normal
19,M,176.4,81.0,26.03,Low,Healthy,Yes,Overweight
26,M,176.5,53.5,17.17,Low,Moderate,Yes,Underweight
64,F,194.3,69.1,18.28,Moderate,Healthy,No,Underweight
19,F,164.9,61.9,22.75,Low,Unhealthy,No,Normal
46,F,161.6,66.0,25.29,Moderate,Healthy,Yes,Overweight
50,M,176.2,85.5,27.53,Moderate,Moderate,No,Overweight
27,F,186.3,133.9,38.59,Moderate,Moderate,Yes,Obese Type II
51,M,191.8,54.9,14.92,High,Moderate,No,Underweight
61,F,185.2,66.0,19.25,Moderate,Moderate,Yes,Normal
25,F,166.3,82.5,29.82,Moderate,Healthy,No,Overweight
54,F,176.7,89.5,28.64,Low,Moderate,Yes,Overweight
50,M,187.8,120.5,34.16,Low,Healthy,No,Obese Type I
64,M,169.5,67.0,23.32,Moderate,Unhealthy,No,Normal
23,F,155.8,87.0,35.84,High,Moderate,Yes,Obese Type II
61,M,153.5,58.2,24.71,Moderate,Moderate,Yes,Normal
57,F,145.0,66.0,31.38,High,Moderate,No,Obese Type I
62,M,180.9,88.3,26.98,Low,Healthy,No,Overweight
36,M,150.6,60.6,26.74,Low,Moderate,No,Overweight
49,M,157.2,56.4,22.82,Low,Moderate,No,Normal
44,F,159.9,87.6,34.28,Moderate,Moderate,No,Obese Type I
18,M,173.0,71.1,23.77,Moderate,Moderate,Yes,Normal
60,M,164.9,57.7,21.23,Low,Unhealthy,No,Normal
50,F,178.7,145.2,45.45,High,Moderate,Yes,Obese Type III
57,F,147.8,42.6,19.52,Moderate,Moderate,No,Normal
49,F,151.2,65.7,28.74,Moderate,Healthy,No,Overweight
22,F,170.0,142.8,49.45,Moderate,Unhealthy,No,Obese Type III
34,M,161.8,101.3,38.66,Low,Moderate,No,Obese Type II
25,M,159.8,90.3,35.37,Moderate,Unhealthy,Yes,Obese Type II
59,M,148.4,98.5,44.76,Low,Unhealthy,No,Obese Type III
51,M,189.8,147.3,40.91,Low,Moderate,No,Obese Type III
26,M,179.6,108.4,33.6,Moderate,Unhealthy,Yes,Obese Type I
40,F,151.1,112.4,49.23,High,Moderate,Yes,Obese Type III
52,M,148.3,48.5,22.07,Moderate,Moderate,No,Normal
24,M,193.7,74.2,19.75,Moderate,Unhealthy,Yes,Normal
32,M,179.1,63.9,19.92,Moderate,Moderate,No,Normal
37,F,165.9,81.0,29.44,Low,Unhealthy,No,Overweight
42,F,180.1,131.9,40.66,High,Healthy,No,Obese Type III
20,M,182.8,50.4,15.08,Moderate,Unhealthy,No,Underweight
63,F,184.0,64.7,19.11,Low,Unhealthy,Yes,Normal
41,F,168.9,63.5,22.26,Low,Moderate,No,Normal
51,F,166.5,76.7,27.66,Low,Healthy,Yes,Overweight
63,F,145.6,48.8,23.02,Low,Healthy,Yes,Normal
39,F,191.3,134.3,36.7,Low,Unhealthy,No,Obese Type II
28,F,175.2,47.0,15.3,Low,Unhealthy,Yes,Underweight
25,F,155.2,51.7,21.49,Moderate,Moderate,Yes,Normal
56,M,191.0,78.3,21.46,Moderate,Healthy,No,Normal
60,M,190.7,84.5,23.23,Moderate,Moderate,Yes,Normal
52,F,194.5,62.2,16.44,Low,Moderate,No,Underweight
63,M,188.7,65.9,18.51,Moderate,Unhealthy,No,Normal
55,M,194.9,145.4,38.29,Low,Unhealthy,Yes,Obese Type II
25,F,157.2,41.8,16.92,Moderate,Moderate,Yes,Underweight
54,M,187.1,95.6,27.32,Low,Unhealthy,Yes,Overweight
44,F,186.2,101.7,29.35,Moderate,Unhealthy,Yes,Overweight
45,F,156.5,51.6,21.05,Low,Unhealthy,Yes,Normal
57,F,149.9,52.7,23.44,Moderate,Moderate,No,Normal
51,M,194.0,188.9,50.2,High,Unhealthy,No,Obese Type III
49,M,159.8,89.0,34.84,Moderate,Moderate,Yes,Obese Type I
32,M,188.5,119.7,33.68,Low,Healthy,No,Obese Type I
61,M,145.2,84.5,40.08,Low,Unhealthy,Yes,Obese Type III
34,F,146.1,61.1,28.62,High,Moderate,No,Overweight
50,F,168.3,143.3,50.61,Moderate,Healthy,Yes,Obese Type III
64,M,156.9,97.6,39.63,High,Moderate,Yes,Obese Type II
63,F,179.5,80.7,25.03,Low,Unhealthy,No,Overweight
33,F,173.3,49.2,16.4,High,Unhealthy,No,Underweight
46,M,148.9,60.3,27.21,High,Moderate,No,Overweight
26,F,153.1,69.2,29.5,Moderate,Moderate,Yes,Overweight
50,M,164.4,64.8,23.98,Low,Unhealthy,Yes,Normal
46,F,154.3,109.5,45.99,Moderate,Healthy,No,Obese Type III
30,M,184.6,97.9,28.73,High,Moderate,No,Overweight
38,F,165.8,86.9,31.61,High,Unhealthy,Yes,Obese Type I
38,F,149.7,45.2,20.2,Low,Moderate,Yes,Normal
22,M,169.2,58.4,20.39,Low,Unhealthy,No,Normal
27,M,149.5,50.5,22.58,High,Moderate,No,Normal
23,M,151.4,110.6,48.23,Moderate,Unhealthy,No,Obese Type III
30,M,157.0,121.8,49.41,High,Moderate,No,Obese Type III
18,F,188.0,113.2,32.03,High,Unhealthy,No,Obese Type I
37,F,191.2,87.5,23.92,High,Moderate,Yes,Normal
64,M,186.3,157.7,45.42,Low,Unhealthy,No,Obese Type III
63,F,161.7,45.7,17.49,Low,Moderate,No,Underweight
25,M,158.6,46.7,18.56,Low,Unhealthy,No,Normal
27,M,172.5,111.6,37.54,High,Unhealthy,Yes,Obese Type II
26,F,181.1,113.1,34.48,Moderate,Unhealthy,No,Obese Type I
58,F,194.7,104.1,27.47,Low,Unhealthy,No,Overweight
20,M,151.6,47.0,20.45,Low,Moderate,No,Normal
28,M,147.5,70.0,32.2,Low,Healthy,Yes,Obese Type I
29,M,179.7,61.7,19.1,High,Moderate,No,Normal
27,F,186.6,95.0,27.28,Moderate,Healthy,No,Overweight
42,F,187.3,113.4,32.31,Moderate,Unhealthy,No,Obese Type I
42,F,178.9,69.6,21.75,Low,Unhealthy,No,Normal
28,F,192.7,155.6,41.91,High,Moderate,No,Obese Type III
53,M,170.6,95.7,32.91,Low,Healthy,Yes,Obese Type I
56,M,190.7,111.8,30.74,Moderate,Moderate,No,Obese Type I
43,M,193.4,177.5,47.45,Low,Moderate,Yes,Obese Type III
31,M,187.4,127.1,36.21,Low,Unhealthy,No,Obese Type II
56,M,160.5,87.1,33.83,Low,Unhealthy,Yes,Obese Type I
57,M,154.8,50.2,20.96,Moderate,Moderate,No,Normal
18,F,172.4,90.5,30.46,Moderate,Moderate,No,Obese Type I
21,F,167.7,84.9,30.21,Low,Unhealthy,No,Obese Type I
47,M,188.9,81.2,22.75,Low,Healthy,No,Normal
29,M,150.0,41.1,18.28,High,Healthy,No,Underweight
52,F,157.9,94.9,38.07,Low,Healthy,No,Obese Type II
30,F,182.6,131.2,39.35,Low,Healthy,Yes,Obese Type II
48,F,149.7,53.7,23.94,Moderate,Unhealthy,Yes,Normal
55,F,161.0,54.8,21.15,High,Healthy,Yes,Normal
60,M,164.4,77.0,28.5,Low,Moderate,Yes,Overweight
40,M,176.1,47.4,15.28,High,Healthy,No,Underweight
21,M,152.9,62.5,26.75,Low,Unhealthy,Yes,Overweight
33,M,188.0,117.4,33.19,Low,Moderate,No,Obese Type I
24,M,167.4,54.4,19.43,Low,Unhealthy,Yes,Normal
39,F,190.9,99.1,27.21,Moderate,Unhealthy,No,Overweight
46,M,168.4,58.4,20.59,Low,Healthy,Yes,Normal
28,F,158.8,48.4,19.19,Moderate,Healthy,Yes,Normal
50,M,152.1,66.5,28.74,Low,Moderate,Yes,Overweight
46,M,145.2,61.2,29.05,Low,Moderate,No,Overweight
56,M,171.6,62.7,21.29,High,Moderate,Yes,Normal
29,M,150.4,64.0,28.31,Moderate,Moderate,No,Overweight
24,M,164.6,90.9,33.57,Low,Moderate,No,Obese Type I
56,F,174.5,92.7,30.46,Moderate,Moderate,Yes,Obese Type I
59,F,158.8,84.6,33.55,Moderate,Moderate,Yes,Obese Type I
43,F,153.8,114.2,48.32,Low,Healthy,No,Obese Type III
57,M,183.7,109.8,32.52,Moderate,Moderate,Yes,Obese Type I
26,M,192.3,147.6,39.88,Low,Moderate,No,Obese Type II
58,F,150.0,74.3,33.0,Moderate,Healthy,Yes,Obese Type I
51,M,152.8,40.1,17.2,Moderate,Healthy,No,Underweight
62,M,193.0,125.9,33.8,Low,Healthy,No,Obese Type I
30,F,146.9,48.9,22.68,Low,Moderate,No,Normal
53,M,193.9,87.8,23.37,Low,Moderate,Yes,Normal
42,F,145.2,48.3,22.88,High,Unhealthy,No,Normal
41,M,188.7,66.1,18.56,Moderate,Unhealthy,No,Normal
61,F,160.4,65.7,25.56,Low,Moderate,No,Overweight
34,M,191.9,127.2,34.54,Moderate,Unhealthy,No,Obese Type I
19,M,160.8,110.8,42.83,Low,Moderate,No,Obese Type III
30,F,177.7,116.0,36.73,Moderate,Healthy,No,Obese Type II
48,M,149.0,109.8,49.45,Moderate,Healthy,No,Obese Type III
46,M,157.1,39.0,15.79,High,Unhealthy,Yes,Underweight
45,F,183.7,79.4,23.53,Low,Moderate,Yes,Normal
44,M,171.4,83.3,28.35,Moderate,Healthy,No,Overweight
32,F,191.4,109.1,29.78,Moderate,Moderate,Yes,Overweight
48,M,166.4,125.0,45.13,High,Healthy,No,Obese Type III
57,M,188.5,121.0,34.06,Moderate,Healthy,No,Obese Type I
32,M,167.4,99.1,35.33,Moderate,Moderate,Yes,Obese Type II
50,M,194.0,77.3,20.55,Low,Moderate,Yes,Normal
37,F,193.0,96.2,25.83,Moderate,Moderate,No,Overweight
59,M,161.5,73.6,28.25,High,Moderate,No,Overweight
29,F,189.3,101.3,28.26,High,Moderate,Yes,Overweight
54,M,187.4,62.7,17.85,Moderate,Moderate,Yes,Underweight
26,M,155.5,114.7,47.41,Low,Healthy,No,Obese Type III
40,M,176.2,110.7,35.64,High,Unhealthy,Yes,Obese Type II
25,M,148.6,67.6,30.58,Low,Healthy,No,Obese Type I
49,F,186.8,92.8,26.59,Low,Moderate,No,Overweight
31,F,153.7,62.6,26.48,Moderate,Healthy,Yes,Overweight
44,F,148.5,59.1,26.8,Low,Unhealthy,Yes,Overweight
42,F,165.0,103.8,38.11,High,Unhealthy,Yes,Obese Type II
30,M,173.8,62.4,20.65,Moderate,Moderate,Yes,Normal
38,F,187.7,130.0,36.89,Moderate,Moderate,No,Obese Type II
62,F,193.7,105.7,28.18,Moderate,Unhealthy,No,Overweight
48,M,167.0,56.8,20.38,Moderate,Healthy,No,Normal
54,M,148.0,57.1,26.05,Moderate,Moderate,No,Overweight
60,M,182.5,62.9,18.9,Low,Healthy,Yes,Normal
22,M,173.3,61.7,20.55,Moderate,Moderate,Yes,Normal
30,F,167.4,131.9,47.08,Low,Unhealthy,Yes,Obese Type III
45,F,160.5,77.8,30.22,Low,Moderate,Yes,Obese Type I
60,M,170.1,68.6,23.71,Moderate,Healthy,No,Normal
42,M,161.9,68.0,25.94,Low,Moderate,Yes,Overweight
52,M,182.9,92.4,27.64,High,Unhealthy,Yes,Overweight
64,F,172.2,104.7,35.3,Moderate,Healthy,No,Obese Type II
56,F,188.8,101.7,28.51,High,Unhealthy,No,Overweight
24,M,172.2,147.3,49.69,Low,Moderate,No,Obese Type III
55,M,156.9,56.7,23.04,High,Moderate,Yes,Normal
49,F,187.6,118.1,33.58,Low,Moderate,Yes,Obese Type I
20,M,172.9,117.8,39.43,Low,Unhealthy,Yes,Obese Type II
62,M,155.3,34.9,14.46,Low,Healthy,Yes,Underweight
56,F,176.2,97.0,31.24,Moderate,Healthy,No,Obese Type I
54,M,162.9,41.8,15.77,Low,Moderate,No,Underweight
39,F,187.2,124.9,35.62,Moderate,Unhealthy,No,Obese Type II
25,M,167.7,84.4,30.02,Low,Unhealthy,Yes,Obese Type I
34,M,181.3,68.2,20.75,Low,Unhealthy,Yes,Normal
44,F,149.8,39.8,17.72,Moderate,Moderate,No,Underweight
50,F,164.8,105.1,38.7,Low,Moderate,No,Obese Type II
63,M,194.2,82.4,21.85,Moderate,Unhealthy,No,Normal
34,F,185.4,69.8,20.3,Moderate,Moderate,No,Normal
59,M,153.0,67.0,28.6,High,Moderate,No,Overweight
29,M,158.9,38.6,15.31,Low,Healthy,No,Underweight
63,F,161.5,117.7,45.15,High,Moderate,Yes,Obese Type III
44,M,177.5,163.5,51.9,Moderate,Moderate,No,Obese Type III
25,M,182.8,88.3,26.41,High,Moderate,No,Overweight
40,F,182.5,102.5,30.78,Low,Moderate,Yes,Obese Type I
59,F,170.5,68.4,23.52,Moderate,Moderate,Yes,Normal
46,M,185.5,89.5,25.99,High,Moderate,Yes,Overweight
37,F,166.9,93.5,33.59,Low,Moderate,Yes,Obese Type I
33,F,151.2,46.3,20.27,Moderate,Moderate,Yes,Normal
34,F,173.2,62.8,20.93,High,Healthy,No,Normal
33,F,192.6,124.3,33.5,Moderate,Moderate,No,Obese Type I
36,M,184.6,102.4,30.03,Low,Moderate,No,Obese Type I
25,M,173.9,60.3,19.93,Moderate,Moderate,Yes,Normal
55,M,177.3,61.1,19.44,Low,Unhealthy,Yes,Normal
55,F,191.5,93.1,25.37,High,Moderate,Yes,Overweight
46,F,166.4,93.8,33.86,Low,Healthy,No,Obese Type I
58,F,161.6,66.4,25.44,Low,Moderate,No,Overweight
53,F,193.9,149.3,39.73,Low,Unhealthy,Yes,Obese Type II
43,F,188.2,81.5,23.01,Moderate,Moderate,No,Normal
48,F,161.2,97.8,37.65,High,Unhealthy,No,Obese Type II
61,F,168.2,61.0,21.56,Low,Moderate,Yes,Normal
29,M,165.8,74.1,26.96,Low,Unhealthy,Yes,Overweight
34,M,152.5,113.7,48.93,Low,Moderate,No,Obese Type III
32,F,192.9,82.8,22.25,High,Moderate,No,Normal
26,F,165.2,83.8,30.69,Moderate,Moderate,Yes,Obese Type I
56,F,188.8,86.6,24.3,Low,Moderate,Yes,Normal
59,M,154.5,62.2,26.06,Moderate,Unhealthy,No,Overweight
29,M,172.4,64.8,21.82,Low,Moderate,Yes,Normal
49,F,146.2,56.9,26.64,Moderate,Moderate,No,Overweight
42,F,183.2,85.0,25.34,Low,Unhealthy,Yes,Overweight
56,M,174.0,66.6,22.0,High,Moderate,Yes,Normal
35,M,176.3,55.5,17.88,High,Moderate,Yes,Underweight
32,M,147.6,49.7,22.81,Moderate,Unhealthy,No,Normal
49,M,155.6,51.0,21.06,Moderate,Unhealthy,No,Normal
23,F,148.7,71.8,32.45,Moderate,Unhealthy,No,Obese Type I
61,M,159.4,82.6,32.48,Low,Moderate,Yes,Obese Type I
60,M,176.4,89.4,28.73,Moderate,Unhealthy,No,Overweight
52,F,173.3,84.2,28.02,Moderate,Unhealthy,No,Overweight
51,M,175.6,106.9,34.65,High,Moderate,Yes,Obese Type I
55,M,172.5,66.0,22.19,Low,Healthy,No,Normal
22,M,158.7,39.2,15.58,Moderate,Moderate,No,Underweight
35,F,157.2,71.9,29.09,Moderate,Healthy,No,Overweight
33,M,151.9,65.9,28.58,Low,Unhealthy,No,Overweight
25,F,187.5,56.4,16.04,Moderate,Unhealthy,No,Underweight
42,F,175.8,132.0,42.69,High,Unhealthy,No,Obese Type III
49,M,154.3,37.9,15.91,High,Healthy,Yes,Underweight
43,M,153.9,76.3,32.23,Moderate,Moderate,No,Obese Type I
39,M,188.7,100.7,28.28,Low,Moderate,Yes,Overweight
48,M,182.1,77.3,23.31,High,Moderate,No,Normal
60,F,178.0,66.6,21.03,Moderate,Moderate,No,Normal
27,M,165.3,93.1,34.06,Low,Moderate,No,Obese Type I
29,M,158.1,83.8,33.54,Low,Moderate,No,Obese Type I
45,M,194.0,72.6,19.28,Low,Healthy,Yes,Normal
23,F,184.9,82.1,24.03,Low,Moderate,No,Normal
37,M,160.1,101.6,39.66,Moderate,Moderate,Yes,Obese Type II
22,M,187.4,57.4,16.36,Low,Moderate,Yes,Underweight
40,F,182.9,95.3,28.48,Low,Healthy,No,Overweight
26,F,159.9,73.5,28.77,Low,Unhealthy,No,Overweight
46,M,166.3,54.4,19.65,Moderate,Unhealthy,Yes,Normal
33,M,154.3,44.2,18.58,Low,Moderate,Yes,Normal
63,M,150.6,43.3,19.09,Low,Moderate,Yes,Normal
39,M,181.1,73.9,22.52,Low,Healthy,No,Normal
25,M,158.4,98.1,39.11,Moderate,Moderate,No,Obese Type II
37,F,186.0,67.0,19.36,Low,Moderate,Yes,Normal
31,F,194.8,93.8,24.71,Moderate,Unhealthy,No,Normal
56,M,148.8,57.4,25.89,Low,Moderate,Yes,Overweight
54,M,168.7,105.1,36.94,Low,Moderate,No,Obese Type II
51,F,185.1,124.3,36.28,Low,Moderate,Yes,Obese Type II
28,M,184.4,73.9,21.73,Low,Unhealthy,No,Normal
57,M,183.0,131.5,39.26,Low,Healthy,Yes,Obese Type II
50,M,162.4,68.8,26.09,Low,Moderate,No,Overweight
48,M,167.7,83.7,29.78,Low,Unhealthy,No,Overweight
61,M,174.7,88.0,28.83,Moderate,Healthy,Yes,Overweight
51,F,193.7,103.6,27.61,Low,Moderate,Yes,Overweight
24,M,161.4,74.1,28.44,High,Moderate,Yes,Overweight
40,M,191.2,137.0,37.49,High,Healthy,No,Obese Type II
63,M,158.5,67.0,26.67,Moderate,Unhealthy,Yes,Overweight
24,F,194.5,92.7,24.51,Low,Unhealthy,No,Normal
42,F,178.5,75.3,23.62,High,Moderate,No,Normal
20,F,168.2,95.8,33.88,Low,Unhealthy,Yes,Obese Type I
55,F,175.7,146.5,47.48,Low,Healthy,Yes,Obese Type III
37,M,158.6,90.1,35.82,Low,Healthy,No,Obese Type II
51,F,158.7,72.5,28.78,High,Moderate,Yes,Overweight
61,M,150.7,52.8,23.24,Low,Healthy,Yes,Normal
61,M,150.7,77.4,34.07,High,Unhealthy,No,Obese Type I
47,F,162.4,60.3,22.86,Low,Moderate,Yes,Normal
34,F,183.1,77.9,23.23,High,Healthy,No,Normal
27,F,175.4,85.9,27.93,High,Healthy,Yes,Overweight
52,F,150.1,58.1,25.79,High,Moderate,No,Overweight
37,F,187.6,66.9,19.0,Moderate,Unhealthy,Yes,Normal
35,M,175.1,89.4,29.16,High,Unhealthy,No,Overweight
62,F,193.0,53.3,14.29,High,Moderate,Yes,Underweight
61,F,178.5,91.2,28.61,Low,Moderate,Yes,Overweight
44,F,153.8,47.8,20.24,Moderate,Unhealthy,No,Normal
53,M,168.7,59.9,21.05,Moderate,Moderate,Yes,Normal
40,F,177.4,65.3,20.76,Low,Healthy,Yes,Normal
49,M,146.4,70.7,32.99,Moderate,Moderate,Yes,Obese Type I
27,F,145.7,35.7,16.81,Low,Unhealthy,No,Underweight
28,F,151.5,67.9,29.58,Moderate,Healthy,Yes,Overweight
55,M,157.6,57.5,23.15,Low,Unhealthy,No,Normal
23,F,166.5,86.2,31.09,Low,Moderate,No,Obese Type I
58,M,169.4,131.7,45.89,Low,Unhealthy,Yes,Obese Type III
64,M,151.9,70.9,30.71,High,Moderate,Yes,Obese Type I
51,M,178.7,71.0,22.25,Low,Moderate,No,Normal
53,F,174.8,66.3,21.7,High,Moderate,No,Normal
54,F,159.7,57.7,22.6,Moderate,Moderate,No,Normal
34,F,145.7,53.1,25.02,Moderate,Unhealthy,Yes,Overweight
57,M,148.9,60.0,27.07,Low,Moderate,Yes,Overweight
57,F,164.6,51.7,19.1,Low,Moderate,No,Normal
29,M,152.7,46.5,19.93,Moderate,Unhealthy,No,Normal
38,F,163.8,121.3,45.19,Low,Healthy,No,Obese Type III
57,M,176.4,45.5,14.61,Moderate,Healthy,Yes,Underweight
36,M,172.4,49.3,16.59,High,Healthy,No,Underweight
20,M,156.6,53.2,21.69,Low,Moderate,Yes,Normal
35,F,162.2,62.2,23.64,Moderate,Unhealthy,Yes,Normal
36,M,175.7,66.2,21.43,High,Moderate,No,Normal
64,M,188.0,113.6,32.12,High,Healthy,No,Obese Type I
23,M,182.7,110.9,33.24,High,Unhealthy,Yes,Obese Type I
33,M,172.7,81.9,27.47,High,Moderate,No,Overweight
25,M,163.1,127.5,47.94,Low,Moderate,No,Obese Type III
35,M,163.3,112.3,42.15,High,Unhealthy,Yes,Obese Type III
60,F,189.0,105.2,29.45,High,Moderate,No,Overweight
56,F,147.0,53.3,24.69,Moderate,Healthy,Yes,Normal
29,M,194.4,67.9,17.97,Low,Moderate,Yes,Underweight
62,F,178.2,80.6,25.36,Moderate,Unhealthy,Yes,Overweight
27,F,179.1,116.2,36.23,Low,Moderate,No,Obese Type II
24,M,146.9,31.5,14.6,Low,Unhealthy,Yes,Underweight
63,M,175.3,106.9,34.79,Moderate,Moderate,No,Obese Type I
18,M,169.2,61.5,21.46,Moderate,Healthy,No,Normal
53,F,150.3,52.6,23.27,Moderate,Moderate,Yes,Normal
38,M,158.9,50.6,20.03,Low,Moderate,No,Normal
54,F,189.5,79.1,22.04,Moderate,Moderate,No,Normal
41,M,172.5,111.6,37.5,Low,Moderate,No,Obese Type II
42,F,165.7,45.2,16.48,Low,Moderate,Yes,Underweight
24,M,148.6,67.7,30.65,Moderate,Healthy,Yes,Obese Type I
59,M,180.7,48.4,14.83,Low,Moderate,No,Underweight
34,F,180.1,106.8,32.9,Low,Healthy,Yes,Obese Type I
46,F,175.7,81.0,26.22,Low,Healthy,Yes,Overweight
47,F,170.5,71.8,24.68,Moderate,Moderate,No,Normal
24,F,166.7,67.4,24.27,Moderate,Healthy,Yes,Normal
50,F,174.7,78.1,25.6,Low,Unhealthy,No,Overweight
24,F,156.7,72.8,29.65,Low,Moderate,No,Overweight
41,M,192.1,107.8,29.23,Moderate,Moderate,No,Overweight
28,F,174.4,67.4,22.15,High,Moderate,No,Normal
26,M,160.6,101.9,39.51,Moderate,Healthy,No,Obese Type II
29,M,167.5,78.9,28.13,High,Unhealthy,No,Overweight
52,F,185.3,51.9,15.11,Moderate,Unhealthy,No,Underweight
21,M,153.1,44.8,19.1,Moderate,Healthy,Yes,Normal
53,F,159.6,52.4,20.56,High,Unhealthy,No,Normal
45,F,179.0,153.8,48.02,Moderate,Unhealthy,No,Obese Type III
30,M,160.8,77.1,29.84,High,Moderate,No,Overweight
40,M,184.6,73.4,21.55,Moderate,Moderate,No,Normal
36,F,151.5,58.0,25.27,High,Moderate,Yes,Overweight
59,F,183.1,102.3,30.49,Moderate,Healthy,Yes,Obese Type I
54,M,148.4,43.0,19.52,High,Unhealthy,Yes,Normal
56,M,145.6,102.2,48.2,Low,Healthy,Yes,Obese Type III
41,M,189.9,118.0,32.72,Moderate,Unhealthy,Yes,Obese Type I
33,M,174.1,68.1,22.47,High,Unhealthy,No,Normal
50,F,162.6,68.0,25.71,Low,Moderate,No,Overweight
29,F,156.6,75.2,30.63,Moderate,Unhealthy,Yes,Obese Type I
51,F,175.8,73.4,23.73,High,Moderate,No,Normal
24,F,170.5,96.1,33.09,Low,Moderate,Yes,Obese Type I
28,M,194.6,102.0,26.94,Moderate,Unhealthy,No,Overweight
48,M,194.2,126.8,33.63,Moderate,Healthy,No,Obese Type I
46,F,176.8,92.9,29.75,Moderate,Moderate,No,Overweight
30,F,167.1,125.6,44.95,Low,Healthy,Yes,Obese Type III
48,F,169.6,108.3,37.66,Low,Healthy,No,Obese Type II
19,F,179.1,81.1,25.27,Low,Unhealthy,No,Overweight
56,F,150.1,66.2,29.41,Low,Moderate,No,Overweight
32,F,161.4,88.2,33.85,Low,Moderate,No,Obese Type I
28,F,148.8,46.0,20.79,Moderate,Healthy,Yes,Normal
51,F,148.7,45.4,20.52,Moderate,Healthy,Yes,Normal
56,F,154.8,64.2,26.79,Moderate,Moderate,Yes,Overweight
21,M,169.3,77.8,27.15,Low,Unhealthy,No,Overweight
28,F,184.2,64.9,19.11,Moderate,Moderate,No,Normal
46,M,169.3,100.4,35.06,Low,Healthy,Yes,Obese Type II
19,M,161.8,46.2,17.64,High,Moderate,Yes,Underweight
33,F,149.1,108.3,48.73,Moderate,Healthy,No,Obese Type III
56,F,172.5,44.6,15.0,High,Moderate,No,Underweight
30,M,158.6,125.0,49.7,Low,Unhealthy,Yes,Obese Type III
54,M,175.7,80.8,26.16,Moderate,Healthy,Yes,Overweight
34,F,193.9,53.0,14.09,Moderate,Healthy,No,Underweight
38,M,150.6,56.9,25.11,High,Unhealthy,Yes,Overweight
61,F,155.6,102.2,42.2,Moderate,Unhealthy,No,Obese Type III
36,F,168.7,87.5,30.76,Moderate,Moderate,No,Obese Type I
24,F,193.4,95.0,25.39,Low,Moderate,No,Overweight
55,M,183.6,110.8,32.87,Moderate,Moderate,No,Obese Type I
25,M,189.9,64.0,17.73,Low,Unhealthy,Yes,Underweight
30,F,161.7,77.2,29.52,Low,Moderate,No,Overweight
54,M,194.6,193.3,51.05,Low,Moderate,No,Obese Type III
19,M,150.1,32.8,14.53,High,Moderate,Yes,Underweight
58,M,147.6,100.0,45.85,Low,Moderate,Yes,Obese Type III
28,M,187.8,82.6,23.43,High,Healthy,No,Normal
41,M,191.4,84.8,23.15,High,Moderate,No,Normal
23,M,149.5,86.8,38.84,High,Moderate,Yes,Obese Type II
43,M,150.7,47.8,21.07,High,Moderate,Yes,Normal
24,F,146.7,58.9,27.41,High,Moderate,No,Overweight
56,M,150.2,48.3,21.4,Low,Moderate,Yes,Normal
36,M,155.5,66.7,27.61,Low,Moderate,No,Overweight
23,M,193.5,140.5,37.53,Moderate,Moderate,No,Obese Type II
60,M,178.4,72.4,22.74,Moderate,Healthy,No,Normal
46,M,183.9,106.8,31.56,Low,Healthy,No,Obese Type I
60,M,183.8,86.9,25.72,Moderate,Moderate,No,Overweight
56,M,171.8,71.7,24.32,Moderate,Healthy,No,Normal
19,M,184.9,160.3,46.9,High,Healthy,Yes,Obese Type III
36,F,174.8,104.4,34.18,Moderate,Healthy,No,Obese Type I
21,M,160.7,118.5,45.88,Moderate,Unhealthy,No,Obese Type III
23,M,173.1,81.0,27.04,Moderate,Moderate,No,Overweight
54,M,171.7,46.7,15.86,Moderate,Moderate,No,Underweight
45,M,186.2,117.7,33.94,High,Moderate,No,Obese Type I
47,F,194.1,132.8,35.25,Low,Unhealthy,Yes,Obese Type II
24,F,165.6,70.0,25.53,Moderate,Moderate,No,Overweight
26,F,183.2,81.4,24.26,Moderate,Moderate,Yes,Normal
42,F,150.0,64.6,28.72,Moderate,Healthy,No,Overweight
50,F,183.8,53.5,15.83,Low,Moderate,Yes,Underweight
18,F,163.6,82.0,30.65,Low,Unhealthy,Yes,Obese Type I
23,F,147.0,40.9,18.91,Low,Unhealthy,No,Normal
35,F,163.2,92.5,34.76,Low,Moderate,No,Obese Type I
27,F,175.5,122.6,39.78,High,Moderate,No,Obese Type II
45,F,151.0,89.3,39.19,Moderate,Moderate,Yes,Obese Type II
28,F,191.2,100.7,27.54,Low,Moderate,No,Overweight
50,F,148.9,64.3,29.01,Low,Healthy,No,Overweight
18,F,191.5,69.2,18.86,Low,Unhealthy,No,Normal
30,F,180.4,130.3,40.05,High,Moderate,No,Obese Type III
54,F,161.5,127.1,48.75,Moderate,Healthy,No,Obese Type III
37,F,164.5,62.2,22.97,High,Healthy,Yes,Normal
18,M,182.0,120.0,36.2,Low,Unhealthy,No,Obese Type II
20,F,175.1,104.0,33.94,High,Unhealthy,No,Obese Type I
35,M,178.6,59.9,18.77,Low,Unhealthy,No,Normal
58,F,164.5,53.5,19.78,Low,Healthy,Yes,Normal
31,F,169.4,49.3,17.19,Low,Moderate,No,Underweight
48,M,194.5,91.4,24.16,Moderate,Moderate,No,Normal
44,F,155.7,51.9,21.4,Low,Unhealthy,Yes,Normal
34,M,165.9,80.6,29.3,Moderate,Unhealthy,Yes,Overweight
63,M,159.6,68.3,26.83,High,Moderate,No,Overweight
46,M,183.3,122.6,36.52,Low,Moderate,No,Obese Type II
53,F,183.2,53.6,15.96,Low,Moderate,No,Underweight
54,F,159.6,76.8,30.15,High,Unhealthy,No,Obese Type I
43,F,149.1,62.0,27.91,Moderate,Moderate,No,Overweight
34,M,145.6,92.0,43.44,High,Healthy,No,Obese Type III
39,M,166.4,59.0,21.32,Low,Unhealthy,Yes,Normal
42,F,165.5,63.6,23.21,Low,Healthy,Yes,Normal
19,F,194.4,108.6,28.72,Low,Unhealthy,No,Overweight
39,F,168.5,112.2,39.52,High,Unhealthy,No,Obese Type II
22,F,157.8,74.3,29.83,High,Moderate,No,Overweight
21,F,189.6,82.9,23.07,High,Healthy,No,Normal
53,M,169.6,83.4,29.0,Moderate,Moderate,No,Overweight
23,M,175.0,88.3,28.84,High,Moderate,Yes,Overweight
38,M,149.8,109.5,48.79,Moderate,Moderate,No,Obese Type III
30,F,164.1,81.7,30.33,Moderate,Unhealthy,No,Obese Type I
54,M,192.2,91.4,24.74,High,Unhealthy,No,Normal
42,M,174.5,99.7,32.75,Low,Healthy,No,Obese Type I
43,M,162.2,49.4,18.78,Low,Unhealthy,No,Normal
56,M,176.3,67.4,21.69,Low,Moderate,Yes,Normal
37,M,190.5,71.2,19.61,Moderate,Healthy,Yes,Normal
50,F,158.7,70.2,27.87,Low,Unhealthy,Yes,Overweight
31,M,170.3,64.5,22.26,Low,Moderate,No,Normal
53,F,192.9,170.0,45.68,High,Unhealthy,Yes,Obese Type III
34,F,153.6,93.3,39.54,Low,Unhealthy,Yes,Obese Type II
38,F,181.0,47.2,14.42,Low,Unhealthy,No,Underweight
63,F,175.7,86.1,27.88,Moderate,Moderate,No,Overweight
33,F,179.0,85.2,26.6,High,Moderate,Yes,Overweight
63,M,162.6,66.1,25.01,Low,Moderate,No,Overweight
33,M,160.7,110.5,42.78,Moderate,Healthy,No,Obese Type III
37,F,179.2,132.7,41.31,Low,Unhealthy,No,Obese Type III
46,F,155.8,48.5,20.0,Moderate,Moderate,No,Normal
45,F,166.0,110.4,40.06,Low,Moderate,Yes,Obese Type III
25,M,154.4,69.8,29.26,Low,Unhealthy,Yes,Overweight
41,F,145.4,67.2,31.78,Moderate,Unhealthy,Yes,Obese Type I
20,M,193.5,189.9,50.72,High,Moderate,Yes,Obese Type III
42,F,166.6,77.2,27.81,Moderate,Healthy,No,Overweight
36,M,193.5,193.9,51.79,High,Healthy,Yes,Obese Type III
50,F,152.0,67.4,29.15,Moderate,Unhealthy,No,Overweight
19,M,174.4,63.5,20.88,Low,Healthy,No,Normal
32,F,155.0,47.7,19.84,Low,Healthy,Yes,Normal
39,M,184.5,110.6,32.5,High,Moderate,Yes,Obese Type I
27,M,184.2,71.5,21.08,Moderate,Unhealthy,Yes,Normal
35,M,150.6,56.3,24.82,High,Healthy,Yes,Normal
39,M,190.6,134.1,36.9,Low,Moderate,No,Obese Type II
63,M,154.7,105.6,44.11,Low,Healthy,No,Obese Type III
44,M,175.6,107.2,34.74,Low,Moderate,No,Obese Type I
30,M,194.3,86.3,22.85,Low,Moderate,No,Normal
50,F,189.1,72.3,20.2,Low,Unhealthy,Yes,Normal
22,F,192.8,110.8,29.8,Moderate,Healthy,No,Overweight
43,F,162.1,77.8,29.59,Moderate,Unhealthy,No,Overweight
30,F,150.3,97.2,43.05,Low,Unhealthy,Yes,Obese Type III
44,F,154.4,67.1,28.15,Low,Moderate,No,Overweight
31,M,170.0,73.6,25.47,Moderate,Moderate,Yes,Overweight
41,M,184.7,167.2,49.03,Moderate,Unhealthy,No,Obese Type III
20,M,152.5,65.2,28.03,Moderate,Moderate,No,Overweight
64,M,178.0,51.3,16.18,Moderate,Moderate,No,Underweight
47,M,161.2,131.9,50.76,High,Moderate,No,Obese Type III
52,F,162.1,57.5,21.9,Moderate,Unhealthy,No,Normal
31,F,178.1,100.4,31.67,High,Moderate,No,Obese Type I
29,F,168.3,46.0,16.22,Moderate,Unhealthy,No,Underweight
45,F,185.6,86.2,25.03,Low,Unhealthy,Yes,Overweight
61,M,152.8,34.8,14.91,Low,Moderate,No,Underweight
46,M,184.5,74.8,21.96,Moderate,Moderate,No,Normal
60,M,148.2,44.5,20.27,Moderate,Unhealthy,No,Normal
34,F,154.7,85.5,35.71,Moderate,Moderate,Yes,Obese Type II
57,M,177.8,93.8,29.67,Low,Unhealthy,Yes,Overweight
38,F,187.7,100.5,28.51,Moderate,Unhealthy,Yes,Overweight
40,M,157.6,62.4,25.1,Moderate,Moderate,Yes,Overweight
37,M,161.4,73.2,28.1,Moderate,Moderate,Yes,Overweight
28,F,171.9,63.4,21.46,Moderate,Moderate,Yes,Normal
51,M,155.6,102.8,42.46,High,Moderate,Yes,Obese Type III
27,M,185.6,93.9,27.26,Moderate,Moderate,Yes,Overweight
27,F,183.7,131.7,39.04,Low,Moderate,No,Obese Type II
60,M,152.3,73.7,31.79,High,Unhealthy,No,Obese Type I
23,F,168.2,44.0,15.54,Low,Unhealthy,No,Underweight
53,M,183.7,112.9,33.44,Moderate,Moderate,No,Obese Type I
41,M,161.9,119.1,45.44,Low,Moderate,Yes,Obese Type III
29,M,176.7,86.3,27.64,Low,Moderate,No,Overweight
60,M,147.5,46.7,21.45,Low,Unhealthy,No,Normal
40,M,175.4,91.3,29.66,Low,Moderate,Yes,Overweight
44,M,152.6,57.7,24.77,Low,Healthy,Yes,Normal
62,M,186.5,91.1,26.19,Low,Moderate,No,Overweight
54,M,162.8,51.4,19.41,Moderate,Moderate,Yes,Normal
23,F,159.1,63.5,25.11,Moderate,Unhealthy,No,Overweight
18,F,187.0,104.4,29.84,High,Unhealthy,No,Overweight
23,M,147.5,73.4,33.72,High,Unhealthy,Yes,Obese Type I
39,M,164.8,58.5,21.53,Moderate,Moderate,Yes,Normal
58,F,163.5,64.8,24.22,High,Healthy,No,Normal
41,M,159.2,54.4,21.44,Moderate,Healthy,Yes,Normal
42,M,190.6,100.0,27.52,Moderate,Moderate,No,Overweight
32,F,182.5,120.4,36.13,Moderate,Healthy,Yes,Obese Type II
43,M,148.2,51.8,23.57,Low,Moderate,No,Normal
25,M,180.7,88.1,26.97,Moderate,Moderate,Yes,Overweight
41,F,171.4,50.8,17.31,Moderate,Unhealthy,No,Underweight
55,M,190.0,171.3,47.44,Low,Moderate,Yes,Obese Type III
23,M,160.6,96.9,37.53,Low,Unhealthy,Yes,Obese Type II
52,F,173.7,56.1,18.59,Low,Moderate,No,Normal
59,M,170.0,93.7,32.42,High,Healthy,Yes,Obese Type I
18,F,169.5,95.9,33.4,High,Unhealthy,Yes,Obese Type I
63,M,167.8,129.9,46.12,Low,Unhealthy,Yes,Obese Type III
53,M,155.3,63.7,26.41,Low,Unhealthy,No,Overweight
29,F,182.8,97.8,29.28,Low,Moderate,No,Overweight
55,F,167.6,51.4,18.3,High,Unhealthy,No,Underweight
28,M,192.9,175.6,47.17,Low,Moderate,Yes,Obese Type III
29,F,158.0,49.8,19.93,High,Moderate,Yes,Normal
59,F,179.1,60.4,18.82,Moderate,Moderate,Yes,Normal
56,M,192.0,93.2,25.28,High,Unhealthy,No,Overweight
24,M,178.2,101.0,31.82,Moderate,Healthy,No,Obese Type I
28,M,188.6,78.2,21.99,Moderate,Moderate,No,Normal
53,F,186.4,167.9,48.34,Moderate,Moderate,No,Obese Type III
48,F,163.0,76.5,28.81,High,Moderate,No,Overweight
50,F,175.0,105.3,34.37,High,Moderate,Yes,Obese Type I
30,F,152.8,56.0,24.0,Moderate,Unhealthy,Yes,Normal
35,M,171.8,72.4,24.52,Moderate,Moderate,Yes,Normal
58,F,156.5,59.9,24.43,High,Moderate,Yes,Normal
41,M,182.2,138.6,41.75,High,Moderate,No,Obese Type III
26,F,171.4,120.5,41.03,Moderate,Unhealthy,No,Obese Type III
48,M,165.6,58.5,21.34,Low,Unhealthy,No,Normal
58,M,158.4,115.1,45.86,Low,Moderate,Yes,Obese Type III
27,M,194.9,107.9,28.4,High,Unhealthy,No,Overweight
19,F,148.6,109.1,49.4,Low,Healthy,Yes,Obese Type III
55,M,147.2,44.3,20.44,Low,Unhealthy,No,Normal
32,M,155.9,40.9,16.84,Low,Moderate,No,Underweight
20,F,193.6,75.5,20.15,Moderate,Moderate,Yes,Normal
60,M,194.0,137.7,36.6,Moderate,Healthy,Yes,Obese Type II
48,F,177.7,85.1,26.95,Low,Moderate,No,Overweight
23,F,189.0,55.7,15.6,Low,Unhealthy,No,Underweight
20,M,155.7,71.2,29.39,Moderate,Unhealthy,Yes,Overweight
28,M,193.6,78.4,20.93,High,Moderate,No,Normal
32,F,152.1,78.0,33.72,Low,Moderate,No,Obese Type I
62,M,150.1,78.1,34.67,Low,Moderate,Yes,Obese Type I
45,F,150.6,72.6,32.0,Moderate,Unhealthy,Yes,Obese Type I
27,F,173.7,113.1,37.49,High,Healthy,No,Obese Type II
55,F,184.0,69.2,20.44,Moderate,Unhealthy,Yes,Normal
64,M,163.3,51.8,19.43,Moderate,Moderate,Yes,Normal
24,F,193.9,71.1,18.9,High,Healthy,No,Normal
32,M,166.7,110.0,39.56,Low,Moderate,No,Obese Type II
35,M,152.5,67.7,29.12,Low,Moderate,Yes,Overweight
35,M,168.3,68.7,24.27,Moderate,Unhealthy,Yes,Normal
58,M,179.0,81.1,25.33,High,Healthy,No,Overweight
41,F,186.6,71.3,20.48,Moderate,Unhealthy,No,Normal
19,M,167.9,43.3,15.36,High,Moderate,No,Underweight
57,F,174.7,45.9,15.04,Moderate,Healthy,No,Underweight
37,F,158.4,62.4,24.86,Moderate,Unhealthy,No,Normal
51,M,177.3,63.0,20.03,Low,Moderate,No,Normal
60,F,194.3,129.2,34.21,Low,Healthy,No,Obese Type I
43,F,147.5,52.4,24.1,Moderate,Moderate,Yes,Normal
24,M,189.3,70.8,19.76,Low,Moderate,Yes,Normal
55,F,173.1,67.1,22.4,Low,Healthy,Yes,Normal
47,F,157.6,56.6,22.81,High,Moderate,Yes,Normal
59,F,192.7,85.4,22.99,High,Moderate,Yes,Normal
22,F,169.2,61.3,21.42,Low,Moderate,Yes,Normal
28,M,161.6,74.1,28.36,Moderate,Unhealthy,Yes,Overweight
18,F,154.1,56.6,23.85,Low,Unhealthy,Yes,Normal
51,F,157.2,77.0,31.15,Low,Unhealthy,Yes,Obese Type I
18,F,186.6,167.1,47.98,Moderate,Unhealthy,Yes,Obese Type III
36,F,175.7,79.6,25.77,Moderate,Unhealthy,No,Overweight
19,M,190.7,93.8,25.81,Low,Moderate,Yes,Overweight
38,F,156.6,66.2,27.0,Low,Unhealthy,No,Overweight
37,M,151.1,70.6,30.94,Low,Healthy,Yes,Obese Type I
40,F,145.3,77.3,36.6,High,Moderate,No,Obese Type II
38,M,170.4,83.6,28.78,Moderate,Moderate,Yes,Overweight
41,M,194.9,100.7,26.51,Moderate,Moderate,No,Overweight
21,M,179.7,66.1,20.46,Low,Unhealthy,Yes,Normal
29,M,160.4,68.5,26.63,Moderate,Moderate,No,Overweight
39,M,188.8,117.1,32.84,Moderate,Moderate,Yes,Obese Type I
37,F,184.1,69.4,20.49,High,Moderate,No,Normal
35,F,145.8,44.6,21.0,Low,Unhealthy,Yes,Normal
18,F,185.8,94.9,27.48,High,Moderate,Yes,Overweight
47,M,160.0,79.2,30.93,Moderate,Moderate,No,Obese Type I
50,F,152.5,102.6,44.11,Low,Moderate,No,Obese Type III
41,M,156.3,55.9,22.89,Low,Unhealthy,No,Normal
31,M,168.4,104.6,36.85,Moderate,Moderate,Yes,Obese Type II
53,F,166.2,94.9,34.33,High,Moderate,No,Obese Type I
22,F,159.4,76.7,30.17,Moderate,Moderate,No,Obese Type I
28,M,153.6,91.5,38.79,Moderate,Moderate,No,Obese Type II
41,M,183.1,113.1,33.72,Low,Unhealthy,No,Obese Type I
48,F,194.5,170.9,45.17,Low,Unhealthy,Yes,Obese Type III
30,F,183.9,54.2,16.03,Moderate,Unhealthy,Yes,Underweight
33,F,159.8,39.1,15.29,Moderate,Unhealthy,No,Underweight
41,F,157.2,65.6,26.52,Moderate,Unhealthy,No,Overweight
30,M,155.9,82.7,34.03,Low,Unhealthy,No,Obese Type I
41,F,151.8,67.8,29.41,Low,Unhealthy,No,Overweight
43,F,172.6,52.7,17.7,Low,Moderate,No,Underweight
19,F,175.3,112.4,36.58,High,Healthy,Yes,Obese Type II
33,M,180.3,66.5,20.45,Moderate,Moderate,Yes,Normal
55,M,179.0,125.2,39.08,Low,Moderate,Yes,Obese Type II
63,M,159.6,56.8,22.29,Low,Healthy,No,Normal
18,M,161.5,56.1,21.5,Low,Moderate,Yes,Normal
28,F,179.1,134.4,41.91,Moderate,Unhealthy,Yes,Obese Type III
52,M,162.5,131.7,49.89,Moderate,Moderate,Yes,Obese Type III
60,F,155.6,102.1,42.15,High,Moderate,Yes,Obese Type III
46,F,163.7,49.9,18.61,Moderate,Moderate,Yes,Normal
54,F,158.6,83.4,33.16,Low,Healthy,Yes,Obese Type I
34,F,149.4,52.6,23.56,Moderate,Moderate,Yes,Normal
56,M,186.5,67.4,19.36,Moderate,Healthy,No,Normal
59,M,187.7,89.6,25.45,Low,Moderate,No,Overweight
45,M,156.0,50.8,20.88,High,Moderate,No,Normal
46,F,148.2,85.4,38.88,High,Moderate,No,Obese Type II
60,F,181.9,94.5,28.55,Moderate,Moderate,No,Overweight
20,F,155.6,64.6,26.67,Moderate,Unhealthy,No,Overweight
27,F,164.7,90.4,33.35,Moderate,Moderate,No,Obese Type I
59,F,148.2,61.6,28.03,Moderate,Moderate,Yes,Overweight
31,M,156.3,77.9,31.88,Low,Moderate,No,Obese Type I
29,F,184.6,122.0,35.8,Low,Unhealthy,Yes,Obese Type II
64,M,185.2,125.8,36.68,Low,Unhealthy,Yes,Obese Type II
59,F,155.4,53.9,22.34,Moderate,Moderate,Yes,Normal
47,F,161.8,62.1,23.72,Moderate,Healthy,No,Normal
49,M,151.7,65.1,28.28,Moderate,Moderate,No,Overweight
49,M,148.7,43.9,19.84,Moderate,Moderate,Yes,Normal
59,F,194.6,84.8,22.38,Low,Unhealthy,No,Normal
49,F,177.8,103.8,32.83,Moderate,Moderate,Yes,Obese Type I
43,F,172.1,143.0,48.29,Moderate,Moderate,Yes,Obese Type III
18,F,183.3,139.1,41.42,Low,Moderate,Yes,Obese Type III
59,M,187.0,53.7,15.37,Low,Healthy,No,Underweight
19,F,185.3,75.1,21.87,High,Healthy,Yes,Normal
34,M,145.8,59.2,27.82,Moderate,Unhealthy,Yes,Overweight
47,F,154.3,82.8,34.76,Low,Moderate,No,Obese Type I
56,M,177.7,112.4,35.58,High,Unhealthy,No,Obese Type II
24,M,163.8,54.0,20.14,Moderate,Unhealthy,Yes,Normal
44,F,194.1,82.9,21.99,Low,Unhealthy,No,Normal
26,M,178.3,83.0,26.11,Low,Moderate,Yes,Overweight
39,F,192.8,124.9,33.59,Low,Moderate,No,Obese Type I
51,M,155.1,37.9,15.74,Moderate,Moderate,No,Underweight
63,F,188.2,133.0,37.55,Moderate,Healthy,Yes,Obese Type II
18,M,161.1,52.2,20.12,Low,Unhealthy,Yes,Normal
26,F,194.5,72.4,19.14,Moderate,Moderate,Yes,Normal
37,F,152.9,82.8,35.42,Low,Moderate,No,Obese Type II
36,M,170.8,54.8,18.79,Low,Unhealthy,No,Normal
53,M,184.6,102.9,30.19,Moderate,Healthy,No,Obese Type I
57,M,166.6,61.6,22.17,Low,Moderate,No,Normal
62,M,168.4,74.8,26.38,Moderate,Healthy,No,Overweight
21,F,194.3,89.1,23.61,High,Moderate,Yes,Normal
26,M,166.3,122.1,44.18,Low,Unhealthy,No,Obese Type III
58,F,175.2,43.5,14.16,Low,Unhealthy,Yes,Underweight
39,M,147.7,71.4,32.71,Low,Healthy,No,Obese Type I
35,F,187.1,117.0,33.42,Moderate,Unhealthy,No,Obese Type I
29,F,177.4,159.4,50.63,Moderate,Healthy,Yes,Obese Type III
59,F,165.2,88.2,32.33,Moderate,Moderate,No,Obese Type I
60,F,145.8,46.2,21.74,Moderate,Unhealthy,Yes,Normal
56,M,174.6,85.3,27.99,Low,Moderate,Yes,Overweight
26,M,145.6,48.1,22.7,Low,Unhealthy,No,Normal
23,F,145.1,59.0,28.04,Low,Unhealthy,No,Overweight
36,M,175.8,65.8,21.28,Moderate,Healthy,Yes,Normal
64,M,154.5,57.5,24.1,Low,Moderate,Yes,Normal
24,F,154.6,62.4,26.1,Moderate,Moderate,Yes,Overweight
33,M,177.7,53.6,16.97,Moderate,Unhealthy,No,Underweight
22,M,147.7,54.2,24.83,Low,Unhealthy,No,Normal
33,M,160.7,68.2,26.42,Moderate,Moderate,No,Overweight
18,F,152.5,72.9,31.35,High,Moderate,No,Obese Type I
54,M,174.0,110.5,36.51,Low,Moderate,No,Obese Type II
56,F,178.1,149.9,47.26,Low,Moderate,Yes,Obese Type III
36,M,181.1,115.9,35.36,Moderate,Moderate,No,Obese Type II
54,M,157.8,57.8,23.22,Moderate,Unhealthy,No,Normal
34,M,149.5,69.1,30.95,Low,Unhealthy,Yes,Obese Type I
43,F,148.9,44.8,20.19,High,Unhealthy,Yes,Normal
39,F,166.3,73.8,26.69,Moderate,Moderate,No,Overweight
25,M,192.3,73.3,19.83,High,Moderate,Yes,Normal
50,F,155.9,63.1,25.96,Low,Unhealthy,No,Overweight
19,M,157.8,104.3,41.85,High,Unhealthy,No,Obese Type III
47,F,150.0,101.6,45.14,Low,Moderate,No,Obese Type III
64,F,175.3,61.4,19.98,Low,Healthy,No,Normal
37,M,179.0,90.9,28.36,High,Moderate,No,Overweight
35,M,177.1,79.3,25.27,Low,Unhealthy,Yes,Overweight
60,M,188.1,183.1,51.76,High,Moderate,No,Obese Type III
27,M,169.3,80.3,28.01,Moderate,Moderate,Yes,Overweight
41,F,151.7,61.2,26.58,High,Unhealthy,No,Overweight
21,F,159.5,40.7,16.01,Moderate,Moderate,No,Underweight
54,F,178.1,111.3,35.08,Moderate,Moderate,Yes,Obese Type II
21,M,175.7,90.5,29.32,Low,Unhealthy,No,Overweight
30,M,171.6,57.9,19.67,Moderate,Healthy,No,Normal
42,F,179.1,100.3,31.25,Moderate,Healthy,No,Obese Type I
30,M,176.9,65.4,20.92,Moderate,Moderate,No,Normal
35,F,189.1,86.1,24.09,Low,Unhealthy,No,Normal
41,F,174.3,82.0,26.99,Moderate,Moderate,No,Overweight
19,F,183.9,100.4,29.67,Moderate,Unhealthy,Yes,Overweight
50,F,157.4,49.1,19.83,Low,Unhealthy,Yes,Normal
36,F,178.9,164.8,51.49,Moderate,Moderate,Yes,Obese Type III
26,M,190.1,70.2,19.43,High,Moderate,Yes,Normal
45,M,164.3,68.1,25.24,Low,Unhealthy,Yes,Overweight
52,M,184.0,102.8,30.38,Moderate,Moderate,No,Obese Type I
56,F,181.2,53.0,16.13,High,Unhealthy,No,Underweight
27,F,148.0,98.8,45.12,Low,Healthy,No,Obese Type III
18,F,174.1,75.4,24.89,Moderate,Healthy,Yes,Normal
59,F,151.5,61.6,26.84,Moderate,Moderate,No,Overweight
38,M,193.4,73.8,19.75,Moderate,Moderate,No,Normal
26,M,185.6,93.5,27.15,Moderate,Unhealthy,No,Overweight
64,F,150.5,44.2,19.53,Moderate,Moderate,No,Normal
32,F,151.1,49.7,21.76,Low,Healthy,No,Normal
52,F,174.7,44.8,14.68,Moderate,Unhealthy,Yes,Underweight
22,M,162.2,122.4,46.51,Moderate,Moderate,No,Obese Type III
58,M,146.7,36.7,17.05,Low,Moderate,No,Underweight
39,M,172.1,51.1,17.25,Low,Moderate,No,Underweight
58,F,164.4,89.7,33.19,High,Moderate,No,Obese Type I
40,F,150.1,68.5,30.43,Moderate,Healthy,No,Obese Type I
24,M,185.1,105.1,30.67,Moderate,Unhealthy,No,Obese Type I
40,F,190.8,89.3,24.53,High,Moderate,No,Normal
61,M,182.8,99.4,29.74,Moderate,Healthy,No,Overweight
42,F,186.1,55.8,16.1,High,Moderate,No,Underweight
44,M,155.8,40.7,16.77,High,Healthy,No,Underweight
58,F,158.2,37.0,14.77,Moderate,Unhealthy,Yes,Underweight
23,M,155.4,56.3,23.29,Moderate,Healthy,No,Normal
51,M,183.3,80.3,23.92,Moderate,Unhealthy,Yes,Normal
26,M,192.4,69.3,18.73,High,Healthy,No,Normal
50,M,180.8,81.0,24.77,Moderate,Unhealthy,Yes,Normal
23,M,189.1,68.5,19.15,Low,Moderate,Yes,Normal
54,M,176.9,98.7,31.53,Low,Moderate,Yes,Obese Type I
48,F,164.4,83.7,30.98,Low,Moderate,No,Obese Type I
51,F,166.3,72.7,26.3,High,Unhealthy,No,Overweight
58,F,148.8,63.7,28.77,High,Healthy,No,Overweight
46,M,146.6,69.9,32.53,Moderate,Moderate,No,Obese Type I
31,M,179.8,139.5,43.17,Moderate,Moderate,No,Obese Type III
53,F,166.9,62.5,22.43,High,Unhealthy,Yes,Normal
53,M,172.6,75.2,25.23,Low,Healthy,No,Overweight
32,M,172.9,80.2,26.83,Low,Moderate,No,Overweight
25,M,158.9,85.7,33.96,Moderate,Healthy,No,Obese Type I
43,M,168.8,71.3,25.01,High,Moderate,Yes,Overweight
53,M,168.5,81.4,28.67,Moderate,Unhealthy,No,Overweight
38,F,164.4,58.1,21.47,Low,Moderate,Yes,Normal
45,F,186.0,150.8,43.58,Low,Moderate,Yes,Obese Type III
21,F,167.6,55.7,19.85,Moderate,Moderate,Yes,Normal
33,F,175.2,91.0,29.65,High,Moderate,Yes,Overweight
39,F,189.8,95.4,26.49,Moderate,Unhealthy,No,Overweight
29,M,188.3,99.5,28.06,Moderate,Moderate,No,Overweight
33,M,189.5,92.6,25.78,Low,Healthy,Yes,Overweight
57,M,158.5,68.1,27.11,High,Unhealthy,No,Overweight
55,M,146.7,35.3,16.37,Low,Unhealthy,No,Underweight
59,F,158.1,110.4,44.2,Low,Moderate,No,Obese Type III
54,F,158.9,104.0,41.15,High,Moderate,No,Obese Type III
46,F,190.5,110.9,30.56,High,Moderate,No,Obese Type I
35,M,177.5,69.8,22.15,Moderate,Moderate,No,Normal
27,F,149.1,64.0,28.8,Moderate,Healthy,Yes,Overweight
59,M,151.8,64.3,27.91,Low,Healthy,Yes,Overweight
56,F,152.8,106.0,45.43,Low,Moderate,Yes,Obese Type III
35,F,176.5,60.9,19.54,Low,Unhealthy,No,Normal
18,M,181.8,76.2,23.06,Moderate,Unhealthy,No,Normal
56,M,188.0,51.5,14.57,Low,Healthy,No,Underweight
38,F,192.0,82.0,22.25,High,Moderate,Yes,Normal
18,F,155.1,47.1,19.56,Low,Moderate,No,Normal
32,M,160.5,74.0,28.73,Moderate,Moderate,No,Overweight
21,F,157.0,54.7,22.2,Moderate,Unhealthy,No,Normal
37,F,162.9,48.1,18.11,Moderate,Moderate,Yes,Underweight
27,M,190.7,90.5,24.88,Low,Unhealthy,No,Normal
40,F,173.8,149.0,49.35,High,Moderate,No,Obese Type III
58,M,181.9,54.2,16.39,Moderate,Moderate,No,Underweight
51,F,169.5,51.5,17.94,Moderate,Unhealthy,Yes,Underweight
63,M,146.4,74.6,34.76,Moderate,Moderate,Yes,Obese Type I
50,F,148.2,60.5,27.56,Low,Healthy,No,Overweight
51,M,171.9,79.5,26.89,Moderate,Moderate,No,Overweight
56,F,180.9,92.0,28.11,Moderate,Moderate,Yes,Overweight
27,M,155.8,114.4,47.15,High,Moderate,No,Obese Type III
37,F,181.1,128.6,39.23,High,Healthy,Yes,Obese Type II
18,F,185.5,91.9,26.7,Low,Moderate,No,Overweight
30,F,165.6,74.5,27.18,Low,Healthy,No,Overweight
18,F,182.3,52.1,15.66,Low,Moderate,Yes,Underweight
22,F,165.2,110.8,40.58,High,Healthy,Yes,Obese Type III
33,F,178.9,109.2,34.12,Low,Healthy,No,Obese Type I
32,F,183.2,93.3,27.79,Moderate,Moderate,No,Overweight
45,F,194.6,121.6,32.1,Moderate,Unhealthy,Yes,Obese Type I
48,F,162.3,48.0,18.23,Moderate,Unhealthy,No,Underweight
40,M,165.6,77.5,28.26,Low,Unhealthy,No,Overweight
62,M,153.3,59.4,25.27,Low,Unhealthy,No,Overweight
60,F,155.2,119.3,49.51,Moderate,Unhealthy,No,Obese Type III
34,M,179.7,80.0,24.78,Low,Moderate,No,Normal
51,F,190.9,117.7,32.31,Low,Unhealthy,No,Obese Type I
30,F,164.7,69.3,25.52,Low,Moderate,No,Overweight
31,M,154.0,60.1,25.36,Moderate,Healthy,No,Overweight
28,F,159.3,70.3,27.71,Low,Moderate,Yes,Overweight
45,F,167.8,108.5,38.55,Low,Healthy,No,Obese Type II
59,M,159.5,61.6,24.19,Low,Unhealthy,Yes,Normal
49,M,156.7,68.7,27.97,Low,Moderate,No,Overweight
52,F,181.8,79.3,23.99,Moderate,Moderate,No,Normal
48,M,145.4,104.2,49.3,Low,Moderate,Yes,Obese Type III
34,M,172.0,129.0,43.63,Moderate,Moderate,Yes,Obese Type III
64,F,184.7,127.6,37.4,Low,Unhealthy,Yes,Obese Type II
26,M,158.3,57.1,22.78,High,Unhealthy,Yes,Normal
27,M,175.2,96.4,31.41,Low,Moderate,No,Obese Type I
25,F,178.4,47.4,14.88,High,Moderate,No,Underweight
38,M,177.8,61.8,19.57,High,Moderate,Yes,Normal
30,M,167.3,58.8,21.0,Moderate,Unhealthy,Yes,Normal
22,F,162.3,129.6,49.17,High,Moderate,No,Obese Type III
23,F,186.8,85.8,24.59,Low,Unhealthy,Yes,Normal
47,F,182.9,91.1,27.23,Low,Healthy,No,Overweight
48,M,161.1,70.1,27.01,Low,Healthy,Yes,Overweight
34,F,150.2,47.3,20.97,Low,Unhealthy,No,Normal
28,F,148.6,60.9,27.59,Low,Unhealthy,Yes,Overweight
37,M,149.7,71.2,31.76,Moderate,Moderate,Yes,Obese Type I
26,F,174.1,99.6,32.83,Low,Unhealthy,Yes,Obese Type I
19,F,147.6,97.2,44.62,Low,Healthy,No,Obese Type III
54,F,161.8,130.6,49.85,Low,Moderate,Yes,Obese Type III
18,F,182.7,94.1,28.21,Moderate,Unhealthy,No,Overweight
21,M,159.7,46.4,18.18,High,Unhealthy,Yes,Underweight
53,F,183.2,74.2,22.1,Moderate,Moderate,Yes,Normal
42,F,182.3,70.6,21.25,Moderate,Moderate,No,Normal
20,M,157.3,72.9,29.45,Low,Moderate,Yes,Overweight
26,F,181.4,98.2,29.84,Moderate,Unhealthy,Yes,Overweight
39,M,182.4,85.8,25.79,Low,Unhealthy,No,Overweight
40,M,164.9,62.7,23.08,High,Moderate,No,Normal
29,M,155.5,39.0,16.11,Moderate,Moderate,No,Underweight
27,F,171.1,62.2,21.27,Low,Unhealthy,No,Normal
51,M,191.1,117.7,32.25,High,Unhealthy,Yes,Obese Type I
60,M,177.0,63.0,20.11,High,Moderate,Yes,Normal
27,M,153.6,44.7,18.95,Moderate,Moderate,Yes,Normal
47,F,179.1,89.8,27.98,Low,Unhealthy,Yes,Overweight
39,F,166.4,43.6,15.77,Moderate,Moderate,Yes,Underweight
23,F,174.6,81.2,26.64,Low,Unhealthy,Yes,Overweight
19,F,181.7,88.1,26.7,Low,Moderate,Yes,Overweight
47,F,170.7,84.3,28.91,Low,Moderate,Yes,Overweight
19,F,185.7,77.5,22.46,Moderate,Moderate,Yes,Normal
49,F,181.1,86.9,26.49,Moderate,Unhealthy,Yes,Overweight
59,M,175.8,101.0,32.7,Low,Unhealthy,Yes,Obese Type I
33,M,152.5,65.8,28.27,High,Unhealthy,No,Overweight
29,M,186.8,138.8,39.77,Low,Healthy,Yes,Obese Type II
18,M,191.8,107.7,29.28,Low,Unhealthy,Yes,Overweight
25,F,151.8,37.7,16.33,Moderate,Unhealthy,Yes,Underweight
30,M,169.4,54.8,19.1,High,Unhealthy,No,Normal
32,M,157.9,71.5,28.66,High,Moderate,No,Overweight
61,M,182.7,94.4,28.28,Moderate,Moderate,Yes,Overweight
25,M,181.1,89.0,27.14,Low,Unhealthy,No,Overweight
27,F,152.0,48.4,20.95,High,Moderate,No,Normal
63,F,188.9,80.7,22.64,High,Unhealthy,No,Normal
22,F,154.0,45.3,19.09,Low,Moderate,No,Normal
36,M,184.9,111.7,32.68,Moderate,Unhealthy,No,Obese Type I
64,F,167.8,72.5,25.75,Moderate,Unhealthy,Yes,Overweight
55,M,161.4,75.2,28.87,Moderate,Moderate,Yes,Overweight
28,F,152.9,89.9,38.44,High,Moderate,No,Obese Type II
60,F,153.4,39.9,16.95,Low,Moderate,No,Underweight
37,F,178.1,65.1,20.52,Moderate,Moderate,No,Normal
37,F,172.5,69.8,23.46,Low,Unhealthy,Yes,Normal
38,F,151.1,63.9,28.0,Moderate,Unhealthy,Yes,Overweight
35,M,150.6,70.7,31.16,Moderate,Moderate,No,Obese Type I
27,F,148.6,62.1,28.1,Low,Healthy,No,Overweight
51,M,182.2,95.9,28.88,Low,Healthy,No,Overweight
43,M,180.6,76.4,23.43,High,Moderate,No,Normal
47,M,147.9,61.9,28.28,Moderate,Moderate,Yes,Overweight
26,M,173.0,88.7,29.65,Moderate,Moderate,No,Overweight
63,M,149.2,50.8,22.82,Low,Moderate,No,Normal
48,F,190.2,93.5,25.85,Moderate,Moderate,No,Overweight
59,F,190.4,63.5,17.52,Moderate,Unhealthy,No,Underweight
21,F,179.9,63.7,19.69,High,Unhealthy,No,Normal
23,F,191.3,177.9,48.61,Low,Unhealthy,Yes,Obese Type III
31,M,185.6,76.7,22.28,Moderate,Moderate,Yes,Normal
21,F,186.4,101.3,29.14,Low,Moderate,Yes,Overweight
43,F,173.5,102.6,34.08,Low,Moderate,No,Obese Type I
64,M,160.3,58.1,22.6,Moderate,Healthy,Yes,Normal
56,M,155.9,34.8,14.3,Low,Healthy,Yes,Underweight
34,F,161.4,78.4,30.12,Low,Unhealthy,No,Obese Type I
36,F,176.4,90.6,29.12,Moderate,Moderate,Yes,Overweight
23,M,153.6,44.3,18.79,Moderate,Moderate,Yes,Normal
46,F,157.9,86.2,34.56,Moderate,Healthy,No,Obese Type I
28,F,168.4,93.1,32.83,Moderate,Unhealthy,No,Obese Type I
33,F,156.7,45.6,18.6,Moderate,Unhealthy,No,Normal
47,F,174.4,94.7,31.13,Low,Moderate,No,Obese Type I
42,M,191.2,136.2,37.29,Low,Healthy,No,Obese Type II
57,M,182.4,95.5,28.69,Moderate,Healthy,Yes,Overweight
28,M,178.3,105.4,33.15,Low,Moderate,No,Obese Type I
24,F,174.1,157.0,51.79,High,Healthy,Yes,Obese Type III
43,F,169.4,143.2,49.89,Moderate,Unhealthy,Yes,Obese Type III
39,F,154.3,79.2,33.25,Low,Moderate,Yes,Obese Type I
42,F,189.7,72.9,20.24,Moderate,Moderate,Yes,Normal
36,F,157.4,36.2,14.6,High,Unhealthy,Yes,Underweight
48,M,149.6,57.5,25.72,Low,Unhealthy,Yes,Overweight
43,F,182.5,165.4,49.67,Low,Healthy,No,Obese Type III
59,F,153.8,35.7,15.1,High,Moderate,No,Underweight
58,M,163.6,104.2,38.93,Low,Healthy,Yes,Obese Type II
53,F,146.4,111.4,51.97,Low,Unhealthy,No,Obese Type III
40,M,151.9,103.6,44.92,Low,Moderate,No,Obese Type III
64,M,153.7,55.1,23.35,Moderate,Moderate,No,Normal
30,M,147.7,51.6,23.66,Moderate,Healthy,No,Normal
42,M,177.8,91.4,28.89,Moderate,Unhealthy,Yes,Overweight
19,M,186.9,75.9,21.75,High,Moderate,No,Normal
19,F,163.7,79.3,29.62,Moderate,Unhealthy,No,Overweight
33,M,188.7,87.2,24.49,High,Moderate,No,Normal
26,M,155.7,93.5,38.58,Moderate,Unhealthy,Yes,Obese Type II
45,F,161.3,85.7,32.97,Low,Unhealthy,Yes,Obese Type I
30,F,152.5,45.9,19.71,High,Moderate,No,Normal
52,M,176.0,119.5,38.55,Low,Moderate,Yes,Obese Type II
58,F,166.0,61.8,22.44,Moderate,Unhealthy,No,Normal
30,F,175.7,79.5,25.78,Low,Unhealthy,No,Overweight
48,M,183.1,88.4,26.38,Moderate,Healthy,Yes,Overweight
38,M,172.3,47.7,16.05,High,Unhealthy,No,Underweight
49,F,176.4,78.5,25.23,Low,Unhealthy,No,Overweight
51,M,191.8,96.6,26.26,Low,Unhealthy,Yes,Overweight
25,M,160.0,37.2,14.55,Low,Healthy,No,Underweight
58,F,163.0,52.2,19.67,Moderate,Unhealthy,No,Normal
19,M,180.9,121.6,37.15,Low,Healthy,No,Obese Type II
55,M,175.6,59.0,19.14,Moderate,Healthy,No,Normal
49,M,153.9,55.9,23.61,Low,Moderate,Yes,Normal
57,M,163.8,52.4,19.52,Low,Unhealthy,Yes,Normal
45,M,168.4,78.6,27.72,Moderate,Moderate,No,Overweight
54,F,166.0,46.2,16.76,Moderate,Moderate,No,Underweight
58,F,153.9,44.0,18.56,Low,Moderate,Yes,Normal
18,M,191.2,122.5,33.49,Moderate,Healthy,No,Obese Type I
58,F,183.1,89.4,26.68,High,Unhealthy,No,Overweight
27,M,169.1,76.9,26.9,Low,Moderate,Yes,Overweight
21,M,179.0,105.3,32.86,Low,Unhealthy,No,Obese Type I
52,M,189.9,60.7,16.83,Moderate,Moderate,Yes,Underweight
27,M,151.8,73.3,31.82,Low,Moderate,No,Obese Type I
64,M,157.5,97.1,39.13,Low,Unhealthy,No,Obese Type II
28,F,172.1,72.0,24.29,Moderate,Unhealthy,Yes,Normal
31,F,185.0,97.6,28.55,Low,Unhealthy,No,Overweight
55,M,146.8,80.8,37.48,Low,Moderate,No,Obese Type II
29,F,194.2,91.9,24.36,High,Healthy,No,Normal
62,M,167.7,56.7,20.14,Low,Moderate,Yes,Normal
34,F,163.0,63.7,24.0,High,Moderate,No,Normal
33,M,159.6,108.7,42.64,Low,Unhealthy,Yes,Obese Type III
52,F,153.7,85.7,36.27,High,Unhealthy,No,Obese Type II
19,M,184.6,160.7,47.17,Moderate,Unhealthy,No,Obese Type III
28,M,192.8,52.6,14.15,Low,Moderate,Yes,Underweight
58,F,165.7,54.1,19.7,Moderate,Moderate,Yes,Normal
20,F,192.6,115.4,31.09,High,Healthy,No,Obese Type I
46,M,186.2,165.1,47.63,Low,Moderate,No,Obese Type III
35,F,169.1,88.8,31.07,Moderate,Moderate,No,Obese Type I
37,M,178.7,122.2,38.27,Moderate,Unhealthy,No,Obese Type II
64,F,166.7,110.4,39.69,Moderate,Unhealthy,No,Obese Type II
31,F,172.9,57.2,19.12,Moderate,Unhealthy,Yes,Normal
51,M,147.9,85.8,39.24,Low,Moderate,Yes,Obese Type II
48,F,179.8,86.6,26.79,Low,Moderate,Yes,Overweight
57,F,147.6,68.7,31.5,Moderate,Unhealthy,Yes,Obese Type I
59,M,185.9,74.7,21.62,High,Moderate,No,Normal
35,F,186.2,74.9,21.6,Low,Moderate,No,Normal
47,M,156.9,123.2,50.08,Moderate,Unhealthy,No,Obese Type III
42,M,161.2,129.1,49.68,Low,Moderate,No,Obese Type III
36,M,169.1,67.7,23.7,Moderate,Moderate,No,Normal
25,M,174.8,157.0,51.36,Moderate,Unhealthy,Yes,Obese Type III
45,M,159.4,78.8,31.04,Moderate,Moderate,Yes,Obese Type I
25,F,174.6,44.7,14.65,High,Unhealthy,No,Underweight
48,M,159.9,116.4,45.55,Low,Moderate,Yes,Obese Type III
20,M,147.8,81.4,37.28,Low,Healthy,Yes,Obese Type II
20,F,145.1,63.4,30.12,High,Moderate,No,Obese Type I
61,F,150.1,47.9,21.29,Low,Unhealthy,Yes,Normal
39,F,184.6,88.1,25.84,Moderate,Moderate,No,Overweight
34,M,193.1,118.5,31.79,Moderate,Unhealthy,No,Obese Type I
53,M,166.3,98.2,35.48,Moderate,Unhealthy,Yes,Obese Type II
34,M,170.6,91.5,31.44,Low,Moderate,No,Obese Type I
31,F,152.3,74.2,31.97,Low,Unhealthy,No,Obese Type I
26,M,172.6,103.0,34.58,Moderate,Unhealthy,No,Obese Type I
47,F,152.2,32.6,14.05,Low,Moderate,No,Underweight
38,M,175.6,102.2,33.17,Moderate,Moderate,No,Obese Type I
29,F,191.7,79.6,21.66,Moderate,Unhealthy,Yes,Normal
54,M,154.8,35.6,14.85,Low,Moderate,Yes,Underweight
49,M,183.2,97.7,29.09,Low,Healthy,No,Overweight
28,M,146.2,59.6,27.87,High,Unhealthy,Yes,Overweight
37,F,163.8,97.9,36.51,Moderate,Moderate,No,Obese Type II
52,F,150.5,77.6,34.22,Moderate,Moderate,No,Obese Type I
64,M,162.6,55.0,20.78,High,Moderate,No,Normal
63,M,153.7,122.3,51.8,Moderate,Unhealthy,Yes,Obese Type III
28,M,163.7,50.7,18.93,High,Unhealthy,No,Normal
25,F,165.9,57.9,21.05,Low,Moderate,Yes,Normal
21,M,160.0,71.8,28.03,High,Healthy,No,Overweight
44,M,177.8,115.8,36.62,Low,Moderate,No,Obese Type II
61,M,190.9,129.3,35.46,High,Healthy,No,Obese Type II
57,M,165.0,44.2,16.22,High,Moderate,Yes,Underweight
55,F,154.6,37.6,15.73,Low,Healthy,No,Underweight
64,F,158.5,90.9,36.18,Moderate,Moderate,No,Obese Type II
47,M,187.7,110.9,31.48,Moderate,Healthy,Yes,Obese Type I
61,M,173.6,49.6,16.45,Low,Unhealthy,No,Underweight
44,F,167.8,104.1,37.01,Moderate,Healthy,No,Obese Type II
38,F,152.5,68.4,29.41,Low,Unhealthy,No,Overweight
37,M,167.5,86.8,30.95,High,Unhealthy,Yes,Obese Type I
21,F,158.9,82.0,32.46,Low,Moderate,No,Obese Type I
28,F,192.2,119.7,32.42,Moderate,Moderate,No,Obese Type I
30,M,189.2,79.3,22.15,Low,Unhealthy,No,Normal
26,F,149.2,61.3,27.54,Low,Healthy,No,Overweight
21,F,170.8,114.9,39.38,Moderate,Moderate,Yes,Obese Type II
29,M,156.3,66.5,27.23,Moderate,Healthy,Yes,Overweight
26,M,165.5,75.5,27.55,Low,Healthy,Yes,Overweight
30,F,188.8,170.4,47.79,High,Moderate,Yes,Obese Type III
43,M,171.4,64.3,21.9,Low,Unhealthy,No,Normal
55,F,161.7,73.6,28.13,Moderate,Unhealthy,Yes,Overweight
59,M,155.4,62.5,25.87,Moderate,Moderate,No,Overweight
30,F,185.0,53.0,15.49,Moderate,Moderate,No,Underweight
56,M,176.2,78.6,25.3,Low,Moderate,Yes,Overweight
45,F,168.4,104.0,36.69,Moderate,Moderate,Yes,Obese Type II
36,F,155.9,101.7,41.85,Moderate,Unhealthy,No,Obese Type III
41,F,161.7,42.2,16.12,Low,Moderate,Yes,Underweight
36,M,193.0,91.3,24.5,Low,Unhealthy,Yes,Normal
30,M,171.0,46.2,15.82,Low,Healthy,No,Underweight
30,F,165.0,121.5,44.61,Low,Unhealthy,No,Obese Type III
45,F,171.1,44.9,15.33,Low,Moderate,No,Underweight
19,M,183.9,87.7,25.91,Low,Unhealthy,No,Overweight
27,M,162.0,76.4,29.1,Moderate,Moderate,No,Overweight
39,M,153.9,83.5,35.24,Low,Moderate,Yes,Obese Type II
30,M,174.2,61.5,20.26,Low,Unhealthy,No,Normal
26,M,178.3,85.1,26.77,Low,Moderate,No,Overweight
50,M,180.6,125.7,38.51,Moderate,Healthy,No,Obese Type II
31,F,189.1,80.4,22.5,Low,Healthy,No,Normal
37,M,163.6,53.9,20.13,Moderate,Unhealthy,No,Normal
32,F,148.8,43.4,19.61,Moderate,Moderate,No,Normal
49,M,192.9,103.3,27.76,Moderate,Unhealthy,Yes,Overweight
50,M,166.8,69.1,24.84,Low,Unhealthy,Yes,Normal
34,F,176.2,79.1,25.48,Moderate,Moderate,Yes,Overweight
41,F,178.3,70.7,22.24,Low,Unhealthy,Yes,Normal
47,M,172.3,139.2,46.86,High,Moderate,No,Obese Type III
30,F,155.3,109.3,45.33,Moderate,Healthy,Yes,Obese Type III
64,F,182.8,91.7,27.45,Moderate,Unhealthy,No,Overweight
33,F,185.2,109.1,31.8,High,Unhealthy,No,Obese Type I
19,F,172.6,104.8,35.14,Moderate,Moderate,Yes,Obese Type II
34,M,169.4,79.0,27.5,Low,Moderate,Yes,Overweight
49,F,150.7,59.8,26.35,Low,Healthy,Yes,Overweight
60,M,149.2,60.9,27.37,Moderate,Healthy,No,Overweight
25,M,162.0,88.7,33.79,High,Moderate,No,Obese Type I
20,M,160.5,81.6,31.67,High,Unhealthy,Yes,Obese Type I
29,M,192.7,186.3,50.18,Moderate,Moderate,Yes,Obese Type III
37,F,184.2,67.0,19.75,Low,Unhealthy,Yes,Normal
33,F,178.0,67.8,21.4,Moderate,Healthy,Yes,Normal
31,M,170.9,113.3,38.81,Moderate,Unhealthy,No,Obese Type II
33,M,153.4,85.5,36.33,Moderate,Moderate,No,Obese Type II
60,M,193.9,99.2,26.39,Moderate,Unhealthy,No,Overweight
50,M,163.8,61.3,22.88,Moderate,Moderate,No,Normal
47,F,150.3,51.5,22.77,High,Moderate,Yes,Normal
29,M,169.7,83.4,28.97,Moderate,Moderate,No,Overweight
32,F,188.7,83.7,23.51,Low,Moderate,No,Normal
35,M,189.4,180.1,50.21,Low,Moderate,Yes,Obese Type III
45,M,145.5,70.4,33.24,High,Unhealthy,Yes,Obese Type I
40,M,189.3,102.4,28.58,High,Healthy,No,Overweight
31,M,158.6,83.2,33.09,Low,Healthy,Yes,Obese Type I
47,F,146.9,69.5,32.2,Moderate,Unhealthy,No,Obese Type I
50,F,187.4,77.5,22.08,High,Healthy,No,Normal
62,F,188.2,74.2,20.96,High,Healthy,Yes,Normal
32,M,174.8,47.9,15.68,Moderate,Moderate,Yes,Underweight
24,M,173.7,113.7,37.66,Low,Unhealthy,Yes,Obese Type II
32,F,185.7,55.4,16.07,Moderate,Moderate,No,Underweight
59,F,184.3,73.2,21.56,Low,Moderate,Yes,Normal
63,M,189.5,106.2,29.57,High,Moderate,No,Overweight
55,M,172.6,50.7,17.01,Low,Moderate,No,Underweight
63,F,193.4,148.5,39.7,Moderate,Healthy,Yes,Obese Type II
61,M,194.8,83.1,21.9,Moderate,Moderate,No,Normal
28,M,150.8,36.8,16.2,Moderate,Unhealthy,No,Underweight
46,F,187.5,83.9,23.86,Moderate,Moderate,Yes,Normal
48,M,170.0,63.0,21.79,Low,Moderate,No,Normal
42,F,164.4,80.4,29.76,Moderate,Unhealthy,No,Overweight
41,M,175.7,96.9,31.41,Low,Moderate,Yes,Obese Type I
36,F,147.8,42.2,19.32,Low,Unhealthy,Yes,Normal
19,M,170.3,96.8,33.38,High,Healthy,Yes,Obese Type I
39,F,188.5,89.6,25.2,Moderate,Moderate,Yes,Overweight
37,F,155.7,80.3,33.15,Moderate,Moderate,Yes,Obese Type I
50,F,166.3,130.1,47.05,Moderate,Unhealthy,No,Obese Type III
25,F,192.0,77.2,20.94,Moderate,Moderate,Yes,Normal
42,M,166.4,64.1,23.13,Moderate,Moderate,Yes,Normal
63,M,162.9,82.2,30.98,Moderate,Moderate,Yes,Obese Type I
26,F,167.0,53.0,18.99,High,Healthy,No,Normal
51,M,171.0,125.1,42.8,Moderate,Moderate,Yes,Obese Type III
40,M,176.6,63.3,20.3,Moderate,Moderate,Yes,Normal
22,M,185.0,97.6,28.5,Moderate,Unhealthy,No,Overweight
42,M,167.6,100.8,35.89,Low,Moderate,No,Obese Type II
25,M,185.9,109.6,31.73,Moderate,Healthy,No,Obese Type I
33,F,171.7,128.5,43.59,High,Moderate,Yes,Obese Type III
62,F,161.9,42.7,16.27,Low,Moderate,Yes,Underweight
32,F,177.9,59.4,18.78,Low,Healthy,Yes,Normal
18,F,180.9,109.9,33.59,Moderate,Moderate,No,Obese Type I
39,M,172.9,84.7,28.32,Low,Moderate,Yes,Overweight
20,M,147.8,61.4,28.09,High,Moderate,Yes,Overweight
55,F,153.5,66.6,28.26,Low,Moderate,No,Overweight
31,M,159.3,51.3,20.22,Low,Moderate,Yes,Normal
53,M,159.1,68.8,27.19,High,Moderate,No,Overweight
35,F,178.7,101.5,31.8,Low,Healthy,Yes,Obese Type I
64,M,145.9,42.8,20.11,Moderate,Unhealthy,No,Normal
58,F,182.8,77.5,23.18,High,Unhealthy,No,Normal
35,F,158.3,71.3,28.47,Moderate,Unhealthy,No,Overweight
20,M,160.5,75.6,29.36,Moderate,Moderate,No,Overweight
27,M,171.4,141.1,48.04,Low,Moderate,Yes,Obese Type III
56,F,155.8,91.0,37.49,Low,Unhealthy,No,Obese Type II
64,F,189.2,179.0,49.98,Low,Moderate,Yes,Obese Type III
18,M,149.3,105.8,47.48,Low,Moderate,No,Obese Type III
44,F,167.2,91.3,32.66,Moderate,Moderate,Yes,Obese Type I
44,F,187.5,73.0,20.77,Low,Healthy,Yes,Normal
28,F,175.8,109.0,35.27,Moderate,Moderate,No,Obese Type II
22,M,159.6,68.3,26.83,Low,Unhealthy,Yes,Overweight
24,F,166.0,66.6,24.16,Moderate,Unhealthy,No,Normal
36,M,180.3,123.4,37.93,Low,Moderate,No,Obese Type II
46,F,193.7,80.8,21.54,Low,Moderate,Yes,Normal
32,M,189.7,96.2,26.73,Moderate,Unhealthy,No,Overweight
52,F,162.1,57.8,21.98,Moderate,Unhealthy,Yes,Normal
64,M,194.9,86.3,22.73,High,Moderate,No,Normal
54,M,145.2,44.8,21.26,High,Moderate,No,Normal
29,M,146.4,39.4,18.37,Moderate,Moderate,No,Underweight
47,F,186.2,87.1,25.12,Moderate,Unhealthy,No,Overweight
37,F,155.0,70.3,29.26,Low,Moderate,Yes,Overweight
54,F,148.0,73.3,33.43,Low,Moderate,Yes,Obese Type I
20,M,156.9,55.9,22.71,High,Healthy,Yes,Normal
26,F,166.3,90.7,32.8,Low,Moderate,No,Obese Type I
58,M,181.5,119.8,36.36,Low,Moderate,Yes,Obese Type II
56,F,176.2,74.7,24.07,Low,Moderate,No,Normal
43,M,156.9,61.5,25.01,Low,Moderate,No,Overweight
19,M,170.2,69.5,23.99,Moderate,Unhealthy,Yes,Normal
40,M,191.3,51.3,14.01,Low,Healthy,Yes,Underweight
40,F,185.8,84.0,24.35,Moderate,Moderate,Yes,Normal
38,F,161.2,120.1,46.23,Low,Moderate,No,Obese Type III
33,F,194.1,100.3,26.63,Moderate,Healthy,Yes,Overweight
26,M,180.4,77.2,23.72,Moderate,Healthy,Yes,Normal
30,M,148.1,47.4,21.62,Low,Moderate,No,Normal
45,F,146.8,54.9,25.51,Moderate,Unhealthy,Yes,Overweight
44,F,153.4,65.5,27.83,Low,Moderate,Yes,Overweight
34,F,181.4,102.5,31.15,Moderate,Healthy,No,Obese Type I
55,M,154.2,52.6,22.14,Moderate,Unhealthy,No,Normal
53,M,170.6,124.0,42.61,High,Healthy,No,Obese Type III
18,M,149.7,108.8,48.57,Low,Unhealthy,Yes,Obese Type III
35,M,191.0,129.3,35.44,Low,Moderate,Yes,Obese Type II
26,M,162.2,49.6,18.87,Low,Moderate,No,Normal
30,F,190.4,89.8,24.78,Low,Unhealthy,Yes,Normal
57,M,192.2,81.7,22.1,Low,Healthy,No,Normal
62,M,145.3,36.2,17.14,Low,Moderate,Yes,Underweight
32,M,168.2,54.7,19.33,Moderate,Unhealthy,Yes,Normal
60,M,146.2,50.1,23.43,High,Moderate,Yes,Normal
61,M,190.4,72.4,19.97,Low,Moderate,No,Normal
63,F,170.9,53.3,18.26,High,Unhealthy,No,Underweight
21,M,148.7,63.1,28.53,High,Healthy,Yes,Overweight
50,M,150.5,69.6,30.71,High,Unhealthy,No,Obese Type I
41,M,164.2,69.1,25.64,High,Unhealthy,Yes,Overweight
53,F,192.0,102.4,27.79,Moderate,Unhealthy,No,Overweight
58,F,179.6,82.6,25.58,Moderate,Unhealthy,Yes,Overweight
27,F,188.4,62.1,17.51,Moderate,Moderate,Yes,Underweight
53,M,163.3,81.1,30.4,Moderate,Healthy,Yes,Obese Type I
37,F,147.2,52.4,24.21,High,Unhealthy,Yes,Normal
58,M,193.7,130.9,34.88,Low,Unhealthy,Yes,Obese Type I
62,M,145.9,46.0,21.62,Low,Unhealthy,Yes,Normal
61,F,192.4,83.2,22.49,Moderate,Moderate,Yes,Normal
28,M,163.4,51.6,19.31,Moderate,Moderate,No,Normal
29,M,145.5,36.1,17.05,High,Moderate,No,Underweight
35,M,179.5,90.3,28.03,Low,Unhealthy,No,Overweight
47,F,194.0,145.4,38.63,Moderate,Moderate,Yes,Obese Type II
61,M,193.3,111.4,29.82,Low,Moderate,Yes,Overweight
54,M,153.0,59.8,25.55,High,Moderate,No,Overweight
37,F,154.1,95.6,40.27,Low,Moderate,No,Obese Type III
42,M,173.3,79.6,26.51,High,Moderate,No,Overweight
29,M,176.9,86.8,27.74,Low,Moderate,No,Overweight
38,F,182.0,73.1,22.06,Low,Unhealthy,No,Normal
42,M,154.1,74.3,31.31,Low,Moderate,No,Obese Type I
28,M,193.0,75.3,20.22,Low,Moderate,No,Normal
26,M,176.9,120.7,38.55,Moderate,Unhealthy,No,Obese Type II
42,M,187.4,125.8,35.83,Low,Moderate,No,Obese Type II
52,M,172.0,43.0,14.53,Moderate,Healthy,Yes,Underweight
49,F,165.7,60.2,21.91,Low,Moderate,Yes,Normal
31,F,193.9,166.4,44.29,High,Moderate,Yes,Obese Type III
18,F,174.1,122.6,40.46,Low,Moderate,Yes,Obese Type III
34,F,188.3,149.6,42.17,Low,Moderate,Yes,Obese Type III
42,M,192.7,151.0,40.67,Moderate,Moderate,Yes,Obese Type III
25,M,178.8,135.5,42.41,High,Moderate,Yes,Obese Type III
22,M,172.4,64.4,21.64,High,Moderate,No,Normal
22,M,145.2,48.0,22.77,High,Unhealthy,Yes,Normal
58,M,147.0,102.2,47.28,Low,Moderate,No,Obese Type III
52,F,155.0,73.2,30.43,High,Unhealthy,Yes,Obese Type I
36,F,154.3,64.8,27.22,Moderate,Healthy,No,Overweight
40,M,157.7,91.8,36.9,High,Unhealthy,No,Obese Type II
26,M,160.2,79.9,31.12,Low,Unhealthy,Yes,Obese Type I
47,M,163.0,55.6,20.91,High,Moderate,No,Normal
33,F,166.0,55.5,20.12,Moderate,Healthy,Yes,Normal
50,M,149.9,39.8,17.68,Moderate,Moderate,No,Underweight
19,M,147.1,38.8,17.9,Moderate,Moderate,No,Underweight
31,M,178.7,60.4,18.92,Moderate,Moderate,Yes,Normal
63,F,171.9,81.1,27.46,Moderate,Moderate,Yes,Overweight
18,M,167.2,77.8,27.82,Low,Healthy,Yes,Overweight
43,F,176.7,71.0,22.74,Moderate,Unhealthy,No,Normal
42,F,186.4,92.5,26.64,Moderate,Healthy,No,Overweight
33,F,166.4,106.8,38.57,Moderate,Healthy,Yes,Obese Type II
32,F,177.1,75.0,23.92,Low,Healthy,No,Normal
43,F,192.7,172.4,46.44,High,Moderate,Yes,Obese Type III
64,F,187.0,85.2,24.36,Moderate,Healthy,Yes,Normal
61,M,166.3,52.0,18.81,Low,Unhealthy,No,Normal
33,M,177.2,72.7,23.15,Moderate,Moderate,No,Normal
31,M,153.9,112.8,47.65,Low,Moderate,Yes,Obese Type III
46,F,173.0,123.1,41.11,Low,Unhealthy,No,Obese Type III
41,M,194.1,62.7,16.66,Moderate,Moderate,Yes,Underweight
64,F,170.9,134.5,46.03,Moderate,Unhealthy,Yes,Obese Type III
32,F,191.4,54.8,14.97,Low,Unhealthy,Yes,Underweight
36,F,165.4,56.5,20.66,Low,Moderate,No,Normal
25,M,194.9,68.3,17.98,High,Healthy,No,Underweight
51,F,174.0,85.6,28.29,Low,Moderate,Yes,Overweight
19,F,147.1,30.8,14.24,Low,Healthy,No,Underweight
44,M,174.3,89.2,29.35,High,Moderate,No,Overweight
27,M,158.7,73.8,29.3,Low,Healthy,No,Overweight
52,F,146.6,76.0,35.37,Moderate,Moderate,No,Obese Type II
40,F,186.0,78.6,22.71,Low,Healthy,Yes,Normal
25,M,158.8,66.6,26.42,Moderate,Unhealthy,Yes,Overweight
45,M,184.8,92.9,27.18,Low,Healthy,No,Overweight
40,M,159.4,104.8,41.24,High,Moderate,Yes,Obese Type III
21,F,154.7,52.5,21.94,Moderate,Moderate,Yes,Normal
31,M,193.7,124.1,33.09,Moderate,Moderate,Yes,Obese Type I
59,M,163.1,131.8,49.55,High,Healthy,No,Obese Type III
46,M,175.1,79.8,26.05,High,Healthy,Yes,Overweight
18,F,175.5,87.5,28.4,Low,Unhealthy,Yes,Overweight
21,M,173.0,118.9,39.7,High,Unhealthy,Yes,Obese Type II
49,M,190.7,100.3,27.58,Low,Unhealthy,No,Overweight
50,M,178.7,45.7,14.32,Moderate,Unhealthy,No,Underweight
43,M,165.2,51.4,18.85,Low,Unhealthy,Yes,Normal
34,M,188.1,94.3,26.65,Moderate,Moderate,No,Overweight
56,F,154.1,65.6,27.62,Low,Moderate,No,Overweight
40,F,172.2,81.0,27.31,Moderate,Moderate,No,Overweight
49,F,192.5,91.2,24.6,Moderate,Moderate,Yes,Normal
32,M,176.3,56.3,18.13,Low,Moderate,No,Underweight
30,F,185.8,75.2,21.78,Moderate,Unhealthy,No,Normal
19,F,177.7,59.8,18.95,High,Moderate,Yes,Normal
36,F,187.0,100.1,28.63,Moderate,Moderate,Yes,Overweight
41,M,192.2,81.7,22.1,Moderate,Moderate,Yes,Normal
62,M,158.6,52.8,20.99,High,Moderate,No,Normal
41,F,153.5,118.4,50.27,Moderate,Unhealthy,No,Obese Type III
28,F,169.2,74.9,26.17,Low,Healthy,Yes,Overweight
39,M,180.1,79.8,24.61,Moderate,Moderate,Yes,Normal
32,M,156.4,57.9,23.67,Low,Moderate,No,Normal
27,F,145.2,52.3,24.81,Moderate,Unhealthy,No,Normal
58,M,162.1,54.6,20.75,High,Unhealthy,No,Normal
44,F,193.4,111.2,29.71,Low,Unhealthy,No,Overweight
26,M,179.7,156.7,48.49,Moderate,Unhealthy,Yes,Obese Type III
45,F,165.1,89.3,32.76,Moderate,Unhealthy,Yes,Obese Type I
18,F,154.6,81.8,34.21,Low,Unhealthy,No,Obese Type I
34,M,162.8,74.3,28.04,Moderate,Moderate,Yes,Overweight
48,F,153.5,65.4,27.76,Moderate,Moderate,Yes,Overweight
61,F,150.3,83.0,36.74,Low,Moderate,Yes,Obese Type II
27,F,190.3,77.6,21.42,High,Moderate,No,Normal
